{"type":"FeatureCollection","features":[{"type":"Feature","geometry":{"type":"Polygon","coordinates":[[[-81.983087637023303,29.044077581590226],[-81.983086941324032,29.04428884389101],[-81.983472189125166,29.044231044674266],[-81.983468073679518,29.044193042707168],[-81.983468339341016,29.044027289708545],[-81.983087804491149,29.044026580053568],[-81.983087637023303,29.044077581590226]]]},"properties":{"PARCEL":"4508-309-015"}},{"type":"Feature","geometry":{"type":"Polygon","coordinates":[[[-81.987646816021282,29.046180182208904],[-81.988007051520455,29.046289484930973],[-81.988129620701429,29.04597754954349],[-81.987981704153228,29.045932676684416],[-81.987981713268653,29.045854021070415],[-81.987646856933182,29.045853971739554],[-81.987646816021282,29.046180182208904]]]},"properties":{"PARCEL":"4511-007-000"}},{"type":"Feature","geometry":{"type":"Polygon","coordinates":[[[-81.989128094167071,29.049705362728613],[-81.989127736875361,29.049636361551251],[-81.989127378560369,29.04956733059775],[-81.989126998118806,29.049493881164487],[-81.988803317102366,29.049486953910883],[-81.988803949867773,29.049560849995984],[-81.988804556281195,29.049631551998125],[-81.988805101827666,29.04969537769993],[-81.988805692990653,29.049764684770746],[-81.988806286220296,29.049833879055736],[-81.988806862192263,29.049901240802946],[-81.98880743713795,29.04996860435395],[-81.989129506257257,29.049977791684363],[-81.989129143941028,29.049907726718438],[-81.989128802746819,29.049841878119292],[-81.989128436384817,29.049771234788537],[-81.989128094167071,29.049705362728613]]]},"properties":{"PARCEL":"3934-003-075"}},{"type":"Feature","geometry":{"type":"Polygon","coordinates":[[[-81.983657440181886,29.043194623603227],[-81.98365716560167,29.043366783735468],[-81.983658315789398,29.043378538822136],[-81.983661768059847,29.043389940493768],[-81.983667417737252,29.043400643162997],[-81.983675094428833,29.043410321986833],[-81.983684566129966,29.04341868459699],[-81.983695543330313,29.043425477416299],[-81.983707695440799,29.043430493781472],[-81.983720653872894,29.043433582063884],[-81.983734025386099,29.043434648378248],[-81.984031593657676,29.043435536744838],[-81.984031321582606,29.043195331754848],[-81.983657440181886,29.043194623603227]]]},"properties":{"PARCEL":"4508-308-001"}},{"type":"Feature","geometry":{"type":"Polygon","coordinates":[[[-81.987736538497202,29.052079169215649],[-81.988056641511662,29.052079161976359],[-81.988056307967312,29.052015159465824],[-81.98805593419921,29.051943777185468],[-81.988055577548977,29.051875339052508],[-81.988055185723354,29.051800268239532],[-81.987736013326412,29.05178778346394],[-81.987736160786426,29.05186935700312],[-81.987736287973377,29.051940018339202],[-81.987736418054396,29.052012257766243],[-81.987736538497202,29.052079169215649]]]},"properties":{"PARCEL":"3934-002-005"}},{"type":"Feature","geometry":{"type":"Polygon","coordinates":[[[-81.984594144359036,29.043196392711366],[-81.984594253323252,29.043368352582974],[-81.984595449789467,29.043380326921774],[-81.984598988380938,29.043391937908996],[-81.984604762366033,29.043402834543986],[-81.984612597242617,29.043412687473037],[-81.984622255870406,29.043421198915237],[-81.984633445656925,29.043428111685941],[-81.984645829850891,29.043433217318828],[-81.984659032675538,29.043436359675653],[-81.984672655755574,29.043437445775528],[-81.984957099821159,29.043438294501801],[-81.984957403822321,29.043197074509035],[-81.984594144359036,29.043196392711366]]]},"properties":{"PARCEL":"4508-307-013"}},{"type":"Feature","geometry":{"type":"Polygon","coordinates":[[[-81.971708535373637,29.045850991506093],[-81.971420571055702,29.045850336832601],[-81.971415057622394,29.046876729317816],[-81.976701789799108,29.046888757486951],[-81.97672293999662,29.046833872584834],[-81.972266464357361,29.046827105440347],[-81.972278540426487,29.045852288755324],[-81.971708535373637,29.045850991506093]]]},"properties":{"PARCEL":"45110-015-00"}},{"type":"Feature","geometry":{"type":"Polygon","coordinates":[[[-81.98879509552134,29.048524626485129],[-81.988795683640021,29.048593477915116],[-81.988796301152718,29.048665889753959],[-81.98912274173405,29.04867313846097],[-81.989122381419477,29.048603653649295],[-81.989122026172168,29.048534810360191],[-81.989121674893639,29.048467291621598],[-81.988794531734612,29.048458667774561],[-81.98879509552134,29.048524626485129]]]},"properties":{"PARCEL":"3934-003-060"}},{"type":"Feature","geometry":{"type":"Polygon","coordinates":[[[-81.987312072853044,29.045221384198882],[-81.987646933306152,29.04522143436445],[-81.987981799920661,29.045221483695602],[-81.98798183487142,29.044946467819152],[-81.987646966064673,29.044946417585777],[-81.987312106499573,29.044946367420561],[-81.987312072853044,29.045221384198882]]]},"properties":{"PARCEL":"4511-013-000"}},{"type":"Feature","geometry":{"type":"Polygon","coordinates":[[[-81.986218753781174,29.044651744548798],[-81.985860632387357,29.044651050461617],[-81.985860182722078,29.044748460899587],[-81.985859426228046,29.044912312723984],[-81.986218097855968,29.0449130077733],[-81.986218753781174,29.044651744548798]]]},"properties":{"PARCEL":"4508-309-034"}},{"type":"Feature","geometry":{"type":"Polygon","coordinates":[[[-81.984486904124182,29.043601903471234],[-81.98421462587541,29.043601093075342],[-81.984213032767371,29.043935419505683],[-81.984485309810722,29.043936427504864],[-81.984486904124182,29.043601903471234]]]},"properties":{"PARCEL":"4508-310-009"}},{"type":"Feature","geometry":{"type":"Polygon","coordinates":[[[-81.989129506257257,29.049977791684363],[-81.98880743713795,29.04996860435395],[-81.988808027298504,29.050037713822007],[-81.988808589077593,29.05010340183215],[-81.988809199522578,29.050174863550691],[-81.988809767396219,29.050241181353087],[-81.989130923370666,29.050251347580183],[-81.989130557008053,29.050180683501274],[-81.98913021684055,29.050114819566065],[-81.989129859546921,29.05004581027238],[-81.989129506257257,29.049977791684363]]]},"properties":{"PARCEL":"3934-003-082"}},{"type":"Feature","geometry":{"type":"Polygon","coordinates":[[[-81.985317850065456,29.042950232531801],[-81.984957716949239,29.042949557473122],[-81.984957403822321,29.043197074509035],[-81.985317686679949,29.043197749585119],[-81.985317850065456,29.042950232531801]]]},"properties":{"PARCEL":"4508-307-011"}},{"type":"Feature","geometry":{"type":"Polygon","coordinates":[[[-81.978939512396209,29.045487823963075],[-81.979286441501799,29.045488436432152],[-81.979286778060384,29.04534564478498],[-81.979285400044333,29.045335662615461],[-81.979282094667056,29.045326036550378],[-81.979276959417462,29.045317051726105],[-81.979270146208165,29.045308973437077],[-81.979261857269421,29.045302042623799],[-81.979252337963857,29.045296463239907],[-81.979241871652974,29.04529240044673],[-81.978939185822938,29.045199890965975],[-81.978939512396209,29.045487823963075]]]},"properties":{"PARCEL":"4505-001-001"}},{"type":"Feature","geometry":{"type":"Polygon","coordinates":[[[-81.988043390375751,29.04953715636206],[-81.987731933583149,29.049531748862137],[-81.987732060685659,29.049603080618684],[-81.987732181224303,29.049669139435213],[-81.987732307484123,29.049738917459866],[-81.987732429832917,29.049807037088321],[-81.98804483100885,29.049813374022012],[-81.988044477397821,29.049745416784116],[-81.988044117720463,29.049676642077099],[-81.988043782191554,29.04961216945431],[-81.988043390375751,29.04953715636206]]]},"properties":{"PARCEL":"3934-002-038"}},{"type":"Feature","geometry":{"type":"Polygon","coordinates":[[[-81.991797482751579,29.044457806026927],[-81.991374980498492,29.044457779558947],[-81.991374130173924,29.044657073098662],[-81.991373984583817,29.044691540304854],[-81.991796484708885,29.044691566775956],[-81.991797482751579,29.044457806026927]]]},"properties":{"PARCEL":"45146-001-13"}},{"type":"Feature","geometry":{"type":"Polygon","coordinates":[[[-81.98930693064662,29.043296441932409],[-81.989307324530756,29.043021426004607],[-81.988964771427618,29.04302139829646],[-81.988964739085915,29.043296414252811],[-81.98930693064662,29.043296441932409]]]},"properties":{"PARCEL":"4511-059-000"}},{"type":"Feature","geometry":{"type":"Polygon","coordinates":[[[-81.988506089509443,29.048451063320957],[-81.988794531734612,29.048458667774561],[-81.988793972009347,29.048393139452436],[-81.988793381841887,29.048324263658593],[-81.988792788643011,29.048254941233864],[-81.988792173161428,29.048182782029897],[-81.988505359814752,29.048179034066571],[-81.988505543238844,29.048247276425922],[-81.988505722691215,29.048314297995816],[-81.988505914948121,29.048386230690475],[-81.988506089509443,29.048451063320957]]]},"properties":{"PARCEL":"3934-103-052"}},{"type":"Feature","geometry":{"type":"Polygon","coordinates":[[[-81.970648822925611,29.045848579658958],[-81.97064844873114,29.045915434229379],[-81.968688271141986,29.045902981231727],[-81.968679813503783,29.046803566707766],[-81.968691227735178,29.046812977471788],[-81.970636319825218,29.046812382833586],[-81.97063568895932,29.04692985179263],[-81.976680641632399,29.046943644190204],[-81.976701789799108,29.046888757486951],[-81.971415057622394,29.046876729317816],[-81.971420571055702,29.045850336832601],[-81.970648822925611,29.045848579658958]]]},"properties":{"PARCEL":"45110-014-00"}},{"type":"Feature","geometry":{"type":"Polygon","coordinates":[[[-81.979440176814066,29.046635398790528],[-81.979784627968527,29.046636032151557],[-81.979785023620991,29.046444703131844],[-81.979785050148593,29.046429769452072],[-81.979440668474766,29.046429137907548],[-81.979440176814066,29.046635398790528]]]},"properties":{"PARCEL":"4505-002-004"}},{"type":"Feature","geometry":{"type":"MultiPolygon","coordinates":[[[[-81.986598724433861,29.07040090174107],[-81.986509558439323,29.070442764901394],[-81.986422085615033,29.07048730072583],[-81.986337847394822,29.070535666999302],[-81.986255517014229,29.070586505661129],[-81.986141413594964,29.070708933274439],[-81.986027269366474,29.070834954563871],[-81.985920884326703,29.070967599300054],[-81.985825651421067,29.071087504037553],[-81.985797359640245,29.071137642526949],[-81.985774123724966,29.071189748515376],[-81.985756119361241,29.071243427727879],[-81.985787641701734,29.071317341297952],[-81.985823445044659,29.071389734068738],[-81.985843227280995,29.071440853900786],[-81.985857910043933,29.071493283302189],[-81.985867384511963,29.071546631576126],[-81.985869374656701,29.071563768780283],[-81.985874652473484,29.071580359549028],[-81.985883062944566,29.071595921146109],[-81.98589436066716,29.07160999969858],[-81.985908219094441,29.071622187341145],[-81.985924233615847,29.071632127630114],[-81.98594193798769,29.07163953268881],[-81.985960817684443,29.071644185915588],[-81.985979172976712,29.07164574877773],[-81.985997572790055,29.071644668865343],[-81.986015527214462,29.071640975902628],[-81.986032560709774,29.07163476638415],[-81.986160825069732,29.071621315855282],[-81.986288208897619,29.071602478505277],[-81.986414416377514,29.071578294909202],[-81.986543210741303,29.071547769331055],[-81.986670125212441,29.071511677280174],[-81.986794849591604,29.071470106252406],[-81.986915381379987,29.07140466489496],[-81.987024327229989,29.071344448312178],[-81.987080354052154,29.071310083182102],[-81.987134529918819,29.071260580307129],[-81.987171571016248,29.07120643444738],[-81.987204321323546,29.071150194879369],[-81.98723263086444,29.071092123253063],[-81.98725636506822,29.071032491144589],[-81.987277969264767,29.070963553620135],[-81.987313126450957,29.070885284192986],[-81.987351526848826,29.070808198852202],[-81.987405373084712,29.070729710100352],[-81.987436376201188,29.070689675249824],[-81.987504622848149,29.07062522727492],[-81.987575069114143,29.070562630946153],[-81.987734419414124,29.070471890705594],[-81.987830769559835,29.070426074495998],[-81.987923508149294,29.070374829777496],[-81.987989935566617,29.070335497246074],[-81.988058449548632,29.070299035018827],[-81.988106335915006,29.070275838050705],[-81.988169472685186,29.070253432807412],[-81.988234506867116,29.070235696998029],[-81.988300985530415,29.07022275238814],[-81.988352455690944,29.070194723034188],[-81.98840092216696,29.070162829839198],[-81.988441990852422,29.07012173905278],[-81.988486425825542,29.070083446511688],[-81.988533978519712,29.070048163324845],[-81.988569089616817,29.070031786333502],[-81.988606668126224,29.070020391028695],[-81.988645800986191,29.07001425072194],[-81.988685545365541,29.070013516013077],[-81.988724938934553,29.070018202159545],[-81.988740284361512,29.070023434865448],[-81.98875453166842,29.070030678659077],[-81.988767338870886,29.070039762079016],[-81.988778403016596,29.070050467650955],[-81.988787460184184,29.070062541812643],[-81.988794295753578,29.070075695817085],[-81.988798746458713,29.07008961836447],[-81.988772776809185,29.070136626772033],[-81.988744907205714,29.070182786872031],[-81.988724601355798,29.070213462677447],[-81.988707158776194,29.070226254634864],[-81.988658452820047,29.070260380159826],[-81.988608141770996,29.070292657661962],[-81.988599729915464,29.070296250727768],[-81.9885918900234,29.070300728978026],[-81.988584738157712,29.07030602384944],[-81.988576896923348,29.070313348791078],[-81.988570485217409,29.070321678993537],[-81.988567084071377,29.070327248476342],[-81.988564311444875,29.070333080575974],[-81.988580447427751,29.070350388576113],[-81.988621040669358,29.070392791949651],[-81.988643188460159,29.070414767042031],[-81.988676572520291,29.070451662273218],[-81.988704223273373,29.070492051542629],[-81.988719801176146,29.070504006253486],[-81.988771448094667,29.070541567974182],[-81.988824736461154,29.070577316229368],[-81.988859461857757,29.070605584830229],[-81.988890976438,29.070636620447939],[-81.988919156998719,29.070670026071518],[-81.988943547544864,29.070705670834908],[-81.988964023842925,29.07074316765199],[-81.988971286993404,29.070782792760607],[-81.988975337039747,29.070827221341407],[-81.988974891694127,29.070871789405974],[-81.988969953042044,29.070916147772209],[-81.988962111318202,29.07094716750008],[-81.988958004901463,29.070978736120665],[-81.988957675940881,29.071010508966967],[-81.988955823816781,29.071052398948702],[-81.988960122698131,29.071094148680604],[-81.988970498718473,29.071135067009841],[-81.988986779412969,29.071174471797512],[-81.989008697824218,29.071211708866969],[-81.989035886338669,29.071246159221673],[-81.98906789414481,29.071277249874257],[-81.989093831547862,29.071294096641097],[-81.989121145392986,29.071309171437395],[-81.989170037961543,29.071330400615093],[-81.989221615849786,29.071345969991022],[-81.989275033813911,29.071355625954038],[-81.989329418868223,29.071359211435919],[-81.989374806474828,29.071357516044017],[-81.989419729258373,29.07135158620224],[-81.989463679843411,29.071341490444496],[-81.989506155985794,29.07132734151736],[-81.989556294704599,29.07130533792742],[-81.989603459526123,29.071278738778648],[-81.989647104025437,29.071247849002457],[-81.989686725937688,29.071213024061759],[-81.989721868185541,29.071174667244009],[-81.989752125042401,29.071133221540975],[-81.989773519024681,29.071096346104262],[-81.989918175134378,29.070796039600147],[-81.98994207375857,29.070750561988877],[-81.989962010164845,29.070703635917994],[-81.989986464643906,29.070676671313258],[-81.990015113229475,29.070653108610227],[-81.990047347863865,29.070633444917249],[-81.990082490659688,29.070618100643959],[-81.990119794929043,29.070607395140225],[-81.990195754040585,29.070607328527437],[-81.990271608058606,29.070610829477744],[-81.990342536542983,29.070612594044849],[-81.990413366940516,29.070608880827791],[-81.990483551823274,29.070599717758554],[-81.990584243657821,29.070560273584263],[-81.990720223071264,29.07050348274521],[-81.990773909701417,29.07049147169008],[-81.990828691751631,29.070484222018056],[-81.990884023863515,29.070481804970868],[-81.990939353493971,29.070484244872148],[-81.991008601941886,29.070482785128672],[-81.99113385837525,29.070477867013519],[-81.99125866747805,29.070467359129839],[-81.991382705709754,29.070451288526492],[-81.991478817784269,29.070433115531543],[-81.991575773737082,29.070418830443746],[-81.991640366123022,29.070409971388763],[-81.991700322181487,29.070404252851642],[-81.991759845043873,29.070395743510076],[-81.991782464807571,29.070393155354118],[-81.991804503468259,29.070387994759468],[-81.991825585120637,29.070380346517876],[-81.991878550764469,29.070365932206002],[-81.991930769887972,29.070349551760881],[-81.991956146140794,29.070334690933098],[-81.991983364682625,29.070322602915976],[-81.992009661785048,29.070299502514928],[-81.992025493534072,29.07028717921817],[-81.992039766339317,29.0702734645118],[-81.992057047942382,29.070251904660076],[-81.992070488564408,29.070228324374966],[-81.992079789298387,29.070203252375894],[-81.992082216774264,29.070195640887576],[-81.992088691113523,29.070183721252192],[-81.992092908077026,29.070171045373151],[-81.992094757747509,29.070157938967132],[-81.99209367371904,29.070151063531934],[-81.992091280196135,29.070144450582994],[-81.992087647003302,29.070138288700775],[-81.992082876831049,29.070132754738079],[-81.992077111398245,29.070128012918047],[-81.992070512966862,29.070124195885267],[-81.992063275638458,29.070121416436034],[-81.992055604814638,29.070119752178464],[-81.992047725412689,29.070119254555792],[-81.992039865433924,29.070119936213381],[-81.991956685577875,29.070119931254965],[-81.991950139346713,29.070118478192231],[-81.991943937243335,29.070116129186065],[-81.991938239480959,29.070112947405754],[-81.991933187785037,29.070109009553587],[-81.991928911554552,29.070104416692811],[-81.991925517592279,29.070099287028555],[-81.991923183545296,29.07009401125865],[-81.991921786176817,29.070088487418175],[-81.991921356288159,29.07008284002357],[-81.991921906193312,29.070077200808459],[-81.991923419449392,29.070071699700115],[-81.991959181298739,29.06986828558912],[-81.991960812580459,29.069863795942833],[-81.99196322233378,29.0698595842453],[-81.991966350982494,29.069855754255034],[-81.991970125599437,29.069852403413922],[-81.991974449637027,29.069849612018995],[-81.99197921627821,29.069847448637063],[-81.991984309463859,29.069845967397971],[-81.99198960594687,29.069845205287741],[-81.991994970157251,29.069845179441636],[-81.992026540059825,29.069847171749721],[-81.992058183076381,29.069846643085071],[-81.992061674999292,29.069846631562005],[-81.992065111503052,29.069846087690514],[-81.992068386801648,29.069845027705362],[-81.992071404351336,29.069843482278436],[-81.992074069660902,29.06984150193178],[-81.992076304671187,29.06983914440676],[-81.992078038511181,29.069836482783835],[-81.992079218796036,29.069833595558315],[-81.992079811626738,29.069830572956132],[-81.992079815760746,29.06977649662408],[-81.992079723780535,29.069770571347476],[-81.992078586272157,29.069764730823515],[-81.992076428900816,29.069759116711523],[-81.992073304035031,29.069753865258861],[-81.992069290746841,29.069749103691507],[-81.992064483514767,29.069744946604555],[-81.99205899941289,29.069741496864722],[-81.992052971949263,29.069738838391839],[-81.992046546958022,29.069737032549536],[-81.992026957657714,29.069732334118981],[-81.992006760133236,29.069730504898995],[-81.991986493572526,29.069731592742333],[-81.99196669922344,29.069735568808369],[-81.991951220267225,29.069742196028248],[-81.991934801733208,29.069746753360118],[-81.991917797956887,29.069749143378768],[-81.991900580730345,29.069749310165044],[-81.99188352081427,29.069747253741298],[-81.991879138706622,29.069744060308206],[-81.991875448868925,29.069740252464339],[-81.991872559131011,29.069735942099005],[-81.991870557807673,29.069731259145854],[-81.991869505482811,29.069726343461976],[-81.99186942987474,29.06972134212069],[-81.991870337133747,29.06971640490077],[-81.99187219849135,29.069711677067545],[-81.991874958476302,29.069707302080069],[-81.991878532861449,29.069703410763758],[-81.991884432630442,29.069697244940645],[-81.991920748878556,29.069653742810061],[-81.991971592790435,29.069593054913806],[-81.992017927151991,29.069529639137869],[-81.992059560919927,29.069463755332112],[-81.992096324619496,29.06939567327252],[-81.992124586923282,29.069362690290667],[-81.992158356851576,29.069333981724039],[-81.992160060139625,29.069327757897373],[-81.99216069532703,29.069321382425279],[-81.992160249052191,29.069314992453567],[-81.992158730547715,29.069308732347491],[-81.992156175749528,29.069302737451125],[-81.992152638053327,29.069297141304904],[-81.992138171736073,29.069264357925682],[-81.992127175839528,29.069230549758458],[-81.992119745852875,29.069195999223187],[-81.992115626324932,29.069156994326303],[-81.992117410171232,29.069117853531573],[-81.992118983921358,29.069113354856675],[-81.992121396731122,29.069109153081069],[-81.992124580807499,29.069105367301695],[-81.992128443709589,29.069102106688906],[-81.992132873484479,29.069099460561819],[-81.992137747909823,29.06909750831381],[-81.992142926278746,29.069096303171118],[-81.992148308967003,29.069095879414547],[-81.992153695702086,29.06909626410074],[-81.992348073386282,29.069093221104392],[-81.992551543743062,29.069084592316869],[-81.992560661816142,29.069082984057523],[-81.992569398946472,29.069080190180756],[-81.992577557940038,29.069076271128491],[-81.992584952897957,29.069071318020814],[-81.992591414352546,29.06906544273118],[-81.992611984444494,29.069040211608822],[-81.992628096369344,29.069012591903629],[-81.992639402951227,29.068983189930293],[-81.992640420052211,29.068978348352328],[-81.992640544672113,29.068973426422517],[-81.992639772694076,29.068968549557503],[-81.992638122595693,29.068963844979827],[-81.992635637503611,29.068959432694964],[-81.99263238211266,29.068955425491431],[-81.992618239341155,29.068949557188507],[-81.992603324123408,29.06894541941428],[-81.992587909642609,29.068943087072867],[-81.992505315004934,29.068930332370034],[-81.992421975461056,29.068922119651223],[-81.992338215538595,29.06891847600189],[-81.992254360792728,29.068919418583405],[-81.992194667832223,29.068948204169505],[-81.992189594087804,29.068951269821387],[-81.992185158075102,29.068955022145179],[-81.992181477909782,29.068959360092464],[-81.992178653222325,29.068964168177317],[-81.992176758995456,29.068969317378123],[-81.992175846591238,29.068974667844518],[-81.992175938615205,29.068980077017663],[-81.992178569342499,29.068986920963731],[-81.992182225071588,29.068993393230123],[-81.992186837000787,29.068999373809547],[-81.992192322976166,29.069004754423528],[-81.992194416973788,29.06900623518656],[-81.992196212085659,29.069007992029803],[-81.992197657990587,29.069009982543221],[-81.992198716692613,29.06901215258782],[-81.99219935943924,29.069014446220567],[-81.992199571856716,29.069016800281073],[-81.992199344706506,29.069019152511462],[-81.992201321202558,29.069026223793522],[-81.99220210530622,29.06903347185316],[-81.992201681623371,29.069040744204166],[-81.992201658889286,29.069042597485669],[-81.992201276697827,29.069044418264202],[-81.992200546350077,29.06904615691505],[-81.992199487363607,29.069047759302528],[-81.992198133633821,29.069049179412364],[-81.992196525217793,29.069050376644213],[-81.992194706280671,29.069051313104964],[-81.992192732283669,29.069051965338488],[-81.992190658688216,29.0690523089865],[-81.992188550197454,29.069052338639047],[-81.992186468433317,29.069052051592905],[-81.992175311751211,29.069053067812433],[-81.992164105881898,29.069052625041643],[-81.992153099365922,29.069050732317844],[-81.992142529443953,29.069047432964414],[-81.992132631300308,29.069042798275358],[-81.9921229909434,29.069038139239105],[-81.992114244193303,29.069032274808773],[-81.992106586175566,29.069025334924333],[-81.99210018531106,29.069017472983408],[-81.992095183316081,29.069008864036824],[-81.992095864574509,29.069004418544093],[-81.992097332524466,29.069000123778384],[-81.992099554292963,29.068996084402244],[-81.992102469277427,29.068992404174189],[-81.992106007633211,29.068989171513582],[-81.992110082056797,29.068986467620373],[-81.99211458881328,29.068984360159437],[-81.992119415952615,29.068982903260945],[-81.99212444536407,29.068982132106811],[-81.992127266696968,29.068980962917621],[-81.992129821033416,29.068979389491332],[-81.992132031342777,29.068977458741987],[-81.992133837026486,29.068975222998336],[-81.992135184673899,29.068972750830458],[-81.992136031144526,29.068970113516002],[-81.992136355891915,29.068967388649849],[-81.992136146585807,29.068964655631888],[-81.992130513388815,29.068923473444084],[-81.992131338589999,29.068903384231138],[-81.992135170903396,29.068883565878298],[-81.99214093790701,29.068866721553064],[-81.992151377253734,29.068858106293284],[-81.992163266638585,29.068851089054998],[-81.992176293831719,29.068845857493869],[-81.992190111688643,29.068842547833636],[-81.992204358690373,29.068841246671894],[-81.992218656889492,29.068841990077846],[-81.992232628342663,29.068844759983957],[-81.992270926759858,29.068850228206063],[-81.992309726773897,29.068850252991485],[-81.992398062292281,29.068850475472498],[-81.992486329237295,29.068847429833848],[-81.992574372519599,29.068841117871575],[-81.99258420328519,29.068840091620512],[-81.992593730146282,29.068837731782299],[-81.992602724071475,29.068834097894879],[-81.992610963216862,29.068829274760382],[-81.992618245249545,29.068823384175683],[-81.992624394537955,29.068816567789145],[-81.992629258043451,29.068808992514356],[-81.992632718672027,29.068800846019268],[-81.992635750814856,29.068781282953104],[-81.992635695731877,29.068761538359244],[-81.992632557506141,29.068741989390869],[-81.992630641578927,29.068734940675153],[-81.992630956127186,29.068731022993138],[-81.992630548676672,29.068727109782859],[-81.992629431544174,29.06872330751402],[-81.992627632452724,29.068719710927578],[-81.992625199665653,29.06871641657003],[-81.992622195825575,29.068713507454586],[-81.992618696926897,29.068711060279167],[-81.992614797451296,29.068709139110766],[-81.992610598043669,29.068707792678047],[-81.992606205511919,29.068707057078075],[-81.992601736935384,29.06870695216741],[-81.992597306313726,29.068707477952326],[-81.992579991850263,29.068705463107651],[-81.992562524216254,29.068705462140969],[-81.992545210491031,29.068707475069324],[-81.992495680624515,29.068715456584407],[-81.992445403479692,29.068717906161091],[-81.992395172957302,29.068714787752349],[-81.992307719039772,29.068710551978945],[-81.992220133309729,29.068711117172299],[-81.992212235600661,29.068709648704953],[-81.992204698458082,29.068707108349564],[-81.992197710850064,29.068703558374473],[-81.992191444283065,29.068699088115473],[-81.992186057937801,29.068693806757796],[-81.992181680182256,29.068687846944147],[-81.992178427058761,29.068681358459859],[-81.99217637352794,29.068674500110667],[-81.992159710661355,29.068612253554544],[-81.992141314283373,29.068589526754646],[-81.99211901089781,29.068569684311715],[-81.992093374571724,29.06855323965495],[-81.992065069755725,29.068540615088736],[-81.992034826635532,29.068532139986875],[-81.992003429836672,29.068528031844316],[-81.99180030144619,29.068511374330168],[-81.991596616973723,29.068501229130312],[-81.991392647513834,29.068497609793802],[-81.991188662107547,29.068500520848424],[-81.991119044324776,29.068500897925052],[-81.991049689030703,29.068506236620394],[-81.990981056324571,29.068516501776834],[-81.990913597065827,29.068531625754957],[-81.990897651296606,29.06853404278483],[-81.990881470539719,29.068534172517271],[-81.990865476902854,29.06853201227403],[-81.990850088380384,29.068527618025051],[-81.990835706529182,29.068521102582949],[-81.990822705170714,29.0685126401136],[-81.990811426284736,29.068502447188003],[-81.990802159467719,29.068490792705859],[-81.990776577908633,29.068438544431281],[-81.9907581877832,29.068384010269344],[-81.990747243714353,29.068327952667065],[-81.990743900700892,29.068271151206801],[-81.990748203848256,29.068214400800834],[-81.990753690843249,29.068184036751227],[-81.990755499745404,29.068180439485577],[-81.990757958722966,29.068177152648996],[-81.990760997930565,29.068174266464553],[-81.99076453622682,29.068171857620531],[-81.990768477065913,29.068169993781197],[-81.990772714660537,29.06816872366235],[-81.99077713090017,29.068168085151605],[-81.990781606649477,29.068168091775025],[-81.990786019693076,29.068168745328695],[-81.990837005036852,29.068168748818604],[-81.990847781583824,29.068168365182505],[-81.990858370311017,29.068166566757764],[-81.990868530891944,29.068163394130647],[-81.99087803737558,29.068158920370642],[-81.990887234006365,29.068150947547139],[-81.990895011391459,29.068141882868002],[-81.990901202109811,29.068131920312293],[-81.990905675711673,29.068121272809456],[-81.99090833871908,29.068110165021043],[-81.990909131544399,29.068098836949634],[-81.99091113204544,29.068053501125121],[-81.990909139499891,29.06800816683446],[-81.99090561045324,29.067998903789036],[-81.990900467909896,29.067990242454893],[-81.990893839201249,29.067982400289953],[-81.990885886579036,29.067975572197518],[-81.990876811323631,29.06796992962424],[-81.990862472851461,29.067961502256097],[-81.990846906928866,29.067954968688447],[-81.990830436026798,29.067950462480336],[-81.990813400078451,29.067948080198637],[-81.990810138261295,29.067948203587743],[-81.990806898053194,29.067947856890363],[-81.99080376572266,29.067947050939786],[-81.99080082548339,29.067945805591929],[-81.990798155385562,29.067944156041076],[-81.990795827316546,29.067942145601634],[-81.990793904946571,29.067939828414794],[-81.990792438594056,29.067937265839021],[-81.990791468306256,29.067934529157206],[-81.990791018725375,29.067931687846645],[-81.990791732988669,29.067914657360603],[-81.990794750832492,29.067897822827245],[-81.990794803620275,29.067893208570904],[-81.990795736554702,29.067888667459609],[-81.990797519840768,29.06788432761503],[-81.990800105197792,29.067880310841662],[-81.990803416616444,29.067876730821489],[-81.990807365764269,29.067873688603783],[-81.990811837608064,29.06787126809267],[-81.990816705818617,29.067869538755016],[-81.990821836879505,29.067868551109331],[-81.990827082898292,29.067868329507032],[-81.990849093971988,29.067797871060687],[-81.990875425565633,29.067728567822179],[-81.990906003708631,29.06766062189471],[-81.990943949968525,29.067588536795981],[-81.990986672630029,29.067518544393991],[-81.991034022748011,29.067450890996749],[-81.991097270838907,29.067372481654321],[-81.991166728811777,29.067298240321684],[-81.991242042311256,29.067228545021507],[-81.991322828231191,29.067163751217699],[-81.991408671633891,29.067104190010799],[-81.991479232709125,29.067061348834514],[-81.991552414361621,29.06702204562615],[-81.991627986536159,29.066986404881799],[-81.99165066824655,29.066983315984981],[-81.991672470068551,29.066977013107927],[-81.991692808646405,29.066967665843634],[-81.991711134509856,29.066955524992661],[-81.991726956722857,29.066940914444181],[-81.991739849045743,29.066924232078367],[-81.991749464315618,29.066905920894254],[-81.991755545742691,29.066886476228536],[-81.991757928966265,29.066866419589559],[-81.991756549244158,29.066846290537029],[-81.991751444534643,29.066826630441298],[-81.991742754470621,29.066807966242084],[-81.991730708035718,29.066790802327489],[-81.991724900306338,29.066765242177286],[-81.99172120618023,29.066739382600108],[-81.991719614491203,29.066711567009037],[-81.9917232716858,29.066659757404921],[-81.991732997393498,29.066608557213286],[-81.991748688861691,29.06655851230602],[-81.991774771190862,29.06651272769837],[-81.991807831691801,29.066470566166377],[-81.991847230473212,29.066432840620564],[-81.991892204413688,29.066400282758536],[-81.991941885649553,29.066373521412],[-81.991995311845358,29.066353074427294],[-81.992069985936965,29.066288554093855],[-81.992139769672349,29.066219937981991],[-81.992204374444583,29.066147513007621],[-81.992249353243551,29.066088035493589],[-81.992290895796771,29.066026657564404],[-81.992328897342901,29.065963534409498],[-81.992373651320108,29.065872862303245],[-81.99241115789431,29.065779686845833],[-81.992455596841907,29.065725711334117],[-81.992504018231699,29.065674448284316],[-81.992556207403581,29.065626123250304],[-81.992590133030561,29.065598724678555],[-81.992629997691466,29.065528733379288],[-81.992675579371124,29.065461488018549],[-81.992722460283929,29.065392138594358],[-81.992775067409795,29.065326034963796],[-81.992832338926149,29.065261852515938],[-81.992883132399882,29.065193592294793],[-81.992927076033581,29.065121755053568],[-81.992963845272669,29.06504687042046],[-81.992993166913223,29.064969493289478],[-81.993014828345395,29.064890190286423],[-81.993028666255427,29.064809546084209],[-81.993038054178669,29.06476004746715],[-81.993040470961702,29.06470991147787],[-81.993035876511399,29.064659893323391],[-81.993024341649033,29.064610747313122],[-81.993006040921628,29.064563210617539],[-81.992981248493265,29.064518005072603],[-81.992950340200423,29.064475806502593],[-81.99291377917325,29.064437252840037],[-81.992868412433523,29.064404467881221],[-81.992827850257157,29.064367137474605],[-81.992792679012851,29.064325803024257],[-81.992763402904217,29.064281060066598],[-81.992740449105113,29.064233552856859],[-81.992724149274778,29.064183970758478],[-81.992714733397605,29.064133030197031],[-81.992712343135366,29.064081463833421],[-81.99271738732412,29.064027717963096],[-81.992730056748115,29.063974953284252],[-81.992750153131439,29.063923998979824],[-81.992777359072434,29.063875658059139],[-81.992871054853097,29.063762617238538],[-81.992958193467786,29.063645596047166],[-81.993038557190573,29.063524889532083],[-81.993111939595011,29.063400800860972],[-81.993178161985696,29.063273639518233],[-81.993237055939218,29.063143725815483],[-81.993562918339038,29.062683094163805],[-81.993792916329568,29.062357971741552],[-81.993800626272062,29.062331755428133],[-81.993810446021428,29.062298296603775],[-81.993815543679261,29.062284052532263],[-81.993822679811529,29.062270502408278],[-81.993831738357713,29.062257869089454],[-81.993845828089079,29.062243423318666],[-81.99386241422593,29.062231194564355],[-81.994045247750961,29.062058470164956],[-81.99414949014988,29.061968769990713],[-81.994248266134875,29.061874416438037],[-81.994341307658118,29.061775665755309],[-81.994428362078665,29.061672788627948],[-81.99445091657293,29.061644060939802],[-81.994469386615833,29.061619859822624],[-81.994487856664662,29.061595385311687],[-81.994505699250581,29.061570634674499],[-81.994689628666862,29.06135163685213],[-81.994869531790684,29.061130071627517],[-81.994980573456871,29.060988444787188],[-81.99512206173938,29.060803089012509],[-81.995146194649919,29.06076620644577],[-81.995174340740888,29.060731590548531],[-81.995195622131845,29.060709474600465],[-81.995218556834658,29.060688674233514],[-81.995264491606278,29.060654314294819],[-81.995339771429371,29.060593905607536],[-81.995362956527345,29.06057589146792],[-81.995440412234501,29.060517634738801],[-81.995455864113822,29.06050649479911],[-81.995469273482016,29.060493473532777],[-81.995480344567198,29.060478853344467],[-81.995488838078103,29.060462957243292],[-81.995494562989208,29.060446130796926],[-81.995539960614821,29.060289102030147],[-81.995551567808278,29.060248763234647],[-81.995596310707541,29.06010098911932],[-81.995601142083885,29.060085582828588],[-81.995602875205023,29.060069676572521],[-81.995601457678362,29.060053744949336],[-81.995596928508576,29.060038268876017],[-81.995589426314069,29.060023710324739],[-81.995514924482023,29.059917106054368],[-81.995443926790813,29.05980867022927],[-81.995413525904794,29.059750063329808],[-81.995372844961622,29.059517948310848],[-81.995373092897083,29.059484986184763],[-81.995379422307863,29.05945249525875],[-81.995415420159432,29.059411794590066],[-81.995449822223435,29.059368971692159],[-81.995485128745017,29.05933167618997],[-81.995525069618012,29.059298183947941],[-81.995569118007865,29.059268935257794],[-81.99561669265735,29.059244316272981],[-81.995697762364969,29.059202516208131],[-81.995712788555309,29.059174190473332],[-81.995711224799621,29.059143114054773],[-81.995711231934322,29.058970679094909],[-81.995657081990842,29.058946751563454],[-81.995559087646086,29.058940980976576],[-81.99546082504402,29.05894069347206],[-81.995427335092671,29.058935743323246],[-81.995398226457752,29.05892089077993],[-81.995376630173595,29.0588977880297],[-81.995365990418378,29.058869462348472],[-81.995358476092463,29.058853235463378],[-81.99536098256965,29.05883590904358],[-81.995372876034693,29.058821883492232],[-81.995415760838227,29.058790809495296],[-81.995460832860246,29.058762206906781],[-81.995630171907422,29.05873856192882],[-81.995660535091773,29.058736913543445],[-81.995685576291265,29.058721513311838],[-81.995697783356604,29.058696764128943],[-81.995746930200099,29.058615635271185],[-81.995799518121359,29.058536156774597],[-81.995811725842444,29.058519381040249],[-81.995811726642515,29.058499579575468],[-81.995799520283427,29.058482803078384],[-81.995731603650967,29.058334020166029],[-81.995727373012414,29.058327244801191],[-81.995724450693885,29.058319954275298],[-81.995722912679241,29.058312344385833],[-81.995722803117516,29.058304616342998],[-81.995724121999984,29.05829697406238],[-81.995726837483275,29.058289623263075],[-81.995730873567069,29.058282755226173],[-81.995812992664099,29.058173411242144],[-81.99581947714924,29.05816074160991],[-81.995823932465569,29.058147412346599],[-81.995826273369318,29.058133673381658],[-81.99582645569339,29.058119782766322],[-81.995826459512827,29.058024920516292],[-81.995822628922397,29.058003992883783],[-81.995822807433569,29.057982793789197],[-81.995826991939254,29.057961916933518],[-81.995835067398971,29.057941941577482],[-81.995846805812747,29.057923421714069],[-81.995874952985289,29.057862149557096],[-81.995912542163268,29.057786466443368],[-81.995920055667938,29.05777161692507],[-81.99592819456241,29.057756765620717],[-81.996031104156856,29.057508056640945],[-81.996041035173405,29.057488107492151],[-81.99604756919743,29.057467103475634],[-81.996050567580568,29.057445489412558],[-81.996049966639021,29.057423721855667],[-81.996049202950459,29.057361055681472],[-81.996043398146185,29.057298595980683],[-81.996043093558569,29.057207275164636],[-81.996037274460747,29.057116097647437],[-81.996036518954071,29.057108280258532],[-81.996031144571788,29.057069369211654],[-81.996019806895319,29.057031456813274],[-81.996002719500652,29.056995247750095],[-81.995928527535639,29.056887536571054],[-81.995846851826172,29.05677495279793],[-81.995821310203226,29.056734127376327],[-81.995799594918296,29.056691628337152],[-81.995789570744975,29.056603999343896],[-81.995785498128441,29.056576592414615],[-81.995772370172048,29.056501313750896],[-81.995759633124564,29.056409735381134],[-81.995738574283365,29.056263422540315],[-81.995741327157688,29.056244462984878],[-81.995740751651269,29.05623022225647],[-81.995740554685995,29.056225361659347],[-81.995736278414455,29.056206622037461],[-81.995728608203009,29.056188736768121],[-81.995717749413828,29.056172175946028],[-81.995703984427593,29.056157375381456],[-81.995687676751132,29.056144726675392],[-81.995669257668609,29.056134560075908],[-81.995400878176525,29.055930789799046],[-81.995307910121269,29.055769754575465],[-81.986469308384784,29.065781491396088],[-81.986548357875819,29.065816319238728],[-81.986625430029903,29.06585441850595],[-81.986749338579514,29.065915399676111],[-81.9868766555729,29.065970694894453],[-81.986909369234283,29.065989452885951],[-81.986940575037053,29.066010096488448],[-81.986985490454018,29.066045463920293],[-81.987025998563396,29.066084724250306],[-81.987061666023706,29.066127456978027],[-81.987092108792112,29.066173201005189],[-81.987117001366101,29.06622146817039],[-81.9871365313995,29.066315887352175],[-81.987142964218776,29.066359803750814],[-81.987216555162973,29.066550148590363],[-81.987291040212526,29.066746089410358],[-81.987324942862827,29.066845336213863],[-81.987356093114343,29.066945276601516],[-81.987365141392274,29.066976134531508],[-81.987368756597746,29.066991840861817],[-81.987375110917455,29.067006861716742],[-81.987384046237892,29.067020830755325],[-81.987395348983569,29.067033407797361],[-81.987408740872809,29.067044286943226],[-81.987423895349266,29.067053202891355],[-81.987440446823925,29.067059938157424],[-81.987457987593487,29.067064329390149],[-81.987634173473353,29.067033895586256],[-81.987644277893438,29.06707957083831],[-81.987524411579216,29.067105568878457],[-81.987496362181801,29.067111886740882],[-81.987469848712848,29.067122118831946],[-81.987445576757992,29.067135992729892],[-81.987427072405211,29.067150483421006],[-81.987411040828206,29.067167092895172],[-81.987430613243191,29.067212132040222],[-81.987456131322801,29.067254813177694],[-81.987487232610903,29.0672945317428],[-81.987523480699096,29.067330727375218],[-81.987568083030823,29.067388365555207],[-81.987608341888887,29.067448421429599],[-81.987644088868592,29.067510642348271],[-81.987689333902708,29.067605821711378],[-81.987730920642505,29.06770227925437],[-81.987764056003257,29.067817359072464],[-81.987787220341232,29.067904511505446],[-81.987835415445176,29.068164426653368],[-81.987896958757034,29.068408776844763],[-81.987935239174192,29.068618388938631],[-81.987923585188597,29.068727103595496],[-81.987906917297195,29.068835313423502],[-81.987845320021478,29.068943541743941],[-81.987779950546368,29.069050047238765],[-81.987751705181992,29.069154638747985],[-81.987725985168012,29.069259732148083],[-81.987686207439012,29.069508870515023],[-81.987983705887657,29.069792336032734],[-81.9881462924115,29.06979549222692],[-81.988442161460242,29.06968798252268],[-81.98854306868094,29.069770914291897],[-81.987915566804418,29.070121744122527],[-81.987781392774338,29.070171037952573],[-81.987571529865804,29.070289163187546],[-81.987359216376277,29.070403859198745],[-81.987180022357492,29.070444886905719],[-81.987061683805265,29.070409694765104],[-81.986941747722739,29.070378959626137],[-81.98676797982391,29.070384836299809],[-81.986598724433861,29.07040090174107]]],[[[-81.970572460279456,29.059030218540777],[-81.970966473702632,29.058929735164046],[-81.971492775625066,29.058969049353024],[-81.971651408830667,29.058835617511761],[-81.971851643160363,29.058812733578527],[-81.972126327696103,29.059002964687057],[-81.972533381688578,29.059017984939967],[-81.972540234458762,29.058521551233937],[-81.972267133240052,29.058445280308092],[-81.971571659327154,29.057751385219049],[-81.971375946101389,29.05755611431908],[-81.970582354226238,29.057461708523583],[-81.970572460279456,29.059030218540777]]]]},"properties":{"PARCEL":"39392-000-00"}},{"type":"Feature","geometry":{"type":"Polygon","coordinates":[[[-81.990481743933984,29.051190901954072],[-81.990485230685024,29.050915902806103],[-81.99017221544095,29.050916399977613],[-81.990168730940113,29.051191400019764],[-81.990481743933984,29.051190901954072]]]},"properties":{"PARCEL":"3933-001-006"}},{"type":"Feature","geometry":{"type":"Polygon","coordinates":[[[-81.976203036793066,29.045861101585366],[-81.977080474454056,29.045863056054195],[-81.977243977598349,29.045433014291312],[-81.976557024022057,29.045431489477213],[-81.976556685606752,29.045502276225431],[-81.975963894758209,29.045500988547314],[-81.975962857520642,29.045860565263631],[-81.976203036793066,29.045861101585366]]]},"properties":{"PARCEL":"45108-000-12"}},{"type":"Feature","geometry":{"type":"Polygon","coordinates":[[[-81.980899903763301,29.057787642371547],[-81.980936059021857,29.05782896928865],[-81.980966408510838,29.057873757426314],[-81.98099052616945,29.057921382349463],[-81.981008075284606,29.057971174520976],[-81.981018810541613,29.058022439152111],[-81.981022582131914,29.058074458909637],[-81.981019336778459,29.058126506547872],[-81.981009118761861,29.058177853029278],[-81.980992071972196,29.058227781961314],[-81.980968435801856,29.058275591400495],[-81.9796017510551,29.060443673331214],[-81.979544341761041,29.060501505318761],[-81.979493145581728,29.060563674592725],[-81.979448580589406,29.06062967143535],[-81.979411017627797,29.060698948225443],[-81.979380763877614,29.060770934774464],[-81.979358070044981,29.06084503742488],[-81.979343126252232,29.060920642658779],[-81.979336051765628,29.06099712882547],[-81.979336907318839,29.061073861632064],[-81.979335959472138,29.061161284384159],[-81.979326848465689,29.061248343161427],[-81.979309637040174,29.061334451489373],[-81.979284439283745,29.061419028313576],[-81.979251426793454,29.061501502512428],[-81.97922349353604,29.061558507904909],[-81.979202678632632,29.061617817014664],[-81.979189224592943,29.061678745051378],[-81.979183286640776,29.06174058916454],[-81.979184932711533,29.061802637466119],[-81.97919414345084,29.061864171737323],[-81.979210814264846,29.061924481865407],[-81.979234752236735,29.061982874866217],[-81.979265681260884,29.06203867488491],[-81.979303243066397,29.06209123673084],[-81.979347005430071,29.062139957608384],[-81.979396463203983,29.062184271704069],[-81.979590258233856,29.062259925966309],[-81.979780704422012,29.062341887288326],[-81.979895600875508,29.062373633245159],[-81.980008103412175,29.062411421321091],[-81.980117800263784,29.062455111607481],[-81.980224293013904,29.06250454705561],[-81.980327191463715,29.062559547159697],[-81.980418099367981,29.062613599845882],[-81.980513150209305,29.062661836970221],[-81.980611863403624,29.06270401393655],[-81.98071374192611,29.062739919531833],[-81.980818268205141,29.06276936870746],[-81.980924911308904,29.062792215212411],[-81.980974408202229,29.062785447010505],[-81.981024501491873,29.062785731100401],[-81.981073896185023,29.062793061885145],[-81.981121316834589,29.062807247902704],[-81.981192019941446,29.062837898375776],[-81.981265918134341,29.06286203388872],[-81.981342241221668,29.062879403495227],[-81.981420185107766,29.062889822112467],[-81.981471260479879,29.062894449750665],[-81.98152254145451,29.062892170439273],[-81.981572826460621,29.06288303814997],[-81.981620931357796,29.062867267464547],[-81.981665733598348,29.062845226362494],[-81.981706178390439,29.062817433514716],[-81.981741317726502,29.062784540242781],[-81.981770328871278,29.062747318791359],[-81.981799378924535,29.062704792830566],[-81.981834443244779,29.062665924620795],[-81.98187493326482,29.062631363719998],[-81.981920169032051,29.062601694709695],[-81.981969389482629,29.062577411932775],[-81.982021771952674,29.062558924007863],[-81.982076436287727,29.062546542100709],[-81.982132462301621,29.062540473610586],[-81.982188911342277,29.062540820369055],[-81.982244836560568,29.062547577738979],[-81.982299297288037,29.062560629202697],[-81.982351379572876,29.062579758996787],[-81.982400209531392,29.062604643992881],[-81.982444967722472,29.062634867233658],[-81.982516684408921,29.062667347870004],[-81.982591635073234,29.062693595932306],[-81.982669120383022,29.062713360490857],[-81.98274841634445,29.062726462796757],[-81.982828780468168,29.062732774627985],[-81.982909463062853,29.062732241750375],[-81.982989709292525,29.06272486677452],[-81.983068772526465,29.062710719082684],[-81.983145910232381,29.062689931218895],[-81.983220402463004,29.062662697086829],[-81.983291553910661,29.062629271047385],[-81.983358702123937,29.062589965212823],[-81.98341680695043,29.062550001367288],[-81.983479131713239,29.062515291094066],[-81.983545062239813,29.062486173569617],[-81.983613952532394,29.062462939244259],[-81.983685124769792,29.062445814503622],[-81.98375787649465,29.062434968887821],[-81.983831493964217,29.062430508777624],[-81.983905251123019,29.062432476491654],[-81.983985543966455,29.062453779016383],[-81.984067648338268,29.062468837925429],[-81.984150934713526,29.062477539453798],[-81.984234767397837,29.062479814049063],[-81.984318507607071,29.062475646296811],[-81.984401512442076,29.062465068604602],[-81.984483149267007,29.0624481593991],[-81.984562792627784,29.062425051246077],[-81.984579857020222,29.062408649743453],[-81.984593482456319,29.062389928982554],[-81.984603266286697,29.06236943660258],[-81.984608918820001,29.062347778001577],[-81.984610276677515,29.062325588366917],[-81.98460729765921,29.062303522749755],[-81.984600071017368,29.062282228095338],[-81.984588809242027,29.062262331512471],[-81.984573843956412,29.06224441681394],[-81.98455561359458,29.062229014590013],[-81.984534655189663,29.062216575139381],[-81.984511586915858,29.06220746666261],[-81.984566724857146,29.06214237977122],[-81.984627841051903,29.062081552306459],[-81.984694508219988,29.062025407381242],[-81.984766263146142,29.06197433472018],[-81.984842610788462,29.061928686148825],[-81.9849230160617,29.061888781909058],[-81.98500692643205,29.061854897127674],[-81.985037144763737,29.061846872004296],[-81.985068477696686,29.061843489232878],[-81.985100009175056,29.061844850668656],[-81.985130813920847,29.061850917411011],[-81.985159992350134,29.061861507100186],[-81.985186685973915,29.061876314671629],[-81.985210115396271,29.061894903337045],[-81.985229595714799,29.061916730751978],[-81.985244552950945,29.061941155333358],[-81.985254553827843,29.061967464233312],[-81.985242393910568,29.062023122794596],[-81.985224148407056,29.062077482302612],[-81.985199989910669,29.062130031180764],[-81.985170144415861,29.062180273196429],[-81.985134895425091,29.062227736484452],[-81.985094572652571,29.062271973545958],[-81.985049559212371,29.062312566663135],[-81.985032625322788,29.062336157613231],[-81.985020561985493,29.062361956985605],[-81.985013728751468,29.062389194273926],[-81.985012331134428,29.062417057449291],[-81.985016407256111,29.062444718222356],[-81.985025840166671,29.062471349188172],[-81.985040345515429,29.062496159013786],[-81.985059490033692,29.062518405974586],[-81.985082706934435,29.062537428633835],[-81.985109302071791,29.062552660280215],[-81.985131538264355,29.062592979353788],[-81.985159711781264,29.06263032426039],[-81.985193318483084,29.062664020937074],[-81.98523175152107,29.062693467491822],[-81.985274321876233,29.062718134206214],[-81.985320265546477,29.062737575266155],[-81.985368755868436,29.06275144410235],[-81.985418922003731,29.062759489783492],[-81.985469861261905,29.062761566942804],[-81.98552065963959,29.062757641194185],[-81.98557040517305,29.062747781013098],[-81.985605320730514,29.062727351712802],[-81.985643249767776,29.062711607367028],[-81.985683385048233,29.062700879926457],[-81.985724868002748,29.062695398477178],[-81.985766819538995,29.062695282025743],[-81.985841260013544,29.062688573319662],[-81.985914642516391,29.062675693763595],[-81.985986302573139,29.062656758781806],[-81.986055598296389,29.062631939743678],[-81.986121902171007,29.062601460353534],[-81.986184619540325,29.062565593945592],[-81.986243182444483,29.062524665287683],[-81.986297065026022,29.062479043364267],[-81.986347500868504,29.062427188113144],[-81.986391887367418,29.062371227754532],[-81.986429793133041,29.062311700912311],[-81.986460852498865,29.062249187721584],[-81.986484761415369,29.062184294489018],[-81.986501291827523,29.062117650085185],[-81.986536199479062,29.061957408522716],[-81.986563336195729,29.061796010348075],[-81.986582652681307,29.061633746997661],[-81.986594118125907,29.0614709090062],[-81.986597706854397,29.061307791418937],[-81.986593416812497,29.061144684770699],[-81.986581252106717,29.060981885911641],[-81.986561237382645,29.060819688985667],[-81.98654334778297,29.060718355628556],[-81.986533526003683,29.060616174030624],[-81.986531823303991,29.060513639550951],[-81.986538245756662,29.060411251151905],[-81.98655276451926,29.06030950237707],[-81.986565258363584,29.060237617094074],[-81.986569880789119,29.060165012806316],[-81.986566591675739,29.060092352687079],[-81.986555418681291,29.060020300817449],[-81.98653646340351,29.059949514066297],[-81.986509902406056,29.059880643895003],[-81.986475973870284,29.059814315603941],[-81.986408016999036,29.059668416204286],[-81.98634553617633,29.059520637872513],[-81.986288595030416,29.05937114303331],[-81.986237257189018,29.059220088697018],[-81.98619157600821,29.059067639992897],[-81.986151602789846,29.058913957537996],[-81.986152394278832,29.058885248836134],[-81.986148075746172,29.058856784125286],[-81.986138751849595,29.058829259074511],[-81.986124653560537,29.058803351319909],[-81.986106125844174,29.058779694297073],[-81.986083622525925,29.058758867315809],[-81.986057696023423,29.05874138292722],[-81.985603828752801,29.058667063749461],[-81.985151233264887,29.05858697940473],[-81.984700003079283,29.058501149766645],[-81.984696620869968,29.058490967137146],[-81.984695251483458,29.05848042833593],[-81.984695933897328,29.058469837436263],[-81.984698651634773,29.058459502114161],[-81.984703321470349,29.058449721015073],[-81.984709812942597,29.058440777440303],[-81.984717935005492,29.058432929420263],[-81.984727452460064,29.058426405205093],[-81.984738092117169,29.058421393340165],[-81.98474954485232,29.058418037252931],[-81.984761479982453,29.058416435254241],[-81.984773549374253,29.05841663602769],[-81.984785407983665,29.058418630511351],[-81.984811341040583,29.058389370661324],[-81.984831568984987,29.058356824053327],[-81.984845561805159,29.058321836067634],[-81.984852951734368,29.05828532518704],[-81.984853549686619,29.058248244200303],[-81.984847337042666,29.058211563960064],[-81.984834479003482,29.058176243609104],[-81.984815307135264,29.058143206216801],[-81.984790326560741,29.058113313516397],[-81.984760190287986,29.0580873505635],[-81.984725683810666,29.058065995057326],[-81.984669279250411,29.058045168487336],[-81.984610473915524,29.05803032464587],[-81.984550089301251,29.058021668442226],[-81.984488964371465,29.058019321779188],[-81.984427948372243,29.058023315431829],[-81.984367893642997,29.058033596264867],[-81.984309636107056,29.058050019110016],[-81.984253985001814,29.058072356689546],[-81.984201714664138,29.058100297810729],[-81.984153553233966,29.058133452777863],[-81.984001605269071,29.058218505448561],[-81.983846122156223,29.058298475872675],[-81.983793780220239,29.058329721881755],[-81.983738131285861,29.058356193499538],[-81.983679741234425,29.05837762371555],[-81.98361919545286,29.058393795147822],[-81.983557109101852,29.058404544555934],[-81.983494108630609,29.058409763741079],[-81.983430829722636,29.058409399545781],[-81.983367913187053,29.058403456560484],[-81.983308118753129,29.058523494052661],[-81.98326096280428,29.058552901648341],[-81.983209562516734,29.058576180402408],[-81.983154940788978,29.058592864861222],[-81.983098190331987,29.058602621314499],[-81.983040440805127,29.058605255911697],[-81.982982844437871,29.058600717367625],[-81.98292655240968,29.058589094252405],[-81.982872683013582,29.058570619498834],[-81.982822313441162,29.058545660476117],[-81.982776448974604,29.058514716278573],[-81.982736001422765,29.058478404188385],[-81.982609554118895,29.058418364511301],[-81.982479833204422,29.058363984297863],[-81.982347165201602,29.058315397119351],[-81.982211887928202,29.058272726624445],[-81.982074341255995,29.058236082929007],[-81.981934874300819,29.058205555399045],[-81.981793837205501,29.058181223476847],[-81.981651586276641,29.058163146756758],[-81.98160635404129,29.05816604049982],[-81.981561148556523,29.058162862780488],[-81.981517015221755,29.058153686827481],[-81.981474981952999,29.058138725722035],[-81.98143602426768,29.058118327881516],[-81.981401046801494,29.058092964424773],[-81.981370860716453,29.058063226461663],[-81.981346168300348,29.05802980433813],[-81.981327541404298,29.057993474098577],[-81.981315413231258,29.057955076732011],[-81.981310067042457,29.057915508244921],[-81.981294950122134,29.057845370909373],[-81.981286679830788,29.057774358410697],[-81.981285315622941,29.057702984156418],[-81.981290868686955,29.057631766057824],[-81.981228874589974,29.057638963926276],[-81.981167982427124,29.057651467335067],[-81.981108779606956,29.057669155462644],[-81.981051835063425,29.057691859664839],[-81.980997699257074,29.057719358963457],[-81.98094689185065,29.057751389067164],[-81.980899903763301,29.057787642371547]]]},"properties":{"PARCEL":"39397-000-00"}},{"type":"Feature","geometry":{"type":"Polygon","coordinates":[[[-81.977892188681565,29.047724894816231],[-81.976653436811247,29.047721384626559],[-81.976492788882183,29.048130855781917],[-81.977832009891998,29.048133833684922],[-81.977890223437285,29.048133843281729],[-81.977892188681565,29.047724894816231]]]},"properties":{"PARCEL":"45110-004-00"}},{"type":"Feature","geometry":{"type":"Polygon","coordinates":[[[-81.992403962172972,29.04595784758239],[-81.992405564658554,29.045724234881348],[-81.991979868071709,29.045723464849246],[-81.99197887354336,29.04595676358694],[-81.992403962172972,29.04595784758239]]]},"properties":{"PARCEL":"45146-002-18"}},{"type":"Feature","geometry":{"type":"Polygon","coordinates":[[[-81.988050893965791,29.050976181924533],[-81.987734523089728,29.050965441505262],[-81.987734659134759,29.051039328510775],[-81.987734779517893,29.051106727202278],[-81.9877348961558,29.05117106535144],[-81.988051961814023,29.051181776056104],[-81.988051605174675,29.051113287387583],[-81.988051263644664,29.051047348569369],[-81.988050893965791,29.050976181924533]]]},"properties":{"PARCEL":"3934-002-018"}},{"type":"Feature","geometry":{"type":"Polygon","coordinates":[[[-81.9789397456681,29.045694190553572],[-81.978939512396209,29.045487823963075],[-81.978939185822938,29.045199890965975],[-81.977792469095917,29.044748659455578],[-81.977345181315911,29.045969648852576],[-81.978134801512937,29.045973355478917],[-81.978940067125748,29.045976987734235],[-81.978939977992994,29.045900167351363],[-81.9789397456681,29.045694190553572]]]},"properties":{"PARCEL":"45108-000-11"}},{"type":"Feature","geometry":{"type":"Polygon","coordinates":[[[-81.988056641511662,29.052079161976359],[-81.987736538497202,29.052079169215649],[-81.987736667675051,29.052150365602987],[-81.987736779461883,29.052212327130594],[-81.987736905757089,29.052281852489781],[-81.987737044514361,29.052358879422723],[-81.987740308130043,29.052365479914208],[-81.987744748596199,29.05237152741411],[-81.987750248869688,29.052376860403122],[-81.987756661098928,29.052381338111626],[-81.987763815865677,29.05238484052056],[-81.987771523211038,29.052387275579729],[-81.987779578796776,29.052388578306111],[-81.987787768012296,29.052388714393452],[-81.987795873162838,29.052387680212796],[-81.98780367963073,29.052385501910805],[-81.987940266595785,29.052289869638155],[-81.988042085096083,29.052218582216312],[-81.988130869916148,29.052152769515274],[-81.988229046142692,29.052079158251672],[-81.988056641511662,29.052079161976359]]]},"properties":{"PARCEL":"3934-002-001"}},{"type":"Feature","geometry":{"type":"Polygon","coordinates":[[[-81.991974885961639,29.046892297173098],[-81.99197389140204,29.047125701437221],[-81.99197677238628,29.047142162856744],[-81.991982589071583,29.047158013606008],[-81.991991193629261,29.047172853964568],[-81.992002368405394,29.047186305862382],[-81.992015830026617,29.047198030925966],[-81.992031237614512,29.047207730478782],[-81.99204820099915,29.047215159076178],[-81.992066290986727,29.047220129919626],[-81.992085048600899,29.047222516662128],[-81.992398353503674,29.047222534761335],[-81.992399055450008,29.046891681228651],[-81.991974885961639,29.046892297173098]]]},"properties":{"PARCEL":"45146-002-23"}},{"type":"Feature","geometry":{"type":"Polygon","coordinates":[[[-81.982707787112972,29.050774687182209],[-81.983085522821483,29.050775851415757],[-81.983080820598431,29.049386939574038],[-81.982749711400757,29.049372554767103],[-81.982638351994126,29.049368774289118],[-81.982527399103134,29.049359602633846],[-81.982417191595033,29.049345067817381],[-81.982308063199781,29.049325213195122],[-81.982200347643655,29.049300099266738],[-81.982094372488035,29.0492698036756],[-81.981990460156368,29.049234418501797],[-81.981988114666166,29.050772466803195],[-81.982707787112972,29.050774687182209]]]},"properties":{"PARCEL":"39393-000-10"}},{"type":"Feature","geometry":{"type":"Polygon","coordinates":[[[-81.984297375315705,29.045082632779323],[-81.984744183646526,29.04521930436767],[-81.984838731149992,29.045005134730808],[-81.984575735084789,29.04487594927685],[-81.984559900844616,29.044897545407725],[-81.984540432127559,29.044916710367708],[-81.984517804405883,29.044932977729712],[-81.984492570152042,29.04494594964908],[-81.984465344461569,29.044955310396521],[-81.98443679170397,29.044960829965554],[-81.984407609092102,29.044962375800679],[-81.984378509227085,29.044959908283985],[-81.984350201614333,29.044953488853434],[-81.984297375315705,29.045082632779323]]]},"properties":{"PARCEL":"4508-309-021"}},{"type":"Feature","geometry":{"type":"Polygon","coordinates":[[[-81.988867692866165,29.046594252741382],[-81.988651733060749,29.04652872802766],[-81.988651709576857,29.0472124680295],[-81.988867668752746,29.047277990029894],[-81.988867692866165,29.046594252741382]]]},"properties":{"PARCEL":"4511-003-000"}},{"type":"Feature","geometry":{"type":"Polygon","coordinates":[[[-81.988473353562043,29.043571392536698],[-81.98813848303142,29.043571366086688],[-81.988138448497807,29.043846382921942],[-81.988473319916437,29.043846409372296],[-81.988473353562043,29.043571392536698]]]},"properties":{"PARCEL":"4511-087-000"}},{"type":"Feature","geometry":{"type":"Polygon","coordinates":[[[-81.988048741028464,29.050563230581226],[-81.98773378290079,29.050556068737254],[-81.987733902448738,29.050621838813996],[-81.987734035603808,29.050694108030825],[-81.987734150228093,29.050758100609588],[-81.988049821999084,29.050770719519484],[-81.98804946331876,29.050702144227458],[-81.988049083558835,29.050629372417781],[-81.988048741028464,29.050563230581226]]]},"properties":{"PARCEL":"3934-002-024"}},{"type":"Feature","geometry":{"type":"Polygon","coordinates":[[[-81.984575735084789,29.04487594927685],[-81.984838731149992,29.045005134730808],[-81.984912136293119,29.044850258887639],[-81.984912549469158,29.044748649224854],[-81.984912825291957,29.044680701021406],[-81.984541652293075,29.044680215791391],[-81.984561495046506,29.044700213569957],[-81.984577421264021,29.044722754431923],[-81.984589014155617,29.044747252749104],[-81.984595973991816,29.044773069671781],[-81.98459811810082,29.044799534783369],[-81.98459539216158,29.044825958733572],[-81.984587866094273,29.044851653088109],[-81.984575735084789,29.04487594927685]]]},"properties":{"PARCEL":"4508-309-022"}},{"type":"Feature","geometry":{"type":"Polygon","coordinates":[[[-81.97894068003842,29.046518428845399],[-81.978940445584087,29.046312815686264],[-81.978940211271151,29.046106509567565],[-81.978940067125748,29.045976987734235],[-81.978134801512937,29.045973355478917],[-81.978140312577395,29.046547040467548],[-81.977118463329461,29.046545219977634],[-81.977093726008462,29.046608194200633],[-81.978940780384036,29.046605768938619],[-81.97894068003842,29.046518428845399]]]},"properties":{"PARCEL":"45110-001-01"}},{"type":"Feature","geometry":{"type":"Polygon","coordinates":[[[-81.989307715332373,29.04274640916303],[-81.988964800688677,29.04274638142634],[-81.988964771427618,29.04302139829646],[-81.989307324530756,29.043021426004607],[-81.989307715332373,29.04274640916303]]]},"properties":{"PARCEL":"4511-058-000"}},{"type":"Feature","geometry":{"type":"Polygon","coordinates":[[[-81.988230714853756,29.052268556437042],[-81.988161200250062,29.052315042216215],[-81.98810355497298,29.052353590733286],[-81.988434399169861,29.052736789054624],[-81.988508504374053,29.052733470507498],[-81.988524630297974,29.052733331130547],[-81.988540490531093,29.052730770906276],[-81.988554521088759,29.052726389719002],[-81.988567524998572,29.052720018008699],[-81.988579141810334,29.052711833494531],[-81.988589047008944,29.052702065328909],[-81.988596963310854,29.052690984173285],[-81.988602670932991,29.052678900394358],[-81.988617506372989,29.052638662580044],[-81.988270283855499,29.052242097769657],[-81.988230714853756,29.052268556437042]]]},"properties":{"PARCEL":"3934-004-010"}},{"type":"Feature","geometry":{"type":"Polygon","coordinates":[[[-81.987111306513356,29.044525531576376],[-81.98675929189028,29.044524437150969],[-81.986758466881255,29.044785698562148],[-81.987110916721718,29.044786797543068],[-81.987111306513356,29.044525531576376]]]},"properties":{"PARCEL":"4508-309-046"}},{"type":"Feature","geometry":{"type":"Polygon","coordinates":[[[-81.98346908332222,29.043559761817502],[-81.983089353110614,29.043559147908415],[-81.98308923968905,29.043593554661761],[-81.983088580846683,29.043792923084855],[-81.983468711332534,29.043793526218241],[-81.98346908332222,29.043559761817502]]]},"properties":{"PARCEL":"4508-309-013"}},{"type":"Feature","geometry":{"type":"Polygon","coordinates":[[[-81.989709718942279,29.05036714157086],[-81.989396731022879,29.050367636937143],[-81.989393244484063,29.050642636981117],[-81.989674931894427,29.050642190650265],[-81.989706230153189,29.050642140720683],[-81.989709718942279,29.05036714157086]]]},"properties":{"PARCEL":"3933-002-016"}},{"type":"Feature","geometry":{"type":"Polygon","coordinates":[[[-81.987311995464353,29.0458539215733],[-81.987646856933182,29.045853971739554],[-81.987646893995347,29.045551454303517],[-81.987312032476694,29.045551403235265],[-81.987311995464353,29.0458539215733]]]},"properties":{"PARCEL":"4511-009-000"}},{"type":"Feature","geometry":{"type":"Polygon","coordinates":[[[-81.988735396082049,29.052436232907269],[-81.988746541261932,29.052430412317729],[-81.98875855192054,29.052426120265586],[-81.988771156955977,29.052423453272088],[-81.988784073974713,29.05242247266872],[-81.988797013399747,29.052423199183643],[-81.988809683604202,29.052425617453803],[-81.988880304823127,29.052447328618172],[-81.988954147518356,29.052467394247838],[-81.988959712435872,29.052107378732885],[-81.98888098228079,29.052105176082193],[-81.988806647076757,29.052103097364437],[-81.988724526246571,29.052100800502004],[-81.988735396082049,29.052436232907269]]]},"properties":{"PARCEL":"3934-004-001"}},{"type":"Feature","geometry":{"type":"Polygon","coordinates":[[[-81.991367179842811,29.046285463425612],[-81.989427876175114,29.04628893931157],[-81.989430847121724,29.044562107882992],[-81.989305125479149,29.044561971610868],[-81.988964496653551,29.044561602991273],[-81.988964572949811,29.044616548431506],[-81.989305049005722,29.044616520034179],[-81.989367639822817,29.04461651507869],[-81.989364691365566,29.046344055687818],[-81.990493258983733,29.046341991981969],[-81.990493225451942,29.046707764827087],[-81.991365378654407,29.046706876335723],[-81.991365998615962,29.046561640414044],[-81.99136699764837,29.046327877026688],[-81.991367179842811,29.046285463425612]]]},"properties":{"PARCEL":"45151-005-00"}},{"type":"Feature","geometry":{"type":"Polygon","coordinates":[[[-81.987228439103944,29.052536907305768],[-81.987228371476462,29.05260241117243],[-81.987228294839781,29.05267436184285],[-81.987227917720489,29.053034887537294],[-81.987243181926104,29.052969802875964],[-81.987265330045673,29.052906264474395],[-81.987294165867226,29.052844832627766],[-81.987329435678248,29.052786049579392],[-81.987370827239943,29.052730434107062],[-81.987417975949356,29.052678477012513],[-81.987456469280232,29.052642536403752],[-81.987497721475819,29.05260904212734],[-81.98751481845548,29.052603204148589],[-81.987530766626904,29.05259524118674],[-81.987545224023009,29.052585322839505],[-81.987557884612372,29.052573660212985],[-81.987568477272987,29.052560501410152],[-81.987576776061132,29.05254612882489],[-81.987583087151833,29.052529133121332],[-81.987586193477995,29.052511465823351],[-81.98758601386362,29.052493588892062],[-81.987582552361545,29.052475972416829],[-81.987228513390662,29.052467359410823],[-81.987228439103944,29.052536907305768]]]},"properties":{"PARCEL":"3934-001-001"}},{"type":"Feature","geometry":{"type":"Polygon","coordinates":[[[-81.98212422282414,29.046027582851451],[-81.982485475503736,29.046137976944351],[-81.982498028015812,29.046138746423559],[-81.982510549012829,29.046137644562723],[-81.982522679108641,29.046134701992663],[-81.982534070202718,29.046130004385155],[-81.982544396776191,29.046123685235919],[-81.982553362052911,29.046115925865493],[-81.982560709295129,29.046106949104733],[-81.982566228992624,29.046097011175],[-81.982569760916846,29.046086398079424],[-81.982571205417585,29.046075413874565],[-81.982572172890244,29.045597492763623],[-81.982571341865764,29.045593446818852],[-81.982569765358221,29.045589576722524],[-81.982567486475645,29.04558598624272],[-81.982564567836135,29.045582773736385],[-81.982561088488339,29.045580025832944],[-81.98255714185791,29.04557781833622],[-81.982552836775284,29.04557620990871],[-81.982329807887069,29.045508062894857],[-81.98212422282414,29.046027582851451]]]},"properties":{"PARCEL":"4505-006-012"}},{"type":"Feature","geometry":{"type":"Polygon","coordinates":[[[-81.980337606753537,29.047298520656376],[-81.980612642402491,29.047299462925835],[-81.980613121361614,29.047066304104277],[-81.980613150855504,29.047051344259909],[-81.980284530677778,29.047050822720195],[-81.980284127985627,29.047246204777551],[-81.980284604841387,29.047254823452484],[-81.980286743116523,29.047263245673641],[-81.98029047816901,29.047271226010587],[-81.980295703254654,29.047278532560814],[-81.980302265419169,29.047284952362972],[-81.980309973711144,29.047290297714156],[-81.980318604314704,29.047294414290892],[-81.980327905683353,29.047297182052645],[-81.980337606753537,29.047298520656376]]]},"properties":{"PARCEL":"4505-003-001"}},{"type":"Feature","geometry":{"type":"Polygon","coordinates":[[[-81.981426371278005,29.047302253201444],[-81.981702847564378,29.047303202460181],[-81.981712423956878,29.047301280097738],[-81.981721533379499,29.047298052067902],[-81.981729947865446,29.047293598642927],[-81.981737454844335,29.047288033481657],[-81.981743867411751,29.047281495510372],[-81.981749023302513,29.047274148922632],[-81.981752793105855,29.047266178668977],[-81.981755082320134,29.047257785043463],[-81.981755437480018,29.047083366613013],[-81.981426815139613,29.047082848770454],[-81.981426371278005,29.047302253201444]]]},"properties":{"PARCEL":"4505-004-012"}},{"type":"Feature","geometry":{"type":"Polygon","coordinates":[[[-81.979516420830819,29.044475011127943],[-81.979693551090989,29.044529157870787],[-81.979721317781468,29.044459003236916],[-81.979899161778462,29.044009658669225],[-81.979561205213656,29.043906353080924],[-81.979550348442942,29.043904379939473],[-81.979539271635247,29.043903961397593],[-81.979528262285854,29.043905109228735],[-81.979517604818284,29.043907791896373],[-81.979507574422144,29.043911941771331],[-81.979498429866808,29.043917450619276],[-81.979490409392994,29.043924175916015],[-81.979483718390725,29.043931944454755],[-81.979478531452358,29.043940555053215],[-81.979474982103724,29.043949783965697],[-81.97947316177536,29.043959394808162],[-81.979473118776028,29.043969136753297],[-81.979472026820631,29.044407350257988],[-81.979473691650398,29.044420826111111],[-81.979477867052282,29.044433874665675],[-81.979484437071235,29.044446138599525],[-81.979493223114218,29.044457280431207],[-81.979503982921145,29.044466993347029],[-81.979516420830819,29.044475011127943]]]},"properties":{"PARCEL":"4505-007-001"}},{"type":"Feature","geometry":{"type":"Polygon","coordinates":[[[-81.98212422282414,29.046027582851451],[-81.982329807887069,29.045508062894857],[-81.982108103787667,29.045440314495629],[-81.981886401004274,29.045372569339083],[-81.981664691323189,29.04530482381502],[-81.981459110520191,29.045824340964312],[-81.981680815016006,29.045892089528941],[-81.981902520828669,29.045959836824892],[-81.98212422282414,29.046027582851451]]]},"properties":{"PARCEL":"4505-006-009"}},{"type":"Feature","geometry":{"type":"MultiPolygon","coordinates":[[[[-81.975239188273008,29.051314492785707],[-81.975197221601164,29.051422841913567],[-81.978922770828277,29.051447110935275],[-81.978926328279499,29.050762973129988],[-81.97892922654907,29.050204666548119],[-81.978932094846385,29.049652204900642],[-81.976814814295565,29.049645976766694],[-81.976822577861853,29.051324126667744],[-81.975239188273008,29.051314492785707]]],[[[-81.975020096510633,29.05131665287443],[-81.974770647884583,29.051314681671439],[-81.974772813313521,29.051425237812534],[-81.97497969691895,29.051423627147663],[-81.975020096510633,29.05131665287443]]]]},"properties":{"PARCEL":"39401-000-00"}},{"type":"Feature","geometry":{"type":"Polygon","coordinates":[[[-81.980139224334778,29.044838679650535],[-81.980137843775523,29.045420588850629],[-81.980350591360633,29.045485601665501],[-81.980528544325935,29.045035912578882],[-81.98055617293555,29.044966089797693],[-81.980139224334778,29.044838679650535]]]},"properties":{"PARCEL":"4505-006-003"}},{"type":"Feature","geometry":{"type":"Polygon","coordinates":[[[-81.983084211603867,29.047747954502476],[-81.983074611136345,29.048343925426884],[-81.984810380762809,29.048339827281175],[-81.984629728422576,29.047753210209226],[-81.984609466568756,29.047667997211871],[-81.984595612221995,29.047581798750535],[-81.984588225893219,29.047494988379086],[-81.984587337288559,29.047407938744765],[-81.984592952496754,29.047321025198045],[-81.983085078369172,29.047319097825628],[-81.983084955353078,29.047380811243677],[-81.983084211603867,29.047747954502476]]]},"properties":{"PARCEL":"39393-000-02"}},{"type":"Feature","geometry":{"type":"Polygon","coordinates":[[[-81.98968071382447,29.044340057383057],[-81.989305439874471,29.044340982640581],[-81.988964310575867,29.044341823040241],[-81.988964357126207,29.044396477042362],[-81.988964403614446,29.044451714821228],[-81.989305283679869,29.04445170901349],[-81.989555521281204,29.044451704344997],[-81.989568047592755,29.045824075153366],[-81.991369161237358,29.045820650689642],[-81.991369991637029,29.045626590424668],[-81.991370987570335,29.045392828809071],[-81.991371357224779,29.045306336882991],[-81.989686413899676,29.045306561830678],[-81.98968071382447,29.044340057383057]]]},"properties":{"PARCEL":"45151-004-00"}},{"type":"Feature","geometry":{"type":"Polygon","coordinates":[[[-81.984771252847224,29.047443565607946],[-81.98477465539645,29.047522618593799],[-81.984784344174258,29.04760126897061],[-81.984800272017878,29.047679130554702],[-81.98482236095866,29.047755822571816],[-81.984959356711599,29.048195544693851],[-81.987232984685747,29.048194955402465],[-81.987233093149769,29.048089614814863],[-81.98723321309302,29.047974435736357],[-81.987233408451033,29.047788819964126],[-81.987233436393538,29.04776202487724],[-81.98719224975126,29.047761885613188],[-81.986763944000572,29.047760439228522],[-81.986764314014678,29.047443876076493],[-81.984771252847224,29.047443565607946]]]},"properties":{"PARCEL":"39393-000-29"}},{"type":"Feature","geometry":{"type":"Polygon","coordinates":[[[-81.982425751259569,29.047745708981314],[-81.982830175187502,29.047747089456799],[-81.983084211603867,29.047747954502476],[-81.983084955353078,29.047380811243677],[-81.982716929495425,29.047291846224212],[-81.982704638686798,29.047321813963748],[-81.982687244947527,29.047349762637754],[-81.982665162191779,29.047375025510753],[-81.982638916247311,29.047396999021267],[-81.98260913458472,29.047415160826471],[-81.982581153906594,29.04742742734318],[-81.982551566826146,29.047436318205591],[-81.982520897047721,29.047441674679067],[-81.982489689828256,29.047443402996542],[-81.982427095288557,29.047443191806853],[-81.982425751259569,29.047745708981314]]]},"properties":{"PARCEL":"4505-001-017"}},{"type":"Feature","geometry":{"type":"Polygon","coordinates":[[[-81.985865163203044,29.043440989007173],[-81.986149663762191,29.043441832506815],[-81.986160944004197,29.043441085676765],[-81.986171953383362,29.043438795913467],[-81.98618241774291,29.043435020032589],[-81.986192081403317,29.043429850943191],[-81.986200705109027,29.043423415842796],[-81.986208075269658,29.043415874413817],[-81.98621401114849,29.043407411605966],[-81.986218366915978,29.043398236734195],[-81.986221033704481,29.043388575358307],[-81.986221946795936,29.043378666576817],[-81.986222395689239,29.043199437968987],[-81.985865404648251,29.043198773786838],[-81.985865163203044,29.043440989007173]]]},"properties":{"PARCEL":"4508-311-012"}},{"type":"Feature","geometry":{"type":"Polygon","coordinates":[[[-81.983086353845266,29.046688485318366],[-81.982726434669274,29.046687922499274],[-81.982726019365472,29.046894184300513],[-81.982725603032804,29.047100446997547],[-81.983085521587029,29.047101009819173],[-81.983085938230559,29.046894747120863],[-81.983086353845266,29.046688485318366]]]},"properties":{"PARCEL":"4505-001-020"}},{"type":"Feature","geometry":{"type":"Polygon","coordinates":[[[-81.980928035840975,29.04359342575891],[-81.980599427648954,29.043592886046778],[-81.980599066641574,29.043760808124183],[-81.980598861792458,29.043856899453374],[-81.980927470820703,29.043857440971831],[-81.980928035840975,29.04359342575891]]]},"properties":{"PARCEL":"4505-017-022"}},{"type":"Feature","geometry":{"type":"Polygon","coordinates":[[[-81.983404936099078,29.066789913068636],[-81.983466017325938,29.066918191456217],[-81.983511712283487,29.066974126714396],[-81.983563197173467,29.067026032180415],[-81.983620017106375,29.067073449433867],[-81.983681666860562,29.067115954335041],[-81.98372538681383,29.067134370667969],[-81.983771747127065,29.06714684398688],[-81.983819708503475,29.067153095359231],[-81.983875740368291,29.067151179342385],[-81.983960596582861,29.067140604860402],[-81.984044515846932,29.067125315799906],[-81.984127161281137,29.06710537438007],[-81.98420819600419,29.067080859964264],[-81.984251744488873,29.067058977569442],[-81.984291103588333,29.067031647605194],[-81.984325395116556,29.0669994754026],[-81.984342504112206,29.066978589614553],[-81.984356942082002,29.066956201216644],[-81.98436011910492,29.066952957889786],[-81.984362749813599,29.066949358098583],[-81.984364785928463,29.06694547041069],[-81.984366187384495,29.066941372417606],[-81.984410183425396,29.066899855505159],[-81.984449737099965,29.066855020379485],[-81.98448452484854,29.066807233332703],[-81.984514262135974,29.0667568841207],[-81.984522344017407,29.06671310822443],[-81.984536405962018,29.066670515003377],[-81.984556240414264,29.06662973422338],[-81.984581553555998,29.066591365864468],[-81.98461197455093,29.066555974708464],[-81.984647053491457,29.06652408492527],[-81.984682777757598,29.066496507203404],[-81.9847217817087,29.066472603027865],[-81.984763578503546,29.066452671897565],[-81.984807645364796,29.06643696278017],[-81.984853432821978,29.066425672308508],[-81.984899681663293,29.066419574495633],[-81.984946419699625,29.066418153239926],[-81.98499679271093,29.066406762178065],[-81.985047992991952,29.066398715039853],[-81.985099736061173,29.066394059613629],[-81.985155115243543,29.066392858498194],[-81.985210426088372,29.066395539864068],[-81.98526531942332,29.066402089236526],[-81.985304139371337,29.066414389766422],[-81.985344229225774,29.066422994684068],[-81.985385130953446,29.066427806492143],[-81.985437412464137,29.066428373392153],[-81.985617326305942,29.066372612924685],[-81.985756736574658,29.066343036607215],[-81.985793118286992,29.066311642013464],[-81.985825247632974,29.066276848973494],[-81.985855935123055,29.066233991193094],[-81.985880173449587,29.066188054147112],[-81.985897571230737,29.066139783983587],[-81.985907845943984,29.066089962050157],[-81.985910831115604,29.066039396774055],[-81.985922274036852,29.066000806545972],[-81.985938294103477,29.065963494425059],[-81.985958709476094,29.065927877244143],[-81.985989311271254,29.06588720564714],[-81.986025630843784,29.065850342260983],[-81.986067061153918,29.065817905080081],[-81.98611290890743,29.065790436298521],[-81.986162405853577,29.065768394191014],[-81.986218038076643,29.065761581381878],[-81.986274120604648,29.065758835172954],[-81.986339844883645,29.06576143863958],[-81.98640506939438,29.065769009978695],[-81.986469308384784,29.065781491396088],[-81.995307910121269,29.055769754575465],[-81.993291869065672,29.056024608666256],[-81.992819561987247,29.055895877376873],[-81.992870325749479,29.054998502299998],[-81.993405590169715,29.05440614466934],[-81.992564283879148,29.054085983751232],[-81.992352064307056,29.054232004345671],[-81.991720777414216,29.053954200336999],[-81.991365252947816,29.053506176930956],[-81.991371285933212,29.0524809178787],[-81.991304306283624,29.052473488678817],[-81.991168873192436,29.052461818746767],[-81.991033099929297,29.052453740640352],[-81.990897110730145,29.052449259780705],[-81.990760525582886,29.05244903300234],[-81.990624185461897,29.052441816122865],[-81.990465279052941,29.05248997055584],[-81.990401070535626,29.052487211314212],[-81.990336817440038,29.052489028413344],[-81.990272940773181,29.0524954083495],[-81.990209864625427,29.052506309649075],[-81.990181254549427,29.052512818427616],[-81.990152190766381,29.05251753162543],[-81.990105628280503,29.052521270868681],[-81.990058881396735,29.052520410248128],[-81.989985795992524,29.052513904777573],[-81.989912367174838,29.052512024339375],[-81.989838974872796,29.052514777984499],[-81.989770772512671,29.052526172238093],[-81.989704424003264,29.052544126189812],[-81.989640743658512,29.052568419748347],[-81.989580512942837,29.052598755225009],[-81.989524471229501,29.052634759137224],[-81.989476396800569,29.052641670467978],[-81.989427721154868,29.052643356618745],[-81.989379176457518,29.05263979148069],[-81.989331494864985,29.052631031053565],[-81.989285393122685,29.052617205324101],[-81.989285402512408,29.052526349130055],[-81.989173821861527,29.05251198487273],[-81.989063294336901,29.052492314287591],[-81.988954147518356,29.052467394247838],[-81.988880304823127,29.052447328618172],[-81.988809683604202,29.052425617453803],[-81.988797013399747,29.052423199183643],[-81.988784073974713,29.05242247266872],[-81.988771156955977,29.052423453272088],[-81.98875855192054,29.052426120265586],[-81.988746541261932,29.052430412317729],[-81.988735396082049,29.052436232907269],[-81.988722335323928,29.052446435719059],[-81.988711465691637,29.052458461323585],[-81.988703113767116,29.052471950640555],[-81.988680782684568,29.052508447874526],[-81.988662341717571,29.052541572702726],[-81.988644543327339,29.052576786365524],[-81.988631601747628,29.052604909402341],[-81.988617506372989,29.052638662580044],[-81.988602670932991,29.052678900394358],[-81.988596963310854,29.052690984173285],[-81.988589047008944,29.052702065328909],[-81.988579141810334,29.052711833494531],[-81.988567524998572,29.052720018008699],[-81.988554521088759,29.052726389719002],[-81.988540490531093,29.052730770906276],[-81.988524630297974,29.052733331130547],[-81.988508504374053,29.052733470507498],[-81.988434399169861,29.052736789054624],[-81.988390811233771,29.05274161611139],[-81.988347593755009,29.052748555428405],[-81.988270827308568,29.05276638866545],[-81.98824712848689,29.052773388301901],[-81.988197086962757,29.052793676235702],[-81.988156126842156,29.05280663481285],[-81.98811416172812,29.052816804334789],[-81.98808802637754,29.052821636446009],[-81.988059856648846,29.05282778570302],[-81.988033290407955,29.05283805491673],[-81.988011907513084,29.052850707514875],[-81.987992661244476,29.052865777514178],[-81.98797590179565,29.052882988848669],[-81.987962260490733,29.052904063129869],[-81.987952262331717,29.05292665988631],[-81.987946119938485,29.052950296416981],[-81.987930968547118,29.053011589779658],[-81.987917490899903,29.053064376576028],[-81.98790962257327,29.053094667278927],[-81.987903300408135,29.053118731472502],[-81.987895909855013,29.053146563498977],[-81.987886225340972,29.053182566383629],[-81.987875141785082,29.053222302783865],[-81.987860949603103,29.053273178475148],[-81.987845319180465,29.053329220500885],[-81.987830377270669,29.053380789975083],[-81.987830862973055,29.053389609825192],[-81.987830833636281,29.053420832387136],[-81.987828073854089,29.053451960864145],[-81.98782250452679,29.053483233451281],[-81.987814180149087,29.05351402938323],[-81.987803918350622,29.053542308674228],[-81.98779132973533,29.053569852393007],[-81.987772704528908,29.053602601727643],[-81.98775079760749,29.053633742893862],[-81.987724920289153,29.05365161744243],[-81.987702193054588,29.053672540182795],[-81.987687900018585,29.053689449440618],[-81.987673133949613,29.053711954605873],[-81.987640954194617,29.053742340502499],[-81.987610407002151,29.053774001466273],[-81.987574917352617,29.053814895918578],[-81.987551389018293,29.053844948749227],[-81.987508963311356,29.053906853076402],[-81.987472335999129,29.053971552297661],[-81.987434039252747,29.054033634734669],[-81.987390232574086,29.054092834754581],[-81.987389584517047,29.054093623288072],[-81.987341213796626,29.054148792369759],[-81.987287260220825,29.054201128642394],[-81.987226640366501,29.054251112912485],[-81.987226378511735,29.054501130668125],[-81.98712751644841,29.054549549397994],[-81.987115022466838,29.054556848561656],[-81.987101443277652,29.054562452232446],[-81.987087072585396,29.05456623863018],[-81.987072223600777,29.054568125677172],[-81.987057220825264,29.054568071899538],[-81.987046865307505,29.054563172413133],[-81.987035762031908,29.054559767934634],[-81.987024186192528,29.054557943304996],[-81.987012426337742,29.05455774276378],[-81.987000780262534,29.05455917446033],[-81.986989533445012,29.054562199624186],[-81.986978972394823,29.054566744296157],[-81.986969356927617,29.054572694814077],[-81.986892028720234,29.054619012239169],[-81.986818900521257,29.054656340598374],[-81.986742646066261,29.054688479586392],[-81.986727391147042,29.054692639402926],[-81.986713016016978,29.054698755451671],[-81.986699841081332,29.054706690617806],[-81.986688165186251,29.054716268084064],[-81.986587979818339,29.054853682845145],[-81.986656495030672,29.055011185656358],[-81.986660003514189,29.055062140561034],[-81.986660646492012,29.055068993454618],[-81.986662497114096,29.05507567413235],[-81.986665511245519,29.055082019276782],[-81.986669612916515,29.05508787368786],[-81.986674705617915,29.055093094795382],[-81.986680662031944,29.055097554462638],[-81.986687336354322,29.055101142596648],[-81.98669456634758,29.055103772562216],[-81.98670217539464,29.055105380279731],[-81.986717119293928,29.055108720201222],[-81.986731243467105,29.055114161454171],[-81.986744165930773,29.055121556026929],[-81.986755537567774,29.05513070809025],[-81.986765054450501,29.055141369487121],[-81.98677246091961,29.05515325416939],[-81.986787475431115,29.055182744920817],[-81.986798811469939,29.055213477750776],[-81.986801702866501,29.055216054951543],[-81.9868040571492,29.055219025494321],[-81.986805806554429,29.055222300948802],[-81.98680690385693,29.055225789277696],[-81.986807314155016,29.055229390324275],[-81.986807028219758,29.055233001227577],[-81.986806054279512,29.055236517323699],[-81.986804416992229,29.055239839363985],[-81.986802167714714,29.055242870809455],[-81.986799368071416,29.055245525047024],[-81.986796097142602,29.055247726292755],[-81.986792451464112,29.055249411396424],[-81.986788534758091,29.055250532547255],[-81.986784458959875,29.055251057274109],[-81.986780342164096,29.055250969347544],[-81.986776300408948,29.055250273290376],[-81.986772448704045,29.055248987159558],[-81.986733676985608,29.055260242005552],[-81.986693364604918,29.055265963896254],[-81.986681334613593,29.055265642393522],[-81.986669419401764,29.055267128171373],[-81.986657964010362,29.055270374345426],[-81.986647307324816,29.055275289819093],[-81.986637759484765,29.055281728453739],[-81.986629600855721,29.05528950170066],[-81.986623067651919,29.055298384013238],[-81.986619179888393,29.055305963694362],[-81.986613908988275,29.055312867428505],[-81.986607400794952,29.05531890214175],[-81.986599838116945,29.055323899125522],[-81.986591433539317,29.05532771674261],[-81.986561118803394,29.055350378125667],[-81.986528181764442,29.055370011181409],[-81.986493012673506,29.055386382256216],[-81.986466179276519,29.055399561889612],[-81.986441443440782,29.055415601060108],[-81.986419198498837,29.055434243560597],[-81.986406577640821,29.055452516194208],[-81.986397134826419,29.055472214753625],[-81.986391073437588,29.055492915187763],[-81.986382907631992,29.055508149385815],[-81.986371986851111,29.055521987473991],[-81.98635861613154,29.055534051426648],[-81.986343160064393,29.055544008338213],[-81.986326044847317,29.055551583957705],[-81.986313350014328,29.055562138457432],[-81.986302787816257,29.055574375026477],[-81.986294642747112,29.055587960752529],[-81.986289135637648,29.055602534745827],[-81.986274927428553,29.055649777663636],[-81.986268032592463,29.055698265574151],[-81.986252235702423,29.055738141196873],[-81.986229801278554,29.055775479823325],[-81.986201238768842,29.055809434260052],[-81.986155929513529,29.055836364507076],[-81.986107723921521,29.055859085295324],[-81.986057128289147,29.05587735937425],[-81.986040948126998,29.055880077169892],[-81.986024488926844,29.055880726002805],[-81.986008096755768,29.055879293277009],[-81.985992107406446,29.055875806998269],[-81.985979733740209,29.055872496137852],[-81.985966942932876,29.05587082197157],[-81.985954009160537,29.055870820619191],[-81.985941215846296,29.055872492110399],[-81.985928843337376,29.055875800383358],[-81.985914412405592,29.055882932308709],[-81.98589894867591,29.055888130534544],[-81.985882784878839,29.055891285017161],[-81.985866270169808,29.05589232721962],[-81.985849759859576,29.05589123371993],[-81.985829621579938,29.055889705837945],[-81.985809444951684,29.055890763887991],[-81.985789658192829,29.055894384456021],[-81.985770679259815,29.055900490892586],[-81.985682213461516,29.055904961316543],[-81.985594233738581,29.055914228263404],[-81.985507073825801,29.055928255678847],[-81.985487628824373,29.055933175524743],[-81.985467534193447,29.055935250403625],[-81.985447320848579,29.055934426235815],[-81.985437196967524,29.055932245225836],[-81.985426811031786,29.055931459113992],[-81.985416410520855,29.055932085972753],[-81.985406242918359,29.055934114099387],[-81.985396554686801,29.055937491188374],[-81.985387571754515,29.055942138765896],[-81.985376778353697,29.055947114576163],[-81.985365246825054,29.055950581690279],[-81.98535324622766,29.055952459834337],[-81.985341062045904,29.055952705729847],[-81.985328976678716,29.055951309482548],[-81.985317277652769,29.055948309019715],[-81.985304259014072,29.055945656692124],[-81.985290933079654,29.05594479355404],[-81.98527761304949,29.055945742196709],[-81.985264617265102,29.055948476488947],[-81.985252253804362,29.0559529324027],[-81.985197866060062,29.055953880129646],[-81.985143643304497,29.055950041248902],[-81.985090129795566,29.055941454619241],[-81.985037861569012,29.05592820421337],[-81.985034851014547,29.055926054643063],[-81.985031467626982,29.055924385044968],[-81.98502781100818,29.055923245055624],[-81.985023986924148,29.055922665364349],[-81.985020105250186,29.055922664931359],[-81.985016280998778,29.055923243769438],[-81.985012625077545,29.055924382943086],[-81.985009241207592,29.055926051786297],[-81.98500622695137,29.055928200684537],[-81.985002404653329,29.05592947157243],[-81.98499839143642,29.055930160467241],[-81.984994306423829,29.05593024662981],[-81.984990260521172,29.055929726463411],[-81.984986373873312,29.055928615320234],[-81.984982754299779,29.055926946596745],[-81.984979505510367,29.055924768125571],[-81.98497671889055,29.055922138565208],[-81.984974477607864,29.05591913461895],[-81.984972842236644,29.055915843814926],[-81.984924565308916,29.055890399475594],[-81.984879322441543,29.055860965571203],[-81.984837539759496,29.05582781464199],[-81.98482897824924,29.055822645405811],[-81.984821339041702,29.055816462108815],[-81.984814777180475,29.055809386576669],[-81.984809426140842,29.055801564092018],[-81.98476022510016,29.055769131417438],[-81.984748559586208,29.055761956051697],[-81.984738352494702,29.055753230730858],[-81.984729867704658,29.055743181957954],[-81.984723324933498,29.055732068713173],[-81.984702540278391,29.0556922143716],[-81.984688189452584,29.055650228668899],[-81.984647752431755,29.055587432467224],[-81.984611980958036,29.055522487552643],[-81.984581022857697,29.055455661923464],[-81.984541533603775,29.055407951044167],[-81.984500199904943,29.055361461629435],[-81.984469947529206,29.055328041229426],[-81.984434817876846,29.05529853435516],[-81.984395458834598,29.055273485153908],[-81.984352596342447,29.055253358381758],[-81.984262260090688,29.055216908275479],[-81.984174314127301,29.055176196913536],[-81.984089015164102,29.055131346138939],[-81.984068098467986,29.055111123525581],[-81.984045089723082,29.055092737705912],[-81.984001173232386,29.055062885001181],[-81.983962505994711,29.055027876368978],[-81.983922863609223,29.054997101114591],[-81.983879310172952,29.054970719490889],[-81.983832474079406,29.054949113234962],[-81.983805173862066,29.054938484675354],[-81.983780333661812,29.054923927872636],[-81.983758672235268,29.054905867889868],[-81.983739844569001,29.054890722616758],[-81.983718722441026,29.054878126910982],[-81.983695749424413,29.054868346096171],[-81.983671408122348,29.054861585950341],[-81.983646210927475,29.054857988193358],[-81.983625115962766,29.054855570214237],[-81.98360451220563,29.054850911023884],[-81.983584707711941,29.054844083745092],[-81.983558194877588,29.054835299495235],[-81.983530513925146,29.054829989783912],[-81.983502247078604,29.054828270173935],[-81.983473997112426,29.054830174123627],[-81.983464871004628,29.054831192578483],[-81.983455675276701,29.054830905422438],[-81.983446654327224,29.054829318099337],[-81.983438043306606,29.054826474849985],[-81.983430065037936,29.05482244878678],[-81.98335993009087,29.054819911017812],[-81.9832899080224,29.054824254929144],[-81.983220873735192,29.054835426493408],[-81.983153684689356,29.054853286868237],[-81.983089177822677,29.054877612395948],[-81.983028159281119,29.05490810272234],[-81.982971383882628,29.054944374478108],[-81.982913558517836,29.055002045491754],[-81.982860651303611,29.055063254954458],[-81.982744651040065,29.055160515990917],[-81.982674107275656,29.055267991213878],[-81.982608341107493,29.05537777956485],[-81.98254744910183,29.05548971775033],[-81.982491521665594,29.055603638866483],[-81.982229566221164,29.056249031744741],[-81.98220330307764,29.056279796969537],[-81.982180953045699,29.056312861721803],[-81.982162771891922,29.056347844372354],[-81.982153357090297,29.056372650449955],[-81.982139394427605,29.056395744293884],[-81.982121271154071,29.056416487138915],[-81.982099489522696,29.056434307003908],[-81.982039614535083,29.056489864211397],[-81.98193611769949,29.056562677980036],[-81.98187256349695,29.056616253206688],[-81.98179328411419,29.056688016266399],[-81.981707936821962,29.056776166590552],[-81.981637198929917,29.056860007757201],[-81.981569876052092,29.056951690180203],[-81.981619003079473,29.057034202433027],[-81.981647782806448,29.057123585467235],[-81.981654966019221,29.057216542188673],[-81.981640237151282,29.057308671228729],[-81.981604226276602,29.057396396023091],[-81.981548811277264,29.057475593386897],[-81.981475869911407,29.057542961205666],[-81.981388531671314,29.057595753340518],[-81.981290868686955,29.057631766057824],[-81.981285315622941,29.057702984156418],[-81.981286679830788,29.057774358410697],[-81.981294950122134,29.057845370909373],[-81.981310067042457,29.057915508244921],[-81.981315413231258,29.057955076732011],[-81.981327541404298,29.057993474098577],[-81.981346168300348,29.05802980433813],[-81.981370860716453,29.058063226461663],[-81.981401046801494,29.058092964424773],[-81.98143602426768,29.058118327881516],[-81.981474981952999,29.058138725722035],[-81.981517015221755,29.058153686827481],[-81.981561148556523,29.058162862780488],[-81.98160635404129,29.05816604049982],[-81.981651586276641,29.058163146756758],[-81.981793837205501,29.058181223476847],[-81.981934874300819,29.058205555399045],[-81.982074341255995,29.058236082929007],[-81.982211887928202,29.058272726624445],[-81.982347165201602,29.058315397119351],[-81.982479833204422,29.058363984297863],[-81.982609554118895,29.058418364511301],[-81.982736001422765,29.058478404188385],[-81.982776448974604,29.058514716278573],[-81.982822313441162,29.058545660476117],[-81.982872683013582,29.058570619498834],[-81.98292655240968,29.058589094252405],[-81.982982844437871,29.058600717367625],[-81.983040440805127,29.058605255911697],[-81.983098190331987,29.058602621314499],[-81.983154940788978,29.058592864861222],[-81.983209562516734,29.058576180402408],[-81.98326096280428,29.058552901648341],[-81.983308118753129,29.058523494052661],[-81.983367913187053,29.058403456560484],[-81.983430829722636,29.058409399545781],[-81.983494108630609,29.058409763741079],[-81.983557109101852,29.058404544555934],[-81.98361919545286,29.058393795147822],[-81.983679741234425,29.05837762371555],[-81.983738131285861,29.058356193499538],[-81.983793780220239,29.058329721881755],[-81.983846122156223,29.058298475872675],[-81.984001605269071,29.058218505448561],[-81.984153553233966,29.058133452777863],[-81.984201714664138,29.058100297810729],[-81.984253985001814,29.058072356689546],[-81.984309636107056,29.058050019110016],[-81.984367893642997,29.058033596264867],[-81.984427948372243,29.058023315431829],[-81.984488964371465,29.058019321779188],[-81.984550089301251,29.058021668442226],[-81.984610473915524,29.05803032464587],[-81.984669279250411,29.058045168487336],[-81.984725683810666,29.058065995057326],[-81.984760190287986,29.0580873505635],[-81.984790326560741,29.058113313516397],[-81.984815307135264,29.058143206216801],[-81.984834479003482,29.058176243609104],[-81.984847337042666,29.058211563960064],[-81.984853549686619,29.058248244200303],[-81.984852951734368,29.05828532518704],[-81.984845561805159,29.058321836067634],[-81.984831568984987,29.058356824053327],[-81.984811341040583,29.058389370661324],[-81.984785407983665,29.058418630511351],[-81.984773549374253,29.05841663602769],[-81.984761479982453,29.058416435254241],[-81.98474954485232,29.058418037252931],[-81.984738092117169,29.058421393340165],[-81.984727452460064,29.058426405205093],[-81.984717935005492,29.058432929420263],[-81.984709812942597,29.058440777440303],[-81.984703321470349,29.058449721015073],[-81.984698651634773,29.058459502114161],[-81.984695933897328,29.058469837436263],[-81.984695251483458,29.05848042833593],[-81.984696620869968,29.058490967137146],[-81.984700003079283,29.058501149766645],[-81.985151233264887,29.05858697940473],[-81.985603828752801,29.058667063749461],[-81.986057696023423,29.05874138292722],[-81.986083622525925,29.058758867315809],[-81.986106125844174,29.058779694297073],[-81.986124653560537,29.058803351319909],[-81.986138751849595,29.058829259074511],[-81.986148075746172,29.058856784125286],[-81.986152394278832,29.058885248836134],[-81.986151602789846,29.058913957537996],[-81.98619157600821,29.059067639992897],[-81.986237257189018,29.059220088697018],[-81.986288595030416,29.05937114303331],[-81.98634553617633,29.059520637872513],[-81.986408016999036,29.059668416204286],[-81.986475973870284,29.059814315603941],[-81.986509902406056,29.059880643895003],[-81.98653646340351,29.059949514066297],[-81.986555418681291,29.060020300817449],[-81.986566591675739,29.060092352687079],[-81.986569880789119,29.060165012806316],[-81.986565258363584,29.060237617094074],[-81.98655276451926,29.06030950237707],[-81.986538245756662,29.060411251151905],[-81.986531823303991,29.060513639550951],[-81.986533526003683,29.060616174030624],[-81.98654334778297,29.060718355628556],[-81.986561237382645,29.060819688985667],[-81.986581252106717,29.060981885911641],[-81.986593416812497,29.061144684770699],[-81.986597706854397,29.061307791418937],[-81.986594118125907,29.0614709090062],[-81.986582652681307,29.061633746997661],[-81.986563336195729,29.061796010348075],[-81.986536199479062,29.061957408522716],[-81.986501291827523,29.062117650085185],[-81.986484761415369,29.062184294489018],[-81.986460852498865,29.062249187721584],[-81.986429793133041,29.062311700912311],[-81.986391887367418,29.062371227754532],[-81.986347500868504,29.062427188113144],[-81.986297065026022,29.062479043364267],[-81.986243182444483,29.062524665287683],[-81.986184619540325,29.062565593945592],[-81.986121902171007,29.062601460353534],[-81.986055598296389,29.062631939743678],[-81.985986302573139,29.062656758781806],[-81.985914642516391,29.062675693763595],[-81.985841260013544,29.062688573319662],[-81.985766819538995,29.062695282025743],[-81.985724868002748,29.062695398477178],[-81.985683385048233,29.062700879926457],[-81.985643249767776,29.062711607367028],[-81.985605320730514,29.062727351712802],[-81.98557040517305,29.062747781013098],[-81.98552065963959,29.062757641194185],[-81.985469861261905,29.062761566942804],[-81.985418922003731,29.062759489783492],[-81.985368755868436,29.06275144410235],[-81.985320265546477,29.062737575266155],[-81.985274321876233,29.062718134206214],[-81.98523175152107,29.062693467491822],[-81.985193318483084,29.062664020937074],[-81.985159711781264,29.06263032426039],[-81.985131538264355,29.062592979353788],[-81.985109302071791,29.062552660280215],[-81.985082706934435,29.062537428633835],[-81.985059490033692,29.062518405974586],[-81.985040345515429,29.062496159013786],[-81.985025840166671,29.062471349188172],[-81.985016407256111,29.062444718222356],[-81.985012331134428,29.062417057449291],[-81.985013728751468,29.062389194273926],[-81.985020561985493,29.062361956985605],[-81.985032625322788,29.062336157613231],[-81.985049559212371,29.062312566663135],[-81.985094572652571,29.062271973545958],[-81.985134895425091,29.062227736484452],[-81.985170144415861,29.062180273196429],[-81.985199989910669,29.062130031180764],[-81.985224148407056,29.062077482302612],[-81.985242393910568,29.062023122794596],[-81.985254553827843,29.061967464233312],[-81.985244552950945,29.061941155333358],[-81.985229595714799,29.061916730751978],[-81.985210115396271,29.061894903337045],[-81.985186685973915,29.061876314671629],[-81.985159992350134,29.061861507100186],[-81.985130813920847,29.061850917411011],[-81.985100009175056,29.061844850668656],[-81.985068477696686,29.061843489232878],[-81.985037144763737,29.061846872004296],[-81.98500692643205,29.061854897127674],[-81.9849230160617,29.061888781909058],[-81.984842610788462,29.061928686148825],[-81.984766263146142,29.06197433472018],[-81.984694508219988,29.062025407381242],[-81.984627841051903,29.062081552306459],[-81.984566724857146,29.06214237977122],[-81.984511586915858,29.06220746666261],[-81.984534655189663,29.062216575139381],[-81.98455561359458,29.062229014590013],[-81.984573843956412,29.06224441681394],[-81.984588809242027,29.062262331512471],[-81.984600071017368,29.062282228095338],[-81.98460729765921,29.062303522749755],[-81.984610276677515,29.062325588366917],[-81.984608918820001,29.062347778001577],[-81.984603266286697,29.06236943660258],[-81.984593482456319,29.062389928982554],[-81.984579857020222,29.062408649743453],[-81.984562792627784,29.062425051246077],[-81.984483149267007,29.0624481593991],[-81.984401512442076,29.062465068604602],[-81.984318507607071,29.062475646296811],[-81.984234767397837,29.062479814049063],[-81.984150934713526,29.062477539453798],[-81.984067648338268,29.062468837925429],[-81.983985543966455,29.062453779016383],[-81.983905251123019,29.062432476491654],[-81.983831493964217,29.062430508777624],[-81.98375787649465,29.062434968887821],[-81.983685124769792,29.062445814503622],[-81.983613952532394,29.062462939244259],[-81.983545062239813,29.062486173569617],[-81.983479131713239,29.062515291094066],[-81.98341680695043,29.062550001367288],[-81.983358702123937,29.062589965212823],[-81.983291553910661,29.062629271047385],[-81.983220402463004,29.062662697086829],[-81.983145910232381,29.062689931218895],[-81.983068772526465,29.062710719082684],[-81.982989709292525,29.06272486677452],[-81.982909463062853,29.062732241750375],[-81.982828780468168,29.062732774627985],[-81.98274841634445,29.062726462796757],[-81.982669120383022,29.062713360490857],[-81.982591635073234,29.062693595932306],[-81.982516684408921,29.062667347870004],[-81.982444967722472,29.062634867233658],[-81.98098638568915,29.065181092792788],[-81.981188603152432,29.065197371350639],[-81.981390293036199,29.065218089652337],[-81.981455401598026,29.065226898602518],[-81.981519883412531,29.065237358607892],[-81.981552123713243,29.065243138538747],[-81.981584364995655,29.065249193657444],[-81.98161629197412,29.065255523018632],[-81.981648533166847,29.065262127610684],[-81.981680147802166,29.065269282500434],[-81.981712074598732,29.065276710816253],[-81.981754956996156,29.065286069689243],[-81.981797841407456,29.065295701037471],[-81.981840723676456,29.065305881860414],[-81.981883293700534,29.065316337823017],[-81.981925862610225,29.065327344162931],[-81.981968120302881,29.065338624740804],[-81.982010376929665,29.065350182305224],[-81.9820526334709,29.065362288442792],[-81.982094577769033,29.065374669720878],[-81.982177838714207,29.065400532034054],[-81.982219467520324,29.065414288306368],[-81.98226078618589,29.065428044524776],[-81.982279252992512,29.065431347505164],[-81.982315878605661,29.065437402124484],[-81.982325581064302,29.065440704845962],[-81.982335283477127,29.065444280055377],[-81.982344673637741,29.065448132223064],[-81.982353751546711,29.065452258642271],[-81.982362828382719,29.065456659353952],[-81.982371904145396,29.065461337064907],[-81.982380668683831,29.065466287223064],[-81.982389118963113,29.065471239143989],[-81.982397571204118,29.065476738748789],[-81.982408839365846,29.065482791819917],[-81.982414158580767,29.065486367351436],[-81.98241916661712,29.065489943744272],[-81.982424175634307,29.065493794430274],[-81.98242887034543,29.065497920270417],[-81.982433250750447,29.065502321264791],[-81.98243731993054,29.06550699651153],[-81.982441074851025,29.065511672619273],[-81.982444516492521,29.065516622979175],[-81.982451715482213,29.065524050589662],[-81.982458602267329,29.065531476354376],[-81.982465174700422,29.065539452468666],[-81.982471433901424,29.065547429443999],[-81.982477379824033,29.06555568067137],[-81.982483012514621,29.065563931857564],[-81.982488018647203,29.065572732450523],[-81.982492712574583,29.065581533002529],[-81.982497094296562,29.065590334415944],[-81.982500849506749,29.065599410040761],[-81.982504604670993,29.065608761763219],[-81.982510234575585,29.065627464060537],[-81.982514615088533,29.065637364450566],[-81.98251868437633,29.065647541799969],[-81.982525565913761,29.065667892725596],[-81.982531198535483,29.065688794781572],[-81.982533386326466,29.065699245276498],[-81.982535262938214,29.065709697535478],[-81.982536826317272,29.065720147046822],[-81.982538076416503,29.065730873517445],[-81.982540267382831,29.065740773621648],[-81.982542144042313,29.065750950684983],[-81.982543707468921,29.065761125902998],[-81.982545581388479,29.065781476175989],[-81.982545891881017,29.065791652133282],[-81.982545890166932,29.065801828049985],[-81.982545576246082,29.065812003926059],[-81.982546727082138,29.065814534971839],[-81.982547765901842,29.065817504511266],[-81.982548079653029,29.065820529897799],[-81.982548079189826,29.065823280048008],[-81.982547764419664,29.065826304450539],[-81.98254682630909,29.065829054478829],[-81.982545260703887,29.065831804425535],[-81.982543695144784,29.065834280079017],[-81.982541502137366,29.065836480455413],[-81.982538999023575,29.065838404693654],[-81.98253618066822,29.065840053695371],[-81.982533362359035,29.065841428403811],[-81.982530231935741,29.065842252680635],[-81.982526789351809,29.065842802623546],[-81.982523659021084,29.06584307741155],[-81.982520216576361,29.06584280176785],[-81.982497052440735,29.0658381231333],[-81.982473887795166,29.065836471644978],[-81.982450725018509,29.065835917325682],[-81.982439141482928,29.065836191006355],[-81.982427560981762,29.065836738979655],[-81.982410030438146,29.065841138006871],[-81.98239312617396,29.065846636091305],[-81.982376847208457,29.065852958939871],[-81.982369334169206,29.065856258494581],[-81.982362133289669,29.065859832383051],[-81.982354933389772,29.065863681466755],[-81.982347732415462,29.065867805745416],[-81.982340845654591,29.06587220526049],[-81.982334270073238,29.065876603913885],[-81.982321750323621,29.065886503889335],[-81.982304510176604,29.065904280148075],[-81.982290623830551,29.065924193446723],[-81.982280423089605,29.065945758403231],[-81.982274156578029,29.06596845443562],[-81.982273916828092,29.065983147135498],[-81.982276367838779,29.065997684096164],[-81.982281441894102,29.066011686350809],[-81.982289008628328,29.066024791165276],[-81.982298871943712,29.06603665835366],[-81.982310865609108,29.066046455088902],[-81.982324268579305,29.066054722643599],[-81.982338828238156,29.066061310303343],[-81.982354271424796,29.066066093517172],[-81.982381311503545,29.066076773750829],[-81.98240961221191,29.066084528049405],[-81.982438766874807,29.06608924718304],[-81.982447237426626,29.066090031470129],[-81.982468858678047,29.066090923041497],[-81.982490439243122,29.066089487623387],[-81.982495961342991,29.066089912415222],[-81.982501490765685,29.066089545005777],[-81.982506877567602,29.066088395300543],[-81.982511982071955,29.066086492154341],[-81.982516667678823,29.066083888783925],[-81.982520811137263,29.066080651039723],[-81.982524300489757,29.066076865526163],[-81.98252704637045,29.066072633287003],[-81.982528973789641,29.066068066195324],[-81.982530033431075,29.066063285150243],[-81.982530195490838,29.066058415564896],[-81.982523939594032,29.066030638053473],[-81.982534901217946,29.065997362482413],[-81.982544695533022,29.065986132171808],[-81.982545777157711,29.065984967468644],[-81.982557442570808,29.065974266136564],[-81.982562345133516,29.065970084704556],[-81.982567906911427,29.06596659721145],[-81.982574002597815,29.06596388123705],[-81.98258049148356,29.065961999922603],[-81.982587230808903,29.065960996559042],[-81.982594063439748,29.06596089278062],[-81.982604173016412,29.065955879217423],[-81.982615001265827,29.065952202925892],[-81.982626322236683,29.06594993696126],[-81.982637894576541,29.065949131819906],[-81.982649477966206,29.065949801907188],[-81.982748234026062,29.065968278897977],[-81.982838681351993,29.065988920226737],[-81.982845958382043,29.065990582254763],[-81.982942464138389,29.066016665939738],[-81.982989600285947,29.066035284157703],[-81.983035742016426,29.066055732960006],[-81.983111174800072,29.066082416581999],[-81.983207608461015,29.066123382277095],[-81.983301339424528,29.066168929345512],[-81.983392089404518,29.066218920611753],[-81.983404936099078,29.066789913068636]]]},"properties":{"PARCEL":"39392-000-00"}},{"type":"Feature","geometry":{"type":"Polygon","coordinates":[[[-81.982227855392154,29.04311129122199],[-81.981899248719429,29.04311075288626],[-81.981898808173099,29.043317013888704],[-81.982227416525944,29.043317553128222],[-81.982227741265064,29.04316612657329],[-81.982227855392154,29.04311129122199]]]},"properties":{"PARCEL":"4505-019-006"}},{"type":"Feature","geometry":{"type":"Polygon","coordinates":[[[-81.990012244979638,29.051191643817955],[-81.98969925662611,29.051192139888826],[-81.989695767780816,29.051467139004551],[-81.990008755937666,29.051466642941953],[-81.990012244979638,29.051191643817955]]]},"properties":{"PARCEL":"3933-002-002"}},{"type":"Feature","geometry":{"type":"Polygon","coordinates":[[[-81.992401255168787,29.04642522096259],[-81.99197688443661,29.046423829322816],[-81.991975886778206,29.046657590907053],[-81.99240015373266,29.046658984348763],[-81.992401255168787,29.04642522096259]]]},"properties":{"PARCEL":"45146-002-21"}},{"type":"Feature","geometry":{"type":"Polygon","coordinates":[[[-81.988351064332079,29.04940555211925],[-81.988042673109064,29.049399337160775],[-81.988043031757314,29.049468115479662],[-81.988043390375751,29.04953715636206],[-81.988043782191554,29.04961216945431],[-81.988351688245729,29.049619352517158],[-81.988351465774031,29.049543100606702],[-81.988351266079931,29.04947432501001],[-81.988351064332079,29.04940555211925]]]},"properties":{"PARCEL":"3934-002-077"}},{"type":"Feature","geometry":{"type":"Polygon","coordinates":[[[-81.989305953337606,29.043981808102888],[-81.989306148005284,29.043846472852305],[-81.98896468056202,29.043846445229875],[-81.988964648219067,29.0441214611524],[-81.989305752060574,29.044121488746104],[-81.989305953337606,29.043981808102888]]]},"properties":{"PARCEL":"4511-062-000"}},{"type":"Feature","geometry":{"type":"Polygon","coordinates":[[[-81.981501858787979,29.050770961560548],[-81.981877041705246,29.052070513835623],[-81.981969194219715,29.052052403904728],[-81.98206248868108,29.052039585045467],[-81.982156533860604,29.052032110438134],[-81.98225093237258,29.052030012510766],[-81.982704690844784,29.052032382465249],[-81.982707787112972,29.050774687182209],[-81.981988114666166,29.050772466803195],[-81.981501858787979,29.050770961560548]]]},"properties":{"PARCEL":"39393-000-14"}},{"type":"Feature","geometry":{"type":"Polygon","coordinates":[[[-81.977723206667051,29.04907189631211],[-81.977618045928693,29.049071878826279],[-81.977610736785067,29.049581483139491],[-81.9768905706879,29.049583561805633],[-81.975921583113404,29.049584766637103],[-81.975898410259589,29.049643340459962],[-81.976814814295565,29.049645976766694],[-81.978932094846385,29.049652204900642],[-81.978935101931057,29.049073497635714],[-81.977723206667051,29.04907189631211]]]},"properties":{"PARCEL":"45110-007-01"}},{"type":"Feature","geometry":{"type":"Polygon","coordinates":[[[-81.989410684178011,29.049267642061782],[-81.989723668776847,29.049267146662089],[-81.989727158499051,29.048992147455511],[-81.989414170623007,29.048992642863254],[-81.989410684178011,29.049267642061782]]]},"properties":{"PARCEL":"3933-002-011"}},{"type":"Feature","geometry":{"type":"Polygon","coordinates":[[[-81.982740759503869,29.044868745938516],[-81.982739890025343,29.045132761973473],[-81.983084148269882,29.045133638582492],[-81.983085022005312,29.044869626154785],[-81.982740759503869,29.044868745938516]]]},"properties":{"PARCEL":"4505-020-002"}},{"type":"Feature","geometry":{"type":"Polygon","coordinates":[[[-81.982727693917568,29.046069138863835],[-81.983087607866366,29.046069696264617],[-81.983087980957905,29.045884879892636],[-81.983088101479197,29.04582584714316],[-81.983088159630569,29.045796671830935],[-81.983088274661995,29.045739819897943],[-81.982807831580146,29.045654124251566],[-81.982795618779292,29.045654648718621],[-81.982783645973754,29.045656828904562],[-81.982772200674475,29.04566061341626],[-81.98276156218499,29.045665909354547],[-81.982751984144826,29.045672589530259],[-81.982743700690264,29.045680492465049],[-81.982736908997936,29.045689427802817],[-81.982731775444975,29.045699179919534],[-81.982728422259768,29.045709513335282],[-81.982727693917568,29.046069138863835]]]},"properties":{"PARCEL":"4505-001-025"}},{"type":"Feature","geometry":{"type":"Polygon","coordinates":[[[-81.978129387988702,29.042736638490073],[-81.977800782548599,29.042736007117114],[-81.977800118191382,29.043000020526847],[-81.978128727547528,29.043000655511484],[-81.978129147962818,29.042832894039204],[-81.978129387988702,29.042736638490073]]]},"properties":{"PARCEL":"4505-014-002"}},{"type":"Feature","geometry":{"type":"Polygon","coordinates":[[[-81.982225978098484,29.043994093940785],[-81.981897365548747,29.043993552892029],[-81.981896802993518,29.044257567192108],[-81.982225416379649,29.044258109144852],[-81.982225773730022,29.044090181660525],[-81.982225978098484,29.043994093940785]]]},"properties":{"PARCEL":"4505-019-002"}},{"type":"Feature","geometry":{"type":"Polygon","coordinates":[[[-81.978128487520451,29.043096910154578],[-81.978457095133336,29.043097540726464],[-81.97845775473921,29.042833524609087],[-81.978129147962818,29.042832894039204],[-81.978128727547528,29.043000655511484],[-81.978128487520451,29.043096910154578]]]},"properties":{"PARCEL":"4505-014-021"}},{"type":"Feature","geometry":{"type":"Polygon","coordinates":[[[-81.977890223437285,29.048133843281729],[-81.977832009891998,29.048133833684922],[-81.977826915019619,29.048545806961311],[-81.976331512104963,29.048541152197341],[-81.976308339779209,29.048599450904128],[-81.97893753303758,29.048605480453016],[-81.978939970588826,29.048135951012945],[-81.977890223437285,29.048133843281729]]]},"properties":{"PARCEL":"45110-005-01"}},{"type":"Feature","geometry":{"type":"Polygon","coordinates":[[[-81.983543200302009,29.044852521654711],[-81.98308553832878,29.044713164014553],[-81.983085022005312,29.044869626154785],[-81.983084148269882,29.045133638582492],[-81.983082776703029,29.045547684360052],[-81.98311300813441,29.045557046643985],[-81.983113132214157,29.045507598844392],[-81.983497481842377,29.045624861303697],[-81.983774707411783,29.044923160692679],[-81.983543200302009,29.044852521654711]]]},"properties":{"PARCEL":"4507-001-001"}},{"type":"Feature","geometry":{"type":"Polygon","coordinates":[[[-81.981098256565758,29.047053612276127],[-81.981097845375743,29.047253327096985],[-81.981098022627236,29.047261083144541],[-81.981099706238012,29.047268697745725],[-81.981102849015784,29.047275947127673],[-81.981107357560049,29.047282616533892],[-81.981113098421034,29.047288510150068],[-81.981119902206629,29.047293452909429],[-81.981127568714854,29.047297299516121],[-81.981135871040678,29.047299936250511],[-81.981144564816603,29.047301285481861],[-81.981426371278005,29.047302253201444],[-81.981426815139613,29.047082848770454],[-81.981426879837102,29.047054137238788],[-81.981098256565758,29.047053612276127]]]},"properties":{"PARCEL":"4505-004-001"}},{"type":"Feature","geometry":{"type":"Polygon","coordinates":[[[-81.988046954751994,29.050220997431474],[-81.987733166114822,29.050214636014509],[-81.987733289488048,29.05028278451125],[-81.987733415799667,29.050352135749957],[-81.987733544889977,29.050424039544971],[-81.98773365861156,29.050486978260455],[-81.98773378290079,29.050556068737254],[-81.988048741028464,29.050563230581226],[-81.988048385385937,29.050495037855061],[-81.988048041794627,29.050429199183931],[-81.988047456562086,29.050357346778743],[-81.988047462354515,29.050289284011317],[-81.988046954751994,29.050220997431474]]]},"properties":{"PARCEL":"3934-002-027"}},{"type":"Feature","geometry":{"type":"Polygon","coordinates":[[[-81.991984840645372,29.044556957504703],[-81.991983846139789,29.044790259892132],[-81.992411973501135,29.044789776777357],[-81.992413572869935,29.044556160426243],[-81.992386930867227,29.044556209446561],[-81.991984840645372,29.044556957504703]]]},"properties":{"PARCEL":"45146-002-13"}},{"type":"Feature","geometry":{"type":"Polygon","coordinates":[[[-81.978884326635608,29.044205255991699],[-81.979282883050345,29.044329852988447],[-81.979284529328609,29.043865481473453],[-81.979283196703264,29.043854534767934],[-81.979279723171871,29.043843956765979],[-81.97927421134851,29.043834069598343],[-81.979266831618943,29.043825172849061],[-81.979257805713488,29.043817536334814],[-81.979247408762063,29.043811392886827],[-81.979235956974861,29.043806928424011],[-81.979062945310233,29.043754040399556],[-81.978884326635608,29.044205255991699]]]},"properties":{"PARCEL":"4505-008-017"}},{"type":"Feature","geometry":{"type":"Polygon","coordinates":[[[-81.987109744253218,29.045570594479493],[-81.986755999013937,29.045569492660444],[-81.986755170660786,29.04583268040474],[-81.987077883046339,29.045931137379796],[-81.987109192039071,29.045940689249107],[-81.987109744253218,29.045570594479493]]]},"properties":{"PARCEL":"4508-309-050"}},{"type":"Feature","geometry":{"type":"Polygon","coordinates":[[[-81.991367179842811,29.046285463425612],[-81.99136699764837,29.046327877026688],[-81.991789504440177,29.046327903521114],[-81.991790502515371,29.046094141926844],[-81.991367993595574,29.046094115435547],[-81.991367179842811,29.046285463425612]]]},"properties":{"PARCEL":"45146-001-06"}},{"type":"Feature","geometry":{"type":"Polygon","coordinates":[[[-81.977954496178327,29.043415191913979],[-81.97777709271314,29.043863324054815],[-81.977998786501033,29.043931078713584],[-81.978176182960539,29.043482962524092],[-81.977954496178327,29.043415191913979]]]},"properties":{"PARCEL":"4505-008-012"}},{"type":"Feature","geometry":{"type":"Polygon","coordinates":[[[-81.984541652293075,29.044680215791391],[-81.984912825291957,29.044680701021406],[-81.984913844349094,29.044430317566093],[-81.984589598471558,29.044428892139056],[-81.984576571536692,29.044429736082989],[-81.984563856478573,29.044432362973033],[-81.984551766475448,29.044436707880873],[-81.984540599310307,29.044442662566986],[-81.984530632236385,29.044450080893654],[-81.984522109655629,29.04445877882355],[-81.984515243117499,29.04446854344253],[-81.9845102020779,29.044479132056232],[-81.984507109790428,29.044490283919192],[-81.984506044332406,29.044501723844228],[-81.984505635837152,29.044617453338592],[-81.984506471878063,29.044629611700163],[-81.984509537113837,29.044641489708756],[-81.984514752529378,29.044652774262893],[-81.984521978526686,29.044663168495134],[-81.984531024164937,29.044672397186766],[-81.984541652293075,29.044680215791391]]]},"properties":{"PARCEL":"4508-309-023"}},{"type":"Feature","geometry":{"type":"Polygon","coordinates":[[[-81.988355257590911,29.050843942199833],[-81.9883550548914,29.050774455617752],[-81.988354859155692,29.050706966688576],[-81.98835464751545,29.050634805739485],[-81.988049083558835,29.050629372417781],[-81.98804946331876,29.050702144227458],[-81.988049821999084,29.050770719519484],[-81.988050163519119,29.050836729620691],[-81.988355257590911,29.050843942199833]]]},"properties":{"PARCEL":"3934-002-098"}},{"type":"Feature","geometry":{"type":"Polygon","coordinates":[[[-81.978941421992815,29.047172786110906],[-81.97894177334328,29.047480329240013],[-81.979307168563892,29.047319380000534],[-81.979293409040849,29.047289695484061],[-81.979285049832853,29.047258496866394],[-81.979282293066959,29.047226536683564],[-81.979282501636533,29.047138530761529],[-81.978941382878574,29.04713786234791],[-81.978941421992815,29.047172786110906]]]},"properties":{"PARCEL":"4505-001-010"}},{"type":"Feature","geometry":{"type":"Polygon","coordinates":[[[-81.982228295283292,29.042905028407294],[-81.981899688237348,29.042904490072761],[-81.981899248719429,29.04311075288626],[-81.982227855392154,29.04311129122199],[-81.982228209182196,29.042946112965822],[-81.982228295283292,29.042905028407294]]]},"properties":{"PARCEL":"4505-019-007"}},{"type":"Feature","geometry":{"type":"Polygon","coordinates":[[[-81.981672447329373,29.04455169370118],[-81.981466836230695,29.04507120640552],[-81.981688499075943,29.04513896037253],[-81.981910162211022,29.045206713973155],[-81.98211576930504,29.044687198794879],[-81.98189411330624,29.04461944643193],[-81.981672447329373,29.04455169370118]]]},"properties":{"PARCEL":"4505-007-010"}},{"type":"Feature","geometry":{"type":"Polygon","coordinates":[[[-81.983088511766923,29.043813565511943],[-81.983087804491149,29.044026580053568],[-81.983468339341016,29.044027289708545],[-81.983468711332534,29.043793526218241],[-81.983088580846683,29.043792923084855],[-81.983088511766923,29.043813565511943]]]},"properties":{"PARCEL":"4508-309-014"}},{"type":"Feature","geometry":{"type":"Polygon","coordinates":[[[-81.974757391042999,29.052576454845504],[-81.973036496795402,29.057070929624999],[-81.972973542244233,29.057247705474346],[-81.972918290860704,29.057426458839572],[-81.97287082387551,29.057606930791742],[-81.972831209172227,29.05778885878884],[-81.972799504366847,29.057971980285544],[-81.972775755781498,29.058156029123776],[-81.972759998443209,29.058340739141855],[-81.972752253003293,29.058525842369232],[-81.972739695544803,29.059155364103439],[-81.972800872852162,29.059084873165069],[-81.972826230292682,29.05906727840371],[-81.972862232129842,29.059048584104161],[-81.972903237426351,29.059040618025374],[-81.973281678013265,29.058989264746046],[-81.973657303761215,29.058924435180241],[-81.973939029105168,29.058858762586105],[-81.974214808529553,29.05877521045878],[-81.974482456608897,29.058673780223351],[-81.974975496571034,29.05844890995392],[-81.975476982437698,29.058238890958073],[-81.975985976860542,29.058043445974633],[-81.976502162506776,29.057863403158265],[-81.977024917320222,29.057698483516027],[-81.977285015627075,29.057740054367969],[-81.977548249008677,29.057759349718491],[-81.977812765768093,29.057756366536477],[-81.978075354684236,29.057730560214228],[-81.978333905160426,29.057682474497817],[-81.978585889741538,29.057612386007392],[-81.978891371327364,29.057495614207745],[-81.978896651605552,29.056477279444234],[-81.978903855608493,29.055088310072119],[-81.978904002015028,29.055060189583539],[-81.97473906857924,29.055042243358667],[-81.974755161054262,29.053224390336144],[-81.974757391042999,29.052576454845504]]]},"properties":{"PARCEL":"39390-000-00"}},{"type":"Feature","geometry":{"type":"Polygon","coordinates":[[[-81.980889012064637,29.048970845793047],[-81.981521849858794,29.048976687314784],[-81.981637981450177,29.048986576019498],[-81.981753296754036,29.049002188593214],[-81.981867430246467,29.04902347536315],[-81.981980020513177,29.049050368612537],[-81.981989099834195,29.048145368669243],[-81.980892272687029,29.048138192817497],[-81.980889012064637,29.048970845793047]]]},"properties":{"PARCEL":"39393-000-05"}},{"type":"Feature","geometry":{"type":"Polygon","coordinates":[[[-81.987578984619958,29.051168059052657],[-81.987229883942049,29.051160999334002],[-81.987229817379472,29.051226211777042],[-81.987229743209312,29.051294830334161],[-81.987229672090706,29.051363683484244],[-81.987229596486685,29.051435604392708],[-81.987229533748305,29.051494776054106],[-81.987579911231691,29.051507662830161],[-81.987579731210744,29.051441771850584],[-81.987579536385283,29.051370888541474],[-81.987579347599024,29.051301024811064],[-81.987579164606728,29.051234227937854],[-81.987578984619958,29.051168059052657]]]},"properties":{"PARCEL":"3934-001-019"}},{"type":"Feature","geometry":{"type":"Polygon","coordinates":[[[-81.982224740882316,29.044574886231729],[-81.982449818076688,29.044643684242736],[-81.98246197578618,29.044646437794402],[-81.982474477765081,29.044647443667497],[-81.982487002633206,29.044646674751519],[-81.982499224895065,29.044644152658854],[-81.982510828289307,29.044639940508198],[-81.982521514002116,29.044634148339373],[-81.982531004775694,29.044626925895546],[-81.982539054149868,29.044618459917523],[-81.982545456730776,29.044608968731325],[-81.982550044084206,29.044598699540931],[-81.982552698085797,29.044587916700106],[-81.98255335194817,29.044576899005826],[-81.982553824678149,29.044354735303138],[-81.982225212010022,29.044354196860802],[-81.982224740882316,29.044574886231729]]]},"properties":{"PARCEL":"4505-019-028"}},{"type":"Feature","geometry":{"type":"Polygon","coordinates":[[[-81.987982043544307,29.043296329916302],[-81.987647175956297,29.043296299534862],[-81.987312308368772,29.043296268318485],[-81.987312271360665,29.043598786758185],[-81.98764713992496,29.043598817974967],[-81.98798200848978,29.043598848356769],[-81.987982043544307,29.043296329916302]]]},"properties":{"PARCEL":"4511-023-000"}},{"type":"Feature","geometry":{"type":"Polygon","coordinates":[[[-81.974787650688882,29.047720234347981],[-81.974787795002115,29.048102241000315],[-81.976230881841587,29.048099476112199],[-81.976389032249372,29.047686648337958],[-81.975351002699838,29.047688445944164],[-81.97478764065535,29.047689707416144],[-81.974787650688882,29.047720234347981]]]},"properties":{"PARCEL":"45110-009-01"}},{"type":"Feature","geometry":{"type":"Polygon","coordinates":[[[-81.974520126654411,29.047717332643234],[-81.974523404093617,29.047103613190995],[-81.976617198025906,29.047108298863673],[-81.976638346259406,29.047053413976386],[-81.973013486229263,29.047045208546631],[-81.973009907443981,29.047713270583923],[-81.973063993940443,29.047713416785651],[-81.974520126654411,29.047717332643234]]]},"properties":{"PARCEL":"45110-011-00"}},{"type":"Feature","geometry":{"type":"Polygon","coordinates":[[[-81.988051961814023,29.051181776056104],[-81.9877348961558,29.05117106535144],[-81.987735015710896,29.051236785796586],[-81.987735140005782,29.051305841978959],[-81.987735267176973,29.051376626031338],[-81.987735392517166,29.051445528824377],[-81.987735513940706,29.051512820140346],[-81.988053721965485,29.051519310971017],[-81.988053377340805,29.051453472309877],[-81.988053006653089,29.05138212521279],[-81.988052624894138,29.051308837304866],[-81.988052271232107,29.051241237385902],[-81.988051961814023,29.051181776056104]]]},"properties":{"PARCEL":"3934-002-015"}},{"type":"Feature","geometry":{"type":"Polygon","coordinates":[[[-81.978942463199289,29.042985633514657],[-81.978613855936644,29.042985006837331],[-81.978613196726926,29.043249022949727],[-81.978941806879618,29.043249649629409],[-81.97894211910193,29.043122812105356],[-81.978942463199289,29.042985633514657]]]},"properties":{"PARCEL":"4505-015-002"}},{"type":"Feature","geometry":{"type":"Polygon","coordinates":[[[-81.984031593657676,29.043435536744838],[-81.984329165015524,29.043436420843342],[-81.984341251296058,29.04343561922088],[-81.984353045195547,29.043433161873434],[-81.984364254073569,29.043429110122325],[-81.984374601712474,29.04342356318665],[-81.984383831397693,29.043416659086134],[-81.984391714132812,29.043408568325908],[-81.984398055827512,29.043399491190595],[-81.984402699351662,29.043389653232953],[-81.984405528643919,29.043379296251583],[-81.984406475899021,29.043368677389495],[-81.98440636734793,29.043196040805405],[-81.984031321582606,29.043195331754848],[-81.984031593657676,29.043435536744838]]]},"properties":{"PARCEL":"4508-308-010"}},{"type":"Feature","geometry":{"type":"Polygon","coordinates":[[[-81.989714438902013,29.047825034883228],[-81.989429072634366,29.047817715964008],[-81.989415914865404,29.048855142357539],[-81.990041871301486,29.048854153509666],[-81.990053617773285,29.04792740455391],[-81.989714438902013,29.047825034883228]]]},"properties":{"PARCEL":"3933-000-011"}},{"type":"Feature","geometry":{"type":"Polygon","coordinates":[[[-81.988513619405353,29.051257866099679],[-81.988513798854058,29.051325008545312],[-81.988819089496019,29.05133223181684],[-81.988818535835108,29.051267318879891],[-81.988817957823372,29.051199690070732],[-81.988817394010979,29.051133705220344],[-81.988513272348797,29.051127932012438],[-81.988513448834667,29.051194007961502],[-81.988513619405353,29.051257866099679]]]},"properties":{"PARCEL":"3934-003-010"}},{"type":"Feature","geometry":{"type":"Polygon","coordinates":[[[-81.986817602284532,29.043568857299679],[-81.986874975893798,29.043573242601688],[-81.987033073699735,29.043572971934729],[-81.987046920931078,29.043571885117277],[-81.987060344364806,29.043568706764965],[-81.987072937385079,29.043563532480771],[-81.987084320064966,29.04355651832342],[-81.987094146354323,29.043547877198812],[-81.98710212153604,29.043537870741101],[-81.987108001200426,29.043526800289825],[-81.987111610754241,29.043515003282401],[-81.987112838235689,29.043502834305585],[-81.987113308054802,29.043192386637458],[-81.986761898531256,29.043191973501592],[-81.986761144251219,29.04355887790712],[-81.986817602284532,29.043568857299679]]]},"properties":{"PARCEL":"4508-312-024"}},{"type":"Feature","geometry":{"type":"Polygon","coordinates":[[[-81.988348091437572,29.048384002888252],[-81.988347872867848,29.048309622298287],[-81.988347670254882,29.048239448150557],[-81.988347478402872,29.048174029032644],[-81.988036243705949,29.04816575119408],[-81.988036594297739,29.048233087677247],[-81.988036959969634,29.048303221237273],[-81.988037342686724,29.04837691971672],[-81.98803770030851,29.048445635788532],[-81.988038011761532,29.048505122406716],[-81.98803837239501,29.048574442104528],[-81.988348669819445,29.048582552031995],[-81.988348462168986,29.048511508988543],[-81.988348282209344,29.048449903822942],[-81.988348091437572,29.048384002888252]]]},"properties":{"PARCEL":"3934-002-062"}},{"type":"Feature","geometry":{"type":"Polygon","coordinates":[[[-81.979099615827181,29.045067596220353],[-81.979100374959032,29.045076130131569],[-81.979102787272069,29.045084424292718],[-81.979106780940796,29.045092233271564],[-81.979112236904669,29.04509932426042],[-81.979118995026312,29.045105489709094],[-81.979126855118295,29.045110547325098],[-81.979135585156072,29.045114346390978],[-81.979346959774801,29.045178936511938],[-81.979568658429926,29.045246682252163],[-81.979569855351698,29.04474271854621],[-81.979348157774723,29.044674963780587],[-81.979100731846614,29.044599345761316],[-81.979099615827181,29.045067596220353]]]},"properties":{"PARCEL":"4505-006-001"}},{"type":"Feature","geometry":{"type":"Polygon","coordinates":[[[-81.986758466881255,29.044785698562148],[-81.986406204051505,29.044783626014016],[-81.986405548596849,29.045044894648171],[-81.986757644947616,29.045046964474853],[-81.986758466881255,29.044785698562148]]]},"properties":{"PARCEL":"4508-309-038"}},{"type":"Feature","geometry":{"type":"Polygon","coordinates":[[[-81.99137849384924,29.043572127450449],[-81.99233925139994,29.043578593702147],[-81.992340688953306,29.04318837520292],[-81.991379932963554,29.043181912570862],[-81.99137849384924,29.043572127450449]]]},"properties":{"PARCEL":"45146-100-14"}},{"type":"Feature","geometry":{"type":"Polygon","coordinates":[[[-81.987231742709881,29.049383534820642],[-81.987231814913741,29.04931418088356],[-81.98723188936313,29.049243267801803],[-81.987231960491471,29.049174307258316],[-81.987232023520633,29.04911274723468],[-81.987232093086988,29.049048131180122],[-81.987232171035146,29.048973817392959],[-81.987232183809681,29.048961802599795],[-81.985192547987126,29.048949533283523],[-81.985424675775818,29.049703471643458],[-81.987231415422741,29.04969818324351],[-81.987231457599933,29.049655866200567],[-81.987231527502473,29.049588527062824],[-81.987231601911105,29.049517948730763],[-81.987231672839357,29.049450616809956],[-81.987231742709881,29.049383534820642]]]},"properties":{"PARCEL":"39393-000-27"}},{"type":"Feature","geometry":{"type":"Polygon","coordinates":[[[-81.988473160922823,29.045221494284259],[-81.98847312727429,29.045496513759101],[-81.988808014290626,29.045496530354441],[-81.98880804397028,29.045221514488162],[-81.988473160922823,29.045221494284259]]]},"properties":{"PARCEL":"4511-076-000"}},{"type":"Feature","geometry":{"type":"Polygon","coordinates":[[[-81.981910162211022,29.045206713973155],[-81.982131824608814,29.045274469011758],[-81.98247125130041,29.045378217641343],[-81.982482230641025,29.045379175493888],[-81.982493242076686,29.045378567888694],[-81.982503999128824,29.045376411029498],[-81.982514221472925,29.045372760821458],[-81.982523641099618,29.045367711969487],[-81.982532013609315,29.045361397979846],[-81.982539120267646,29.045353981235287],[-81.982544776219029,29.045345656605054],[-81.982548834596017,29.045336639715917],[-81.982551187545909,29.045327166952177],[-81.982551775473567,29.04531748553169],[-81.982552746616619,29.044860949378918],[-81.982550547956805,29.044850562912636],[-81.982546490736567,29.044840618323502],[-81.982540679645922,29.044831370068803],[-81.982533262502713,29.044823055467951],[-81.982524431280581,29.044815887484503],[-81.982514409788038,29.044810051115366],[-81.982503456750379,29.044805695270664],[-81.982337434834733,29.044754950792637],[-81.98211576930504,29.044687198794879],[-81.981910162211022,29.045206713973155]]]},"properties":{"PARCEL":"4505-007-012"}},{"type":"Feature","geometry":{"type":"Polygon","coordinates":[[[-81.988510878080092,29.050235195636759],[-81.988511052535628,29.050301035196462],[-81.988511234971895,29.050368988803775],[-81.988810923394439,29.050376485908807],[-81.988810345394953,29.050308833631298],[-81.988809767396219,29.050241181353087],[-81.988809199522578,29.050174863550691],[-81.988510688753152,29.050164564053375],[-81.988510878080092,29.050235195636759]]]},"properties":{"PARCEL":"3934-003-024"}},{"type":"Feature","geometry":{"type":"Polygon","coordinates":[[[-81.980002467402471,29.065221510038114],[-81.980066187661123,29.065223402574144],[-81.980289584946902,29.065200488766759],[-81.980513508159163,29.065181938091616],[-81.980668518177225,29.065174763914921],[-81.980823741568898,29.065174321503417],[-81.980905112578697,29.065176782793468],[-81.98098638568915,29.065181092792788],[-81.982444967722472,29.062634867233658],[-81.982400209531392,29.062604643992881],[-81.982351379572876,29.062579758996787],[-81.982299297288037,29.062560629202697],[-81.982244836560568,29.062547577738979],[-81.982188911342277,29.062540820369055],[-81.982132462301621,29.062540473610586],[-81.982076436287727,29.062546542100709],[-81.982021771952674,29.062558924007863],[-81.981969389482629,29.062577411932775],[-81.981920169032051,29.062601694709695],[-81.98187493326482,29.062631363719998],[-81.981834443244779,29.062665924620795],[-81.981799378924535,29.062704792830566],[-81.981770328871278,29.062747318791359],[-81.981741317726502,29.062784540242781],[-81.981706178390439,29.062817433514716],[-81.981665733598348,29.062845226362494],[-81.981620931357796,29.062867267464547],[-81.981572826460621,29.06288303814997],[-81.98152254145451,29.062892170439273],[-81.981471260479879,29.062894449750665],[-81.981420185107766,29.062889822112467],[-81.981342241221668,29.062879403495227],[-81.981265918134341,29.06286203388872],[-81.981192019941446,29.062837898375776],[-81.981121316834589,29.062807247902704],[-81.981073896185023,29.062793061885145],[-81.981024501491873,29.062785731100401],[-81.980974408202229,29.062785447010505],[-81.980924911308904,29.062792215212411],[-81.980818268205141,29.06276936870746],[-81.98071374192611,29.062739919531833],[-81.980611863403624,29.06270401393655],[-81.980513150209305,29.062661836970221],[-81.980418099367981,29.062613599845882],[-81.980327191463715,29.062559547159697],[-81.980224293013904,29.06250454705561],[-81.980117800263784,29.062455111607481],[-81.980008103412175,29.062411421321091],[-81.979895600875508,29.062373633245159],[-81.979780704422012,29.062341887288326],[-81.979590258233856,29.062259925966309],[-81.979396463203983,29.062184271704069],[-81.979347005430071,29.062139957608384],[-81.979303243066397,29.06209123673084],[-81.979265681260884,29.06203867488491],[-81.979234752236735,29.061982874866217],[-81.979210814264846,29.061924481865407],[-81.97919414345084,29.061864171737323],[-81.979184932711533,29.061802637466119],[-81.979183286640776,29.06174058916454],[-81.979189224592943,29.061678745051378],[-81.979202678632632,29.061617817014664],[-81.97922349353604,29.061558507904909],[-81.979251426793454,29.061501502512428],[-81.979284439283745,29.061419028313576],[-81.979309637040174,29.061334451489373],[-81.979326848465689,29.061248343161427],[-81.979335959472138,29.061161284384159],[-81.979336907318839,29.061073861632064],[-81.979336051765628,29.06099712882547],[-81.979343126252232,29.060920642658779],[-81.979358070044981,29.06084503742488],[-81.979380763877614,29.060770934774464],[-81.979411017627797,29.060698948225443],[-81.979448580589406,29.06062967143535],[-81.979493145581728,29.060563674592725],[-81.979544341761041,29.060501505318761],[-81.9796017510551,29.060443673331214],[-81.980968435801856,29.058275591400495],[-81.980992071972196,29.058227781961314],[-81.981009118761861,29.058177853029278],[-81.981019336778459,29.058126506547872],[-81.981022582131914,29.058074458909637],[-81.981018810541613,29.058022439152111],[-81.981008075284606,29.057971174520976],[-81.98099052616945,29.057921382349463],[-81.980966408510838,29.057873757426314],[-81.980936059021857,29.05782896928865],[-81.980899903763301,29.057787642371547],[-81.980785695762137,29.057718460797009],[-81.980667100848734,29.057655234452362],[-81.980544519466434,29.057598181736207],[-81.980418365410245,29.057547493079529],[-81.980289067879269,29.057503340871154],[-81.980157064289045,29.057465876750037],[-81.980022803353691,29.057435226192158],[-81.979886739951056,29.057411492119112],[-81.979749336149723,29.057394756702696],[-81.979611056075527,29.057385077755384],[-81.979472367966551,29.057382485121337],[-81.979333744172308,29.057386987894859],[-81.979195653965888,29.057398573516846],[-81.979058565599843,29.057417199654704],[-81.978975784105288,29.057457749679799],[-81.978891371327364,29.057495614207745],[-81.978585889741538,29.057612386007392],[-81.978333905160426,29.057682474497817],[-81.978075354684236,29.057730560214228],[-81.977812765768093,29.057756366536477],[-81.977548249008677,29.057759349718491],[-81.977285015627075,29.057740054367969],[-81.977024917320222,29.057698483516027],[-81.976502162506776,29.057863403158265],[-81.975985976860542,29.058043445974633],[-81.975476982437698,29.058238890958073],[-81.974975496571034,29.05844890995392],[-81.974482456608897,29.058673780223351],[-81.974214808529553,29.05877521045878],[-81.973939029105168,29.058858762586105],[-81.973657303761215,29.058924435180241],[-81.973281678013265,29.058989264746046],[-81.972903237426351,29.059040618025374],[-81.972862232129842,29.059048584104161],[-81.972826230292682,29.05906727840371],[-81.972800872852162,29.059084873165069],[-81.972739695544803,29.059155364103439],[-81.972735523540166,29.059364607661589],[-81.972856160708616,29.059519959796042],[-81.972890635818743,29.059551652166398],[-81.972928183247134,29.059580521909812],[-81.972968506269353,29.059606338882279],[-81.973035985932185,29.059614975551785],[-81.973104038873402,29.059618739082129],[-81.973242116367359,29.059618766672003],[-81.973380113728027,29.059622919333037],[-81.973506411893197,29.059636547104517],[-81.973633022903982,29.059647721516413],[-81.973745206496261,29.059650937576105],[-81.97385744612086,29.059651890632068],[-81.973969819501221,29.059643662007932],[-81.973994280167489,29.059651416440278],[-81.974016931536354,29.05966263617961],[-81.974037145203056,29.059677010720627],[-81.974054356454999,29.05969413663561],[-81.974068086859219,29.059713538331227],[-81.974068781044295,29.059721840353369],[-81.974071097845155,29.05972991260721],[-81.974074967491731,29.059737510561011],[-81.974080273997671,29.059744405915158],[-81.974086858239787,29.059750392016408],[-81.974125433382653,29.059810675439792],[-81.974166333853333,29.059869764678933],[-81.974264586259764,29.059997115252628],[-81.974348761518002,29.060099986886286],[-81.974397647795286,29.060162905054064],[-81.974439875584707,29.060229440082779],[-81.974454942503897,29.060239202021648],[-81.974471537016115,29.060246815015958],[-81.974489266874144,29.06025209672983],[-81.974504711437945,29.060254637780062],[-81.974511882478964,29.06025498922666],[-81.974520397769481,29.060255405892224],[-81.974536068108677,29.060254389287742],[-81.974579453559485,29.060240671108666],[-81.974621857780619,29.060224760187264],[-81.974664491597181,29.060214793522942],[-81.97470653842781,29.060203056459169],[-81.974766580180614,29.060191896616256],[-81.974827661798983,29.060186660416186],[-81.97488312417849,29.060180667928002],[-81.974938954270058,29.060178616648979],[-81.97499479367427,29.060180521850665],[-81.975068768896563,29.060190738601634],[-81.97514332636193,29.060196868086642],[-81.975257515325154,29.060220999029841],[-81.975319950321065,29.060242151867627],[-81.975398024253693,29.060282173336272],[-81.975442252262539,29.060305060572631],[-81.975483957318673,29.060331346226114],[-81.97553378322516,29.060371642161233],[-81.975560884729333,29.060404334932592],[-81.975593610521017,29.060433915851533],[-81.975638133575885,29.060469035299612],[-81.975685913913878,29.060500677029559],[-81.975742631326128,29.060529830061977],[-81.975794958265539,29.060564750560978],[-81.975842140049963,29.06060493402078],[-81.975883492870182,29.060649801059483],[-81.975918419192908,29.060698702835257],[-81.975946414946435,29.060750934581254],[-81.975967076708756,29.060805738313615],[-81.975980106837824,29.060862326291087],[-81.976038502176422,29.060884264859066],[-81.97609352881291,29.060912128982768],[-81.976144408418236,29.060945525133523],[-81.976190426348566,29.060983984003148],[-81.976230932671683,29.061026961406107],[-81.976265357567385,29.061073854522959],[-81.976293215435817,29.061124000998355],[-81.976314114136613,29.061176694281219],[-81.976603474802175,29.061503921080227],[-81.977654652940302,29.062131815097697],[-81.977820686386693,29.06284777620219],[-81.97782098654703,29.063666961320116],[-81.978093705858527,29.064356592016352],[-81.978232878033168,29.064416413291177],[-81.978369265224288,29.064480998013266],[-81.978502654880543,29.064550246906052],[-81.978632840612249,29.06462405257415],[-81.978759621164372,29.064702299502958],[-81.978882800415491,29.064784868570136],[-81.978995054927509,29.064856579576769],[-81.979111368264725,29.064923112933354],[-81.979231430302917,29.064984290832271],[-81.979354921669483,29.065039948999459],[-81.979481514769617,29.065089942108361],[-81.979610872761057,29.065134135659441],[-81.979742650580121,29.065172412296242],[-81.97987650007714,29.065204670001908],[-81.979939107437389,29.065215254097964],[-81.980002467402471,29.065221510038114]]]},"properties":{"PARCEL":"39392-000-00"}},{"type":"Feature","geometry":{"type":"Polygon","coordinates":[[[-81.987378002806025,29.053465665577939],[-81.987395372531211,29.053472804259695],[-81.987411208849622,29.05348230406727],[-81.987425101042518,29.053493916835237],[-81.987436686660004,29.053507342070354],[-81.987445664870037,29.053522229659723],[-81.987451801591376,29.053538192503002],[-81.987454945922536,29.053554816439092],[-81.987455005495676,29.053571669266493],[-81.987451978308854,29.053588310671518],[-81.98744594450929,29.053604307566026],[-81.98743706023123,29.053619243110081],[-81.987425556567899,29.053632727538872],[-81.987404518921551,29.053650074643869],[-81.987551389018293,29.053844948749227],[-81.987574917352617,29.053814895918578],[-81.987610407002151,29.053774001466273],[-81.987640954194617,29.053742340502499],[-81.987673133949613,29.053711954605873],[-81.987687900018585,29.053689449440618],[-81.987702193054588,29.053672540182795],[-81.987724920289153,29.05365161744243],[-81.98775079760749,29.053633742893862],[-81.987772704528908,29.053602601727643],[-81.98779132973533,29.053569852393007],[-81.987378002806025,29.053465665577939]]]},"properties":{"PARCEL":"3934-004-033"}},{"type":"Feature","geometry":{"type":"Polygon","coordinates":[[[-81.976286400488121,29.043921218568933],[-81.976809747719614,29.043930291281157],[-81.975487284123332,29.043525617894648],[-81.975487462651614,29.043921497396425],[-81.976286400488121,29.043921218568933]]]},"properties":{"PARCEL":"45100-002-00"}},{"type":"Feature","geometry":{"type":"Polygon","coordinates":[[[-81.980614505389397,29.046391301104158],[-81.980614383986222,29.04644751421192],[-81.980614050457632,29.046611315496154],[-81.980613967562888,29.04665377691482],[-81.980942582376315,29.046654303060972],[-81.980943001226407,29.046448040357181],[-81.980943427261565,29.046241781257212],[-81.980614810675505,29.046241252406425],[-81.980614505389397,29.046391301104158]]]},"properties":{"PARCEL":"4505-003-010"}},{"type":"Feature","geometry":{"type":"Polygon","coordinates":[[[-81.991370987570335,29.045392828809071],[-81.991369991637029,29.045626590424668],[-81.991792495571616,29.04562661690909],[-81.991793493632898,29.045392855290363],[-81.991794491689703,29.04515909185892],[-81.991371986579509,29.045159065380961],[-81.991371357224779,29.045306336882991],[-81.991370987570335,29.045392828809071]]]},"properties":{"PARCEL":"45146-001-10"}},{"type":"Feature","geometry":{"type":"Polygon","coordinates":[[[-81.987734405520683,29.050900297615996],[-81.987734523089728,29.050965441505262],[-81.988050893965791,29.050976181924533],[-81.988050528228854,29.050906455321783],[-81.988050163519119,29.050836729620691],[-81.988049821999084,29.050770719519484],[-81.987734150228093,29.050758100609588],[-81.987734279326347,29.050829944849625],[-81.987734405520683,29.050900297615996]]]},"properties":{"PARCEL":"3934-002-021"}},{"type":"Feature","geometry":{"type":"Polygon","coordinates":[[[-81.976003059722345,29.043322453690195],[-81.976224784066915,29.043390137300101],[-81.976402677313033,29.042940787379379],[-81.976180989770199,29.04287301383718],[-81.975959302517765,29.042805238123961],[-81.975781334640629,29.043254769713574],[-81.976003059722345,29.043322453690195]]]},"properties":{"PARCEL":"4505-008-003"}},{"type":"Feature","geometry":{"type":"Polygon","coordinates":[[[-81.980942162497627,29.04686056485599],[-81.980613543949488,29.04686004231721],[-81.980613150855504,29.047051344259909],[-81.980613121361614,29.047066304104277],[-81.980941740563438,29.047066826644368],[-81.980942162497627,29.04686056485599]]]},"properties":{"PARCEL":"4505-003-013"}},{"type":"Feature","geometry":{"type":"Polygon","coordinates":[[[-81.988796879150144,29.04873339497604],[-81.988796301152718,29.048665889753959],[-81.988795683640021,29.048593477915116],[-81.98879509552134,29.048524626485129],[-81.988794531734612,29.048458667774561],[-81.988506089509443,29.048451063320957],[-81.988506263073745,29.048515628875027],[-81.988506446432737,29.048584468542057],[-81.988506647638488,29.04865904943399],[-81.988506833949728,29.048729050337442],[-81.988796879150144,29.04873339497604]]]},"properties":{"PARCEL":"3934-003-048"}},{"type":"Feature","geometry":{"type":"Polygon","coordinates":[[[-81.987820456905652,29.048160011325134],[-81.987807006621907,29.048159631145896],[-81.987793668032239,29.048161200808295],[-81.987780804635761,29.048164676133553],[-81.987768766588729,29.048169964218634],[-81.987757882490712,29.048176918923861],[-81.987748449114918,29.048185352601838],[-81.98774072216699,29.048195035194102],[-81.987734914230501,29.048205702351559],[-81.987731180390242,29.048217063553604],[-81.987729625419192,29.048228810229329],[-81.987729726219698,29.048296776483081],[-81.987729836484618,29.04837153692522],[-81.988037342686724,29.04837691971672],[-81.988036959969634,29.048303221237273],[-81.988036594297739,29.048233087677247],[-81.988036243705949,29.04816575119408],[-81.987820456905652,29.048160011325134]]]},"properties":{"PARCEL":"3934-002-059"}},{"type":"Feature","geometry":{"type":"Polygon","coordinates":[[[-81.98191320622368,29.04645136770446],[-81.981912788276702,29.0466576295096],[-81.982241407218439,29.0466581497713],[-81.982241680073145,29.046521850959358],[-81.98224182040471,29.04645188706203],[-81.98191320622368,29.04645136770446]]]},"properties":{"PARCEL":"4505-005-004"}},{"type":"Feature","geometry":{"type":"Polygon","coordinates":[[[-81.984957403822321,29.043197074509035],[-81.984957716949239,29.042949557473122],[-81.984593987065921,29.042948874720253],[-81.984594144359036,29.043196392711366],[-81.984957403822321,29.043197074509035]]]},"properties":{"PARCEL":"4508-307-014"}},{"type":"Feature","geometry":{"type":"Polygon","coordinates":[[[-81.977832009891998,29.048133833684922],[-81.976492788882183,29.048130855781917],[-81.976331512104963,29.048541152197341],[-81.977826915019619,29.048545806961311],[-81.977832009891998,29.048133833684922]]]},"properties":{"PARCEL":"45110-005-00"}},{"type":"Feature","geometry":{"type":"Polygon","coordinates":[[[-81.979412537869635,29.050764484082713],[-81.980886467766723,29.050769058182457],[-81.980888219837993,29.049135341708752],[-81.980746839037437,29.0491330179862],[-81.980735366443355,29.049132024732408],[-81.980723855569252,29.049132577984381],[-81.980712574420124,29.049134663344045],[-81.980701785872995,29.049138233028277],[-81.980691740489746,29.049143203160945],[-81.980682673435737,29.049149459186143],[-81.980674794211666,29.049156854062225],[-81.980668288705743,29.049165217284681],[-81.980644597278683,29.049183773823192],[-81.980617644316624,29.049198496990684],[-81.980588222616063,29.049208953804264],[-81.98055719991045,29.049214834905044],[-81.980525489089118,29.049215968088379],[-81.980494024579443,29.049212319202734],[-81.980463733594164,29.049203995754862],[-81.980435509433889,29.049191243296459],[-81.980410182736719,29.049174438201813],[-81.98038849888998,29.049154074129937],[-81.97892922654907,29.050204666548119],[-81.978926328279499,29.050762973129988],[-81.979412537869635,29.050764484082713]]]},"properties":{"PARCEL":"39393-000-08"}},{"type":"Feature","geometry":{"type":"Polygon","coordinates":[[[-81.974833393243884,29.053224338252505],[-81.976839050434918,29.053237141645475],[-81.978913330539555,29.053261673585293],[-81.978918073110549,29.052350366793789],[-81.976751754532515,29.052337490045932],[-81.976751642303341,29.052402942469502],[-81.97675065396237,29.052977540751186],[-81.976164212395815,29.052972804714706],[-81.976165207718125,29.052395376882895],[-81.976165313219809,29.052333998262245],[-81.974858351456263,29.052326206914024],[-81.974786870841726,29.052498122453514],[-81.974835844690233,29.052512351605067],[-81.974833393243884,29.053224338252505]]]},"properties":{"PARCEL":"39398-002-00"}},{"type":"Feature","geometry":{"type":"Polygon","coordinates":[[[-81.982425751259569,29.047745708981314],[-81.982427095288557,29.047443191806853],[-81.980580185825843,29.047436862364229],[-81.980578846675897,29.04773938493323],[-81.980575939370922,29.048136123615922],[-81.980892272687029,29.048138192817497],[-81.981989099834195,29.048145368669243],[-81.982423559577981,29.048148206167312],[-81.982425751259569,29.047745708981314]]]},"properties":{"PARCEL":"39393+001-00"}},{"type":"Feature","geometry":{"type":"Polygon","coordinates":[[[-81.9789397456681,29.045694190553572],[-81.978939977992994,29.045900167351363],[-81.97928545449507,29.045900960954519],[-81.979285949539843,29.045694698245605],[-81.9789397456681,29.045694190553572]]]},"properties":{"PARCEL":"4505-001-003"}},{"type":"Feature","geometry":{"type":"Polygon","coordinates":[[[-81.986757644947616,29.045046964474853],[-81.986756820956316,29.045308227670358],[-81.987110135078339,29.045309328543443],[-81.98711052795467,29.045048063499685],[-81.986757644947616,29.045046964474853]]]},"properties":{"PARCEL":"4508-309-048"}},{"type":"Feature","geometry":{"type":"Polygon","coordinates":[[[-81.990026195825706,29.050091649012458],[-81.989713205658759,29.050092144214084],[-81.989400221650186,29.050092637784392],[-81.989396731022879,29.050367636937143],[-81.989709718942279,29.05036714157086],[-81.989706230153189,29.050642140720683],[-81.990019220953727,29.050641644633401],[-81.990022708912605,29.050366645475236],[-81.990026195825706,29.050091649012458]]]},"properties":{"PARCEL":"3933-002-006"}},{"type":"Feature","geometry":{"type":"Polygon","coordinates":[[[-81.981007465512874,29.044348432410217],[-81.980829571289803,29.044797917368662],[-81.981051177664725,29.044865796897046],[-81.981229124459404,29.044416187141611],[-81.981007465512874,29.044348432410217]]]},"properties":{"PARCEL":"4505-007-007"}},{"type":"Feature","geometry":{"type":"Polygon","coordinates":[[[-81.987231098900125,29.050000445119728],[-81.987231032602494,29.050063520969349],[-81.987230961622018,29.050131268836203],[-81.987230887239789,29.050201624298051],[-81.987230818549804,29.050267447595402],[-81.987576558025552,29.05027801597716],[-81.987576368207414,29.050208225320183],[-81.9875761832796,29.05014047201654],[-81.987575996376179,29.050072069068719],[-81.987575820307313,29.050007512551094],[-81.987231098900125,29.050000445119728]]]},"properties":{"PARCEL":"3934-001-037"}},{"type":"Feature","geometry":{"type":"Polygon","coordinates":[[[-81.986220718454689,29.043867956618456],[-81.985864247746647,29.043867264515377],[-81.985863044686624,29.044128527710921],[-81.986220062540369,29.044129218971175],[-81.986220718454689,29.043867956618456]]]},"properties":{"PARCEL":"4508-309-031"}},{"type":"Feature","geometry":{"type":"Polygon","coordinates":[[[-81.987312254538651,29.043736294725228],[-81.987312217529706,29.044038813145086],[-81.987647084433817,29.044038849775824],[-81.98764712354695,29.04373632594217],[-81.987312254538651,29.043736294725228]]]},"properties":{"PARCEL":"4511-021-000"}},{"type":"Feature","geometry":{"type":"Polygon","coordinates":[[[-81.98835746049717,29.051600101830676],[-81.988357243958006,29.051525815113894],[-81.988357049241742,29.051458368599668],[-81.988356841574401,29.051387379723593],[-81.988053006653089,29.05138212521279],[-81.988053377340805,29.051453472309877],[-81.988053721965485,29.051519310971017],[-81.988054096701916,29.051591175976977],[-81.98835746049717,29.051600101830676]]]},"properties":{"PARCEL":"3934-002-109"}},{"type":"Feature","geometry":{"type":"Polygon","coordinates":[[[-81.979439682071074,29.046841657862103],[-81.979439191432391,29.047047920537125],[-81.979438800646449,29.047211472764349],[-81.979439184956007,29.04722558633016],[-81.979442332469631,29.04723943143868],[-81.979448150858019,29.047252591220953],[-81.979456463588221,29.047264672254386],[-81.97946702224381,29.047275313587406],[-81.979479511657061,29.047284194860975],[-81.979493556066771,29.047291051648301],[-81.979508736573834,29.047295677262266],[-81.979783270095552,29.04729662025138],[-81.979783752967137,29.047063492111523],[-81.979783781548761,29.047048558433445],[-81.979784176177887,29.046857230327628],[-81.979784206812965,29.046842296649405],[-81.979784598360553,29.046650964928109],[-81.979784627968527,29.046636032151557],[-81.979440176814066,29.046635398790528],[-81.979439682071074,29.046841657862103]]]},"properties":{"PARCEL":"4505-002-001"}},{"type":"Feature","geometry":{"type":"Polygon","coordinates":[[[-81.979785904770225,29.04601724764477],[-81.97944165384385,29.046016612513753],[-81.979441159106813,29.046222875213513],[-81.979785473352834,29.046223510355546],[-81.979785866948077,29.046032181323763],[-81.979785904770225,29.04601724764477]]]},"properties":{"PARCEL":"4505-002-006"}},{"type":"Feature","geometry":{"type":"Polygon","coordinates":[[[-81.984957099821159,29.043438294501801],[-81.985241545945982,29.043439137212186],[-81.985253423782723,29.043438349019002],[-81.985265014353374,29.043435935781037],[-81.985276031179083,29.043431956115409],[-81.985286202150306,29.043426508341277],[-81.985295275688088,29.043419726871534],[-81.985303027931607,29.043411780408835],[-81.985309266846613,29.043402863825673],[-81.985313839412726,29.043393198164843],[-81.985316630597765,29.043383022519059],[-81.985317573626332,29.043372588618123],[-81.985317686679949,29.043197749585119],[-81.984957403822321,29.043197074509035],[-81.984957099821159,29.043438294501801]]]},"properties":{"PARCEL":"4508-307-012"}},{"type":"Feature","geometry":{"type":"Polygon","coordinates":[[[-81.98723188936313,29.049243267801803],[-81.987231814913741,29.04931418088356],[-81.987573940544621,29.049318876874764],[-81.987573751743923,29.049249191774937],[-81.987573565895502,29.049180578586288],[-81.987573377012254,29.049111586438009],[-81.987232023520633,29.04911274723468],[-81.987231960491471,29.049174307258316],[-81.98723188936313,29.049243267801803]]]},"properties":{"PARCEL":"3934-001-051"}},{"type":"Feature","geometry":{"type":"Polygon","coordinates":[[[-81.989306148005284,29.043846472852305],[-81.989305953337606,29.043981808102888],[-81.991377093707314,29.043962751946392],[-81.99137849384924,29.043572127450449],[-81.991379932963554,29.043181912570862],[-81.991381375147441,29.042791691352782],[-81.991382815266249,29.042401473720989],[-81.991384261534634,29.042011253360048],[-81.991385703684386,29.041621036585255],[-81.991387146991556,29.041229110862716],[-81.991390496505446,29.04032310189443],[-81.991393138771585,29.040255743877271],[-81.991199125562943,29.040254525854195],[-81.991095240814417,29.040253873874391],[-81.99084171830863,29.040174903392309],[-81.990591480641257,29.040096954948432],[-81.990341238216658,29.040019003330301],[-81.990091001301849,29.039941053050097],[-81.989953216998572,29.03989813471026],[-81.989831779048842,29.039807628313934],[-81.989618782668771,29.039648893985834],[-81.989523607228705,29.039577963479857],[-81.989430519596837,29.039493765888686],[-81.989299760638644,29.039375503119182],[-81.989256081063132,29.039328407634184],[-81.989104842876557,29.039165371707082],[-81.989093402575193,29.039150157370351],[-81.988951385631893,29.038961358200403],[-81.988934727246843,29.038939217489187],[-81.988826025807683,29.038763095303445],[-81.988787646248568,29.038700923840558],[-81.988719024132934,29.038557146367562],[-81.988668325741216,29.038450930646608],[-81.988629794073219,29.038345240162325],[-81.988574200423315,29.038192767496845],[-81.988558109754749,29.038126483442156],[-81.988509822469624,29.037927648404704],[-81.988506632910614,29.037904970124927],[-81.988474824566964,29.037679097730795],[-81.988471933553825,29.037658615634413],[-81.988467957118473,29.037390410446026],[-81.988526920324034,29.037390188119534],[-81.988544201400714,29.037311761255037],[-81.988567191875646,29.03723447536056],[-81.988595796217339,29.037158650736014],[-81.988595864324623,29.036688524599082],[-81.988950857661905,29.036688556072615],[-81.989263668725258,29.03668857602489],[-81.989263690337708,29.036668235833861],[-81.989263706164095,29.036495464649136],[-81.989263724043468,29.036322696166984],[-81.989263746085271,29.03613946749913],[-81.989263767681194,29.035930781776983],[-81.989263770289455,29.035806364891304],[-81.989326083497275,29.035728645280912],[-81.989464103559953,29.035556474158476],[-81.989596732342989,29.035391036220616],[-81.989705725359201,29.03525507667651],[-81.989733123092208,29.035230049404152],[-81.989888789765288,29.035087918935012],[-81.990019319401355,29.034968736924007],[-81.990149850791255,29.034849551174986],[-81.99028038188095,29.034730368003785],[-81.990411242426816,29.034609133834479],[-81.990546133236563,29.034467539769395],[-81.990656826904385,29.034290448914255],[-81.990744467233228,29.03408859227503],[-81.990743554876389,29.033877375515814],[-81.990742634309143,29.033666165065334],[-81.99074171066566,29.033454952803417],[-81.990741107249917,29.033244838637383],[-81.990740186791214,29.033032526477413],[-81.990739577318749,29.032821314217205],[-81.990738973959665,29.032610650539912],[-81.990738365616821,29.03239833747908],[-81.990737757079884,29.032188225084166],[-81.990737144684246,29.031975361615942],[-81.990707116958305,29.031974809148437],[-81.990706189639454,29.031759745881022],[-81.990705588070156,29.03154138116885],[-81.990753766908668,29.031542487085535],[-81.990753791496928,29.031335673461168],[-81.990753810072093,29.0311272095508],[-81.990753827225674,29.030934698032283],[-81.990753844526097,29.030740536228986],[-81.990754173927016,29.030546373539266],[-81.990754505284244,29.030341761480834],[-81.990754840942685,29.030134948743161],[-81.990755172640348,29.029926483012499],[-81.990755506690377,29.029680069869332],[-81.990755870658276,29.029432004634977],[-81.990755859455618,29.029223538858911],[-81.990756187969353,29.029016179301411],[-81.990756523668324,29.028808817031173],[-81.990756833268222,29.028560197757731],[-81.990756872922873,29.028518400296328],[-81.990720301503572,29.028333577260941],[-81.990674907772586,29.028133368730977],[-81.990648953764094,29.028018958948007],[-81.990612970023776,29.02793535338289],[-81.99056730017854,29.027829190894924],[-81.990546371562232,29.027738427633363],[-81.99048694786525,29.027479908740297],[-81.990463763848112,29.027378705858759],[-81.990477581998135,29.027189499381148],[-81.990487578216147,29.027054187041447],[-81.990544883535463,29.026932091104985],[-81.990603063541585,29.026808335899918],[-81.990627166283971,29.026740129308472],[-81.99069167120868,29.026556980653258],[-81.990750163517802,29.026380414623887],[-81.990764575809024,29.026175251208308],[-81.990766474358978,29.025963490315192],[-81.990768717300597,29.025757776557587],[-81.990770272019375,29.025602667439625],[-81.99077246840676,29.025389251756813],[-81.990795958685283,29.025195640895117],[-81.990804732276544,29.025122488678473],[-81.990805987963682,29.025016333039652],[-81.990806622240825,29.024983331078591],[-81.990790042422645,29.024837020693877],[-81.990779103709315,29.024737462630494],[-81.990779763558379,29.024659355402008],[-81.990781636824408,29.024454195582358],[-81.990783531739112,29.024247933164585],[-81.990786045327113,29.0239877691251],[-81.990788255918076,29.023752355660449],[-81.99079047153711,29.023529579605135],[-81.990557675688549,29.023529022978387],[-81.990289206284416,29.023528452547417],[-81.990018543087899,29.023527880514823],[-81.989748821265437,29.023527312520219],[-81.989479100528555,29.023526192687555],[-81.989209693987689,29.023524520139652],[-81.988792586431799,29.023524487801016],[-81.988412421591377,29.023521700874866],[-81.988302596436085,29.023520595081369],[-81.988293831427896,29.025733305023341],[-81.98828503843724,29.029490937749991],[-81.988266800887985,29.033026277086126],[-81.987328816177936,29.033029911104936],[-81.987337277864867,29.033123575368851],[-81.987341441886116,29.033217463894889],[-81.987346980950107,29.04031253190734],[-81.98764752494408,29.040314231814811],[-81.988160755615809,29.040317132859091],[-81.988473702689703,29.04031889787727],[-81.988786646693896,29.040320665775155],[-81.989311172629101,29.040323622916752],[-81.989311095089022,29.040378627027678],[-81.989310445354377,29.040835044465464],[-81.989310071387351,29.041096310584557],[-81.989309678546263,29.041371326591314],[-81.989309287756257,29.041646343489258],[-81.989308893883774,29.04192135947342],[-81.989308501035595,29.042196376348656],[-81.989308306150832,29.042333884331018],[-81.989308111265487,29.042471392310574],[-81.989307715332373,29.04274640916303],[-81.989307324530756,29.043021426004607],[-81.98930693064662,29.043296441932409],[-81.98930653881358,29.043571458751373],[-81.989306148005284,29.043846472852305]]]},"properties":{"PARCEL":"6100-000-013"}},{"type":"Feature","geometry":{"type":"Polygon","coordinates":[[[-81.977111538460292,29.043661226255573],[-81.977333533417976,29.043728227756741],[-81.977511114242645,29.043279650495169],[-81.977289427303518,29.04321187878552],[-81.977067738601036,29.043144105806821],[-81.976846050188286,29.043076333363942],[-81.976624358985617,29.043008558749513],[-81.976402677313033,29.042940787379379],[-81.976224784066915,29.043390137300101],[-81.976446469663415,29.043457909862624],[-81.976668159656782,29.04352568296169],[-81.976889850967098,29.043593454792209],[-81.977111538460292,29.043661226255573]]]},"properties":{"PARCEL":"4505-008-007"}},{"type":"Feature","geometry":{"type":"Polygon","coordinates":[[[-81.985871579336703,29.054603141371146],[-81.985770679259815,29.055900490892586],[-81.985789658192829,29.055894384456021],[-81.985809444951684,29.055890763887991],[-81.985829621579938,29.055889705837945],[-81.985849759859576,29.05589123371993],[-81.985866270169808,29.05589232721962],[-81.985882784878839,29.055891285017161],[-81.98589894867591,29.055888130534544],[-81.985914412405592,29.055882932308709],[-81.985928843337376,29.055875800383358],[-81.985941215846296,29.055872492110399],[-81.985954009160537,29.055870820619191],[-81.985966942932876,29.05587082197157],[-81.985979733740209,29.055872496137852],[-81.985992107406446,29.055875806998269],[-81.986008096755768,29.055879293277009],[-81.986024488926844,29.055880726002805],[-81.986040948126998,29.055880077169892],[-81.986057128289147,29.05587735937425],[-81.986107723921521,29.055859085295324],[-81.986155929513529,29.055836364507076],[-81.986201238768842,29.055809434260052],[-81.986229801278554,29.055775479823325],[-81.986252235702423,29.055738141196873],[-81.986268032592463,29.055698265574151],[-81.986274927428553,29.055649777663636],[-81.986289135637648,29.055602534745827],[-81.986294642747112,29.055587960752529],[-81.986302787816257,29.055574375026477],[-81.986313350014328,29.055562138457432],[-81.986326044847317,29.055551583957705],[-81.986343160064393,29.055544008338213],[-81.98635861613154,29.055534051426648],[-81.986371986851111,29.055521987473991],[-81.986382907631992,29.055508149385815],[-81.986391073437588,29.055492915187763],[-81.986397134826419,29.055472214753625],[-81.986406577640821,29.055452516194208],[-81.986419198498837,29.055434243560597],[-81.986441443440782,29.055415601060108],[-81.986466179276519,29.055399561889612],[-81.986493012673506,29.055386382256216],[-81.986528181764442,29.055370011181409],[-81.986561118803394,29.055350378125667],[-81.986591433539317,29.05532771674261],[-81.986599838116945,29.055323899125522],[-81.986607400794952,29.05531890214175],[-81.986613908988275,29.055312867428505],[-81.986619179888393,29.055305963694362],[-81.986623067651919,29.055298384013238],[-81.986629600855721,29.05528950170066],[-81.986637759484765,29.055281728453739],[-81.986647307324816,29.055275289819093],[-81.986657964010362,29.055270374345426],[-81.986669419401764,29.055267128171373],[-81.986681334613593,29.055265642393522],[-81.986693364604918,29.055265963896254],[-81.986733676985608,29.055260242005552],[-81.986772448704045,29.055248987159558],[-81.986776300408948,29.055250273290376],[-81.986780342164096,29.055250969347544],[-81.986784458959875,29.055251057274109],[-81.986788534758091,29.055250532547255],[-81.986792451464112,29.055249411396424],[-81.986796097142602,29.055247726292755],[-81.986799368071416,29.055245525047024],[-81.986802167714714,29.055242870809455],[-81.986804416992229,29.055239839363985],[-81.986806054279512,29.055236517323699],[-81.986807028219758,29.055233001227577],[-81.986807314155016,29.055229390324275],[-81.98680690385693,29.055225789277696],[-81.986805806554429,29.055222300948802],[-81.9868040571492,29.055219025494321],[-81.986801702866501,29.055216054951543],[-81.986798811469939,29.055213477750776],[-81.986787475431115,29.055182744920817],[-81.98677246091961,29.05515325416939],[-81.986765054450501,29.055141369487121],[-81.986755537567774,29.05513070809025],[-81.986744165930773,29.055121556026929],[-81.986731243467105,29.055114161454171],[-81.986717119293928,29.055108720201222],[-81.98670217539464,29.055105380279731],[-81.98669456634758,29.055103772562216],[-81.986687336354322,29.055101142596648],[-81.986680662031944,29.055097554462638],[-81.986674705617915,29.055093094795382],[-81.986669612916515,29.05508787368786],[-81.986665511245519,29.055082019276782],[-81.986662497114096,29.05507567413235],[-81.986660646492012,29.055068993454618],[-81.986660003514189,29.055062140561034],[-81.986656495030672,29.055011185656358],[-81.986587979818339,29.054853682845145],[-81.986688165186251,29.054716268084064],[-81.986699841081332,29.054706690617806],[-81.986713016016978,29.054698755451671],[-81.986727391147042,29.054692639402926],[-81.986742646066261,29.054688479586392],[-81.986818900521257,29.054656340598374],[-81.986892028720234,29.054619012239169],[-81.986969356927617,29.054572694814077],[-81.986978972394823,29.054566744296157],[-81.986989533445012,29.054562199624186],[-81.987000780262534,29.05455917446033],[-81.987012426337742,29.05455774276378],[-81.987024186192528,29.054557943304996],[-81.987035762031908,29.054559767934634],[-81.987046865307505,29.054563172413133],[-81.987057220825264,29.054568071899538],[-81.986914369471933,29.054441290168011],[-81.986066750498864,29.054439676424099],[-81.986064117114822,29.0544659812746],[-81.986056738594868,29.054491579145626],[-81.986044801916876,29.054515813194712],[-81.986028614200464,29.054538060878173],[-81.986008592435653,29.054557752898113],[-81.98598524807872,29.054574383126152],[-81.985959180888671,29.054587523941724],[-81.985931060441516,29.054596839764585],[-81.985901607645602,29.054602090662229],[-81.985871579336703,29.054603141371146]]]},"properties":{"PARCEL":"39393-000-38"}},{"type":"Feature","geometry":{"type":"Polygon","coordinates":[[[-81.98896455734824,29.044946510657368],[-81.989304575506893,29.044946538165362],[-81.989304969405126,29.044671521402918],[-81.988964589692529,29.044671493866392],[-81.98896455734824,29.044946510657368]]]},"properties":{"PARCEL":"4511-065-000"}},{"type":"Feature","geometry":{"type":"Polygon","coordinates":[[[-81.982240986842797,29.046864411570972],[-81.98191236724773,29.046863889503424],[-81.981911946216499,29.047070151295486],[-81.98224057057341,29.047070667951175],[-81.982240621282131,29.047044379046454],[-81.982240986842797,29.046864411570972]]]},"properties":{"PARCEL":"4505-005-002"}},{"type":"Feature","geometry":{"type":"Polygon","coordinates":[[[-81.987982107278384,29.042746297091483],[-81.987647241466291,29.042746266710729],[-81.987647208711465,29.043021283579559],[-81.987982075411523,29.043021313960661],[-81.987982107278384,29.042746297091483]]]},"properties":{"PARCEL":"4511-027-000"}},{"type":"Feature","geometry":{"type":"Polygon","coordinates":[[[-81.980386294700423,29.04466227810974],[-81.980607955964416,29.044730035668174],[-81.98078580274904,29.044280677311857],[-81.980564142328262,29.044212923651965],[-81.980342484250869,29.044145169625974],[-81.980120825436543,29.044077415233463],[-81.979942976122359,29.044526761894186],[-81.980164636806649,29.044594520185409],[-81.980386294700423,29.04466227810974]]]},"properties":{"PARCEL":"4505-007-003"}},{"type":"Feature","geometry":{"type":"Polygon","coordinates":[[[-81.978940780384036,29.046605768938619],[-81.977093726008462,29.046608194200633],[-81.977068046589267,29.046673369827715],[-81.97804451631194,29.046675457584513],[-81.97803815328399,29.047164710368442],[-81.978941421992815,29.047172786110906],[-81.978941382878574,29.04713786234791],[-81.978941148547392,29.046931632948638],[-81.978940916278418,29.046725364745146],[-81.978940780384036,29.046605768938619]]]},"properties":{"PARCEL":"45110-002-01"}},{"type":"Feature","geometry":{"type":"Polygon","coordinates":[[[-81.985155120675941,29.046528184031452],[-81.985156515460091,29.046525507112346],[-81.985158417449455,29.046523083790749],[-81.985160769132577,29.046520986242953],[-81.985163498624019,29.046519278523043],[-81.985166523771852,29.046518012954351],[-81.985169752158455,29.046517226520212],[-81.985173087260563,29.046516944473915],[-81.98517642742344,29.046517174924777],[-81.986764835137208,29.046997259686012],[-81.98676489903923,29.046939064255362],[-81.985195233396539,29.046466518327218],[-81.98518212968736,29.046463953496385],[-81.985168723823023,29.046463314102596],[-81.985155381342636,29.046464617329512],[-81.985142462658629,29.046467828930268],[-81.985130319976889,29.046472860520243],[-81.985119281893844,29.046479575891379],[-81.985109648262238,29.046487792816034],[-81.985101681976047,29.046497287557507],[-81.985095596647682,29.046507803891473],[-81.985061119809529,29.046599204924281],[-81.984937014464592,29.046828799488704],[-81.984994661481835,29.046850278468821],[-81.985121269603269,29.046616831381336],[-81.985155120675941,29.046528184031452]]]},"properties":{"PARCEL":"39393-002-00"}},{"type":"Feature","geometry":{"type":"Polygon","coordinates":[[[-81.977800118191382,29.043000020526847],[-81.977799676976531,29.043176119087995],[-81.977800459312562,29.043186011851418],[-81.977802965646489,29.043195681133486],[-81.977807137502154,29.04320489593993],[-81.977812873276505,29.043213436999004],[-81.977820037479859,29.043221098567475],[-81.97782845867998,29.043227700160209],[-81.977837936690193,29.043233082942077],[-81.977848244620901,29.04323711965349],[-81.978127924478756,29.043322635177606],[-81.978128487520451,29.043096910154578],[-81.978128727547528,29.043000655511484],[-81.977800118191382,29.043000020526847]]]},"properties":{"PARCEL":"4505-014-001"}},{"type":"Feature","geometry":{"type":"Polygon","coordinates":[[[-81.975965476723246,29.044953017916704],[-81.975963894758209,29.045500988547314],[-81.976556685606752,29.045502276225431],[-81.976557024022057,29.045431489477213],[-81.977243977598349,29.045433014291312],[-81.977425239667227,29.044956262289134],[-81.975965476723246,29.044953017916704]]]},"properties":{"PARCEL":"45108-000-01"}},{"type":"Feature","geometry":{"type":"Polygon","coordinates":[[[-81.985143643304497,29.055950041248902],[-81.985197866060062,29.055953880129646],[-81.985252253804362,29.0559529324027],[-81.985264617265102,29.055948476488947],[-81.98527761304949,29.055945742196709],[-81.985290933079654,29.05594479355404],[-81.985304259014072,29.055945656692124],[-81.985317277652769,29.055948309019715],[-81.985328976678716,29.055951309482548],[-81.985341062045904,29.055952705729847],[-81.98535324622766,29.055952459834337],[-81.985365246825054,29.055950581690279],[-81.985376778353697,29.055947114576163],[-81.985387571754515,29.055942138765896],[-81.985396554686801,29.055937491188374],[-81.985406242918359,29.055934114099387],[-81.985416410520855,29.055932085972753],[-81.985426811031786,29.055931459113992],[-81.985437196967524,29.055932245225836],[-81.985447320848579,29.055934426235815],[-81.985467534193447,29.055935250403625],[-81.985487628824373,29.055933175524743],[-81.985507073825801,29.055928255678847],[-81.985594233738581,29.055914228263404],[-81.985682213461516,29.055904961316543],[-81.985770679259815,29.055900490892586],[-81.985871579336703,29.054603141371146],[-81.985839274036493,29.054599508088469],[-81.985808171885125,29.054591020649184],[-81.985779208343345,29.05457793540122],[-81.985753256211865,29.054560645833366],[-81.985731098933158,29.054539673549488],[-81.98571340286793,29.054515650219606],[-81.985648834168288,29.055363360488002],[-81.984500199904943,29.055361461629435],[-81.984541533603775,29.055407951044167],[-81.984581022857697,29.055455661923464],[-81.984611980958036,29.055522487552643],[-81.984647752431755,29.055587432467224],[-81.984688189452584,29.055650228668899],[-81.984702540278391,29.0556922143716],[-81.984723324933498,29.055732068713173],[-81.984729867704658,29.055743181957954],[-81.984738352494702,29.055753230730858],[-81.984748559586208,29.055761956051697],[-81.98476022510016,29.055769131417438],[-81.984809426140842,29.055801564092018],[-81.984814777180475,29.055809386576669],[-81.984821339041702,29.055816462108815],[-81.98482897824924,29.055822645405811],[-81.984837539759496,29.05582781464199],[-81.984879322441543,29.055860965571203],[-81.984924565308916,29.055890399475594],[-81.984972842236644,29.055915843814926],[-81.984974477607864,29.05591913461895],[-81.98497671889055,29.055922138565208],[-81.984979505510367,29.055924768125571],[-81.984982754299779,29.055926946596745],[-81.984986373873312,29.055928615320234],[-81.984990260521172,29.055929726463411],[-81.984994306423829,29.05593024662981],[-81.98499839143642,29.055930160467241],[-81.985002404653329,29.05592947157243],[-81.98500622695137,29.055928200684537],[-81.985009241207592,29.055926051786297],[-81.985012625077545,29.055924382943086],[-81.985016280998778,29.055923243769438],[-81.985020105250186,29.055922664931359],[-81.985023986924148,29.055922665364349],[-81.98502781100818,29.055923245055624],[-81.985031467626982,29.055924385044968],[-81.985034851014547,29.055926054643063],[-81.985037861569012,29.05592820421337],[-81.985090129795566,29.055941454619241],[-81.985143643304497,29.055950041248902]]]},"properties":{"PARCEL":"39393-005-00"}},{"type":"Feature","geometry":{"type":"Polygon","coordinates":[[[-81.986408167311367,29.043999837193603],[-81.986760936761925,29.044001907981571],[-81.987112088143334,29.044003000514998],[-81.987112383859809,29.043804658839939],[-81.987111462083959,29.043794218432108],[-81.987108690023049,29.043784034095115],[-81.987104135413674,29.043774357572364],[-81.987097910145266,29.043765427979473],[-81.987090170260743,29.043757466390655],[-81.987081104662778,29.04375066952155],[-81.987070939221411,29.043745205218272],[-81.987059924453206,29.043741208847269],[-81.987048333468096,29.043738779685789],[-81.987036451702366,29.043737976409663],[-81.986944731578959,29.043739306513718],[-81.986853078787135,29.043735955516222],[-81.986761800344041,29.043727936079556],[-81.98670311445953,29.043715334408073],[-81.98664570537926,29.043698800687494],[-81.986589915013013,29.043678433302428],[-81.986536074999236,29.04365435229175],[-81.986522394885583,29.043649311667657],[-81.986507938254775,29.043646389525243],[-81.98649312709999,29.043645670721368],[-81.986478392663685,29.043647176051806],[-81.986464164143172,29.043650861347977],[-81.986450856369174,29.043656620182453],[-81.98643885645788,29.043664283867614],[-81.986428515595648,29.043673629575334],[-81.986420134663661,29.043684384846898],[-81.986413957049422,29.043696235712673],[-81.986410163511408,29.043708837519052],[-81.986408864990437,29.043721823048216],[-81.986408167311367,29.043999837193603]]]},"properties":{"PARCEL":"4508-309-042"}},{"type":"Feature","geometry":{"type":"Polygon","coordinates":[[[-81.982241407218439,29.0466581497713],[-81.981912788276702,29.0466576295096],[-81.98191236724773,29.046863889503424],[-81.982240986842797,29.046864411570972],[-81.982241154785939,29.046783117715382],[-81.982241407218439,29.0466581497713]]]},"properties":{"PARCEL":"4505-005-003"}},{"type":"Feature","geometry":{"type":"Polygon","coordinates":[[[-81.987731434402789,29.049255213669987],[-81.987731559684164,29.049324574844348],[-81.987731686868614,29.049395210041013],[-81.987731810249628,29.049463278242921],[-81.987731933583149,29.049531748862137],[-81.988043390375751,29.04953715636206],[-81.988043031757314,29.049468115479662],[-81.988042673109064,29.049399337160775],[-81.988042314461381,29.049330557938891],[-81.988041955813841,29.049261781423141],[-81.988041597166969,29.049193003102143],[-81.987731311068899,29.049186751168499],[-81.987731434402789,29.049255213669987]]]},"properties":{"PARCEL":"3934-002-042"}},{"type":"Feature","geometry":{"type":"Polygon","coordinates":[[[-81.985179855186473,29.04443148315756],[-81.985178573618583,29.044748596738312],[-81.985546526938748,29.044748524055258],[-81.985355587622308,29.044406886345172],[-81.985313549083529,29.044421067450518],[-81.985269679497037,29.044429991640207],[-81.985224827017376,29.044433485767435],[-81.985179855186473,29.04443148315756]]]},"properties":{"PARCEL":"4508-309-025"}},{"type":"Feature","geometry":{"type":"Polygon","coordinates":[[[-81.990209528564321,29.04797446012768],[-81.990198359895345,29.048853906067333],[-81.990196615663905,29.04899140477886],[-81.990509622015722,29.048990910255615],[-81.990521308472381,29.04806856080323],[-81.990209528564321,29.04797446012768]]]},"properties":{"PARCEL":"3933-000-012"}},{"type":"Feature","geometry":{"type":"Polygon","coordinates":[[[-81.984850587883429,29.050864101433117],[-81.985235159860139,29.051231674510746],[-81.987229817379472,29.051226211777042],[-81.987229883942049,29.051160999334002],[-81.987229954900087,29.051093447272812],[-81.987230025891577,29.051025622721742],[-81.987230097009842,29.050956767763637],[-81.987230171469605,29.050885793344023],[-81.98723024809064,29.050813944612305],[-81.987230316649331,29.050749194133989],[-81.987230384335589,29.050683189482541],[-81.987230462089428,29.050610477264609],[-81.987230528719721,29.050544707205091],[-81.987230607819427,29.050469402728606],[-81.985307730954304,29.05046781750281],[-81.985261429165405,29.050521002874998],[-81.985210495712877,29.050570814087177],[-81.985155249988594,29.050616938979733],[-81.985096036027187,29.050659091562128],[-81.985033221479668,29.050697007501441],[-81.984967199666002,29.050730452243322],[-81.984956834810063,29.050736618182157],[-81.984947677330979,29.050744116926506],[-81.984939947000171,29.050752767142502],[-81.98493382970706,29.050762362228561],[-81.984929471297491,29.050772673021623],[-81.984926975519627,29.050783450503559],[-81.984913448477954,29.050807276455402],[-81.984895916005385,29.050828993321588],[-81.984874795075726,29.050848085944413],[-81.984850587883429,29.050864101433117]]]},"properties":{"PARCEL":"39393-000-25"}},{"type":"Feature","geometry":{"type":"Polygon","coordinates":[[[-81.981420734361777,29.052561255935437],[-81.98175635875333,29.052859639702259],[-81.984244849555651,29.053944013107852],[-81.982603033217387,29.052201217896531],[-81.982249225953382,29.052196652963879],[-81.982151237997201,29.052201151385542],[-81.982053837396052,29.052211587732689],[-81.981957491364128,29.052227911541522],[-81.981862657879063,29.052250046182174],[-81.981769791844386,29.052277885250241],[-81.981679336874535,29.052311294370234],[-81.981591725294393,29.052350115706854],[-81.981507375059763,29.052394163452984],[-81.981486337333308,29.052419324298778],[-81.981470442661944,29.052447246834081],[-81.981468451230512,29.052472145935084],[-81.981462307255129,29.052496514823183],[-81.981452145347049,29.052519822974578],[-81.981438186370866,29.052541561531836],[-81.981420734361777,29.052561255935437]]]},"properties":{"PARCEL":"39393-000-34"}},{"type":"Feature","geometry":{"type":"Polygon","coordinates":[[[-81.976987044442311,29.042751678157511],[-81.976986594162369,29.042930023405908],[-81.976987439039519,29.042939972126671],[-81.97699008184459,29.042949674832116],[-81.976994455893745,29.042958880675922],[-81.977000448294945,29.042967354142654],[-81.977007904054418,29.042974877755299],[-81.977016633263105,29.042981256587904],[-81.977026410067594,29.042986328190594],[-81.977036982938245,29.042989960786784],[-81.977314869772528,29.04307535138042],[-81.977315412296903,29.042848237735612],[-81.977315650952463,29.042752311521646],[-81.976987044442311,29.042751678157511]]]},"properties":{"PARCEL":"4505-013-001"}},{"type":"Feature","geometry":{"type":"Polygon","coordinates":[[[-81.985864247746647,29.043867264515377],[-81.986220718454689,29.043867956618456],[-81.986221197615407,29.043677339407516],[-81.986220013311026,29.043665126882129],[-81.986216435542431,29.043653281340397],[-81.986210573101147,29.043642160097463],[-81.986202603575066,29.043632101527475],[-81.986192768216185,29.043623411528909],[-81.986181366808367,29.043616351794356],[-81.986168744319301,29.043611138004639],[-81.986155284741614,29.043607928098591],[-81.986141394664884,29.043606819564495],[-81.985865453880479,29.043606002212282],[-81.985864247746647,29.043867264515377]]]},"properties":{"PARCEL":"4508-309-030"}},{"type":"Feature","geometry":{"type":"Polygon","coordinates":[[[-81.983089965554598,29.04337354199955],[-81.98309012434386,29.043325373625958],[-81.98309069141682,29.043153529330109],[-81.983090895573497,29.04309159843309],[-81.983091417275716,29.042933516653424],[-81.982747143745343,29.04293264006288],[-81.98274642639781,29.043152648227178],[-81.982745709045943,29.043372662700239],[-81.983089965554598,29.04337354199955]]]},"properties":{"PARCEL":"4505-020-009"}},{"type":"Feature","geometry":{"type":"Polygon","coordinates":[[[-81.991789504440177,29.046327903521114],[-81.99136699764837,29.046327877026688],[-81.991365998615962,29.046561640414044],[-81.991788509440624,29.046561666911977],[-81.991789504440177,29.046327903521114]]]},"properties":{"PARCEL":"45146-001-05"}},{"type":"Feature","geometry":{"type":"Polygon","coordinates":[[[-81.978896651605552,29.056477279444234],[-81.980496331716239,29.056483694750497],[-81.980503200104408,29.055241889187059],[-81.980472055000448,29.055239213005024],[-81.980442071229731,29.055231529321549],[-81.980413721971345,29.055220012074901],[-81.980387637690228,29.055204917606218],[-81.980364941931185,29.055185587415394],[-81.980346284499205,29.055163168399353],[-81.980332201307903,29.055138303965041],[-81.980323096814104,29.055111707877977],[-81.980319231699454,29.05508414350771],[-81.978903855608493,29.055088310072119],[-81.978896651605552,29.056477279444234]]]},"properties":{"PARCEL":"39393-000-20"}},{"type":"Feature","geometry":{"type":"Polygon","coordinates":[[[-81.987580678508849,29.051788740043182],[-81.987229240073731,29.051778171131463],[-81.987229157593561,29.051855891002266],[-81.987229082113629,29.051926797740371],[-81.987229008970033,29.051995409072155],[-81.987228934488058,29.052066548597661],[-81.987228863796517,29.052131924344561],[-81.987581637460906,29.052141337557057],[-81.987581457520378,29.05207475814246],[-81.987581268670127,29.052005408720216],[-81.98758107390465,29.0519340084094],[-81.987580884090491,29.051864137466517],[-81.987580678508849,29.051788740043182]]]},"properties":{"PARCEL":"3934-001-012"}},{"type":"Feature","geometry":{"type":"Polygon","coordinates":[[[-81.981741771698907,29.043578061079952],[-81.981413162523694,29.043577521554159],[-81.981412857611232,29.043720528895292],[-81.98141259873853,29.043841536770294],[-81.981741208750279,29.043842076297839],[-81.981741771698907,29.043578061079952]]]},"properties":{"PARCEL":"4505-018-023"}},{"type":"Feature","geometry":{"type":"Polygon","coordinates":[[[-81.989304184686702,29.045221554916779],[-81.988964528083883,29.045221527437338],[-81.988964498819215,29.045496543303763],[-81.989303791810713,29.045496570754477],[-81.989304184686702,29.045221554916779]]]},"properties":{"PARCEL":"4511-067-000"}},{"type":"Feature","geometry":{"type":"Polygon","coordinates":[[[-81.97473906857924,29.055042243358667],[-81.978904002015028,29.055060189583539],[-81.978908167259945,29.054256810288337],[-81.978912485137258,29.053424630984054],[-81.978913330539555,29.053261673585293],[-81.976839050434918,29.053237141645475],[-81.976839912826591,29.054984593715535],[-81.9748091921049,29.054985879265427],[-81.974833393243884,29.053224338252505],[-81.974835844690233,29.052512351605067],[-81.974786870841726,29.052498122453514],[-81.974757391042999,29.052576454845504],[-81.974755161054262,29.053224390336144],[-81.97473906857924,29.055042243358667]]]},"properties":{"PARCEL":"39398-001-01"}},{"type":"Feature","geometry":{"type":"Polygon","coordinates":[[[-81.991364999579034,29.04679540198865],[-81.991360884996709,29.047758751002323],[-81.991795919652432,29.047758778282713],[-81.991938923215585,29.047365337529939],[-81.991901521990357,29.047346507345232],[-81.991868072351039,29.047322617387572],[-81.991839451148309,29.047294294799702],[-81.991816409949635,29.047262283111451],[-81.991799552451226,29.047227422387817],[-81.991789322158311,29.04719062757286],[-81.991785986985619,29.047152864127131],[-81.99178692442662,29.046932936358228],[-81.991630437729157,29.046932926697181],[-81.991631023839403,29.046795418829547],[-81.991364999579034,29.04679540198865]]]},"properties":{"PARCEL":"45146+001-03"}},{"type":"Feature","geometry":{"type":"Polygon","coordinates":[[[-81.988512159962156,29.050713660735497],[-81.988512340405435,29.050781078382794],[-81.988512526808094,29.050850318640151],[-81.98851270726793,29.050917591018582],[-81.988815624508561,29.050926499558454],[-81.988815046507924,29.050858802172392],[-81.988814437061166,29.050787532647398],[-81.988813862115066,29.050720090606049],[-81.988813235414042,29.050646962376543],[-81.988511964684307,29.050641117220401],[-81.988512159962156,29.050713660735497]]]},"properties":{"PARCEL":"3934-003-016"}},{"type":"Feature","geometry":{"type":"Polygon","coordinates":[[[-81.979786323863877,29.045810985828098],[-81.979442145497529,29.045810353416318],[-81.97944165384385,29.046016612513753],[-81.979785904770225,29.04601724764477],[-81.979786295283262,29.045825918606649],[-81.979786323863877,29.045810985828098]]]},"properties":{"PARCEL":"4505-002-007"}},{"type":"Feature","geometry":{"type":"Polygon","coordinates":[[[-81.989807904255201,29.044656385913378],[-81.989805384365766,29.044229703234684],[-81.989305595988881,29.044231030424811],[-81.988964216510198,29.044231935768778],[-81.988964310575867,29.044341823040241],[-81.989305439874471,29.044340982640581],[-81.98968071382447,29.044340057383057],[-81.989686413899676,29.045306561830678],[-81.991371357224779,29.045306336882991],[-81.991371986579509,29.045159065380961],[-81.991372985583837,29.044925304651542],[-81.991373984583817,29.044691540304854],[-81.991374130173924,29.044657073098662],[-81.989807904255201,29.044656385913378]]]},"properties":{"PARCEL":"45151-001-00"}},{"type":"Feature","geometry":{"type":"Polygon","coordinates":[[[-81.984486904124182,29.043601903471234],[-81.984485309810722,29.043936427504864],[-81.984757587886406,29.04393743495217],[-81.984759176216528,29.043602715118993],[-81.984486904124182,29.043601903471234]]]},"properties":{"PARCEL":"4508-310-010"}},{"type":"Feature","geometry":{"type":"Polygon","coordinates":[[[-81.980793999797896,29.045621097582604],[-81.980971841155636,29.045171687608907],[-81.980750192083121,29.045103795314446],[-81.980572296461034,29.045553350258608],[-81.980793999797896,29.045621097582604]]]},"properties":{"PARCEL":"4505-006-005"}},{"type":"Feature","geometry":{"type":"Polygon","coordinates":[[[-81.989671444030364,29.050917190690249],[-81.989389757926617,29.050917636111443],[-81.989386267242992,29.051192635230098],[-81.98969925662611,29.051192139888826],[-81.989702741345297,29.050917140761428],[-81.989671444030364,29.050917190690249]]]},"properties":{"PARCEL":"3933-002-018"}},{"type":"Feature","geometry":{"type":"Polygon","coordinates":[[[-81.974829707253818,29.045858029779797],[-81.974319278976481,29.045856884692835],[-81.97431467914069,29.046718272516635],[-81.976765234163764,29.04672410186588],[-81.97678638532085,29.046669216952559],[-81.97554203659071,29.046666009542392],[-81.975546333967415,29.045859634703316],[-81.974829707253818,29.045858029779797]]]},"properties":{"PARCEL":"45110-018-00"}},{"type":"Feature","geometry":{"type":"Polygon","coordinates":[[[-81.989136569916823,29.051339740502161],[-81.988819089496019,29.05133223181684],[-81.988819691862261,29.051402562961954],[-81.988820302331973,29.051473934438395],[-81.988820851956305,29.051538210361759],[-81.989137626688418,29.051544226610943],[-81.989137303635346,29.051481545039891],[-81.989136934263627,29.051410118545224],[-81.989136569916823,29.051339740502161]]]},"properties":{"PARCEL":"3934-003-102"}},{"type":"Feature","geometry":{"type":"Polygon","coordinates":[[[-81.987233408451033,29.047788819964126],[-81.98723321309302,29.047974435736357],[-81.987602720601529,29.048133705200868],[-81.987619006485588,29.048112259444455],[-81.987638128215181,29.048092705131541],[-81.987666214340749,29.048070937437796],[-81.987697790132387,29.048053241157177],[-81.987456530192262,29.047767749228946],[-81.987233436393538,29.04776202487724],[-81.987233408451033,29.047788819964126]]]},"properties":{"PARCEL":"3934-001-069"}},{"type":"Feature","geometry":{"type":"Polygon","coordinates":[[[-81.983079629616583,29.049216157198462],[-81.984629587222656,29.049287663563788],[-81.984719070167841,29.04929000076244],[-81.98480852515695,29.049286937737541],[-81.984897530145972,29.049278488878219],[-81.984985665140954,29.049264694741094],[-81.984999859288266,29.049262971163156],[-81.985013540311044,29.049259228218229],[-81.985026338534709,29.04925356511632],[-81.985037907894153,29.049246136109396],[-81.98504793517651,29.049237141469664],[-81.985056149262959,29.049226825685796],[-81.985062329345055,29.049215465734328],[-81.985066308005472,29.049203369275233],[-81.985067976353591,29.049190863825157],[-81.985067291214662,29.049178287735316],[-81.985064268970049,29.049165979363444],[-81.985058992745607,29.049154273465426],[-81.984810380762809,29.048339827281175],[-81.983074611136345,29.048343925426884],[-81.983079629616583,29.049216157198462]]]},"properties":{"PARCEL":"39393-000-03"}},{"type":"Feature","geometry":{"type":"Polygon","coordinates":[[[-81.982240091985915,29.047305036740742],[-81.982510981384607,29.047306081945599],[-81.982520690069478,29.047305060020939],[-81.982530082725845,29.04730267290066],[-81.982538911881321,29.047298981907879],[-81.982546946486238,29.047294085361457],[-81.982553973968578,29.047288112260393],[-81.982559809475831,29.047281218675771],[-81.982564301009219,29.047273586849105],[-81.982567328398275,29.047265417071667],[-81.982568812542496,29.047256924978925],[-81.982569241451571,29.047044898506428],[-81.982240621282131,29.047044379046454],[-81.98224057057341,29.047070667951175],[-81.982240091985915,29.047305036740742]]]},"properties":{"PARCEL":"4505-005-001"}},{"type":"Feature","geometry":{"type":"Polygon","coordinates":[[[-81.980929043334413,29.043123146830748],[-81.980929484781242,29.04291688763082],[-81.980929927253356,29.042710625717849],[-81.980601318778596,29.042710083304289],[-81.980601145194072,29.042792753188085],[-81.980600877706522,29.042916345216174],[-81.980600671772677,29.043012766793023],[-81.980600435605496,29.043122608023875],[-81.98060019834918,29.043232779488463],[-81.980599992475689,29.043328870825082],[-81.980928602911703,29.043329409633607],[-81.980929043334413,29.043123146830748]]]},"properties":{"PARCEL":"4505-017-018"}},{"type":"Feature","geometry":{"type":"Polygon","coordinates":[[[-81.988808258903845,29.043296401304737],[-81.988808291660575,29.043021384446288],[-81.988808321336478,29.042746368478568],[-81.988473453469624,29.042746340157638],[-81.988473420852003,29.043021357929426],[-81.988473387207108,29.043296376592107],[-81.988808258903845,29.043296401304737]]]},"properties":{"PARCEL":"4511-092-000"}},{"type":"Feature","geometry":{"type":"Polygon","coordinates":[[[-81.979784598360553,29.046650964928109],[-81.98012886578752,29.046651511661704],[-81.980129290363379,29.046445248961735],[-81.979785023620991,29.046444703131844],[-81.979784627968527,29.046636032151557],[-81.979784598360553,29.046650964928109]]]},"properties":{"PARCEL":"4505-002-013"}},{"type":"Feature","geometry":{"type":"Polygon","coordinates":[[[-81.990152190766381,29.05251753162543],[-81.990181254549427,29.052512818427616],[-81.990209864625427,29.052506309649075],[-81.990272940773181,29.0524954083495],[-81.990336817440038,29.052489028413344],[-81.990401070535626,29.052487211314212],[-81.990465279052941,29.05248997055584],[-81.990474776536814,29.051740901118634],[-81.990478260244714,29.051465901993172],[-81.990165246420901,29.051466396441391],[-81.990161758802174,29.05174139555826],[-81.990160016526062,29.051878895112562],[-81.990152190766381,29.05251753162543]]]},"properties":{"PARCEL":"3933-001-003"}},{"type":"Feature","geometry":{"type":"Polygon","coordinates":[[[-81.990053617773285,29.04792740455391],[-81.990041871301486,29.048854153509666],[-81.990198359895345,29.048853906067333],[-81.990209528564321,29.04797446012768],[-81.990053617773285,29.04792740455391]]]},"properties":{"PARCEL":"3933-000-010"}},{"type":"Feature","geometry":{"type":"Polygon","coordinates":[[[-81.98969925662611,29.051192139888826],[-81.990012244979638,29.051191643817955],[-81.990015732975991,29.050916644682513],[-81.989702741345297,29.050917140761428],[-81.98969925662611,29.051192139888826]]]},"properties":{"PARCEL":"3933-002-003"}},{"type":"Feature","geometry":{"type":"Polygon","coordinates":[[[-81.987819837329354,29.048032318421733],[-81.987883508206806,29.048033700162467],[-81.987958678411474,29.0480353328369],[-81.988036941392053,29.04803703251369],[-81.988037536515435,29.047782652910289],[-81.987956150193881,29.047780564972175],[-81.987871288109645,29.047778388247167],[-81.987786962025865,29.047776225953815],[-81.987819837329354,29.048032318421733]]]},"properties":{"PARCEL":"3934-001-073"}},{"type":"Feature","geometry":{"type":"Polygon","coordinates":[[[-81.987112088143334,29.044003000514998],[-81.986760936761925,29.044001907981571],[-81.986760114841985,29.044263170315705],[-81.987111698356188,29.044264266502026],[-81.987112088143334,29.044003000514998]]]},"properties":{"PARCEL":"4508-309-044"}},{"type":"Feature","geometry":{"type":"Polygon","coordinates":[[[-81.980615400869439,29.045951281319319],[-81.980615231201199,29.046034995105121],[-81.980614955184464,29.046171289411106],[-81.980614810675505,29.046241252406425],[-81.980943427261565,29.046241781257212],[-81.980943847134654,29.046035518540886],[-81.980944225342213,29.045849239575126],[-81.980942766954129,29.045839886303128],[-81.980939522899575,29.045830887374862],[-81.980934589650545,29.045822500856861],[-81.98092810783352,29.045814972189849],[-81.980920267366059,29.045808519753059],[-81.980911294109632,29.04580332854637],[-81.980901448842587,29.045799551092486],[-81.980615889118354,29.045712292802019],[-81.980615400869439,29.045951281319319]]]},"properties":{"PARCEL":"4505-003-009"}},{"type":"Feature","geometry":{"type":"Polygon","coordinates":[[[-81.97894206072219,29.047733781400154],[-81.979296325613205,29.047734995014206],[-81.97943346613134,29.04741971429457],[-81.979401939369239,29.047406735539266],[-81.979372944496646,29.047389802460216],[-81.979347119092722,29.047369285995263],[-81.9793250319225,29.047345638277424],[-81.979307168563892,29.047319380000534],[-81.97894177334328,29.047480329240013],[-81.978941984739478,29.047668041071031],[-81.97894206072219,29.047733781400154]]]},"properties":{"PARCEL":"4505-001-011"}},{"type":"Feature","geometry":{"type":"Polygon","coordinates":[[[-81.981084247986786,29.043719988564533],[-81.981083681309741,29.043984003773019],[-81.981412293824121,29.04398454500809],[-81.98141259873853,29.043841536770294],[-81.981412857611232,29.043720528895292],[-81.981084247986786,29.043719988564533]]]},"properties":{"PARCEL":"4505-018-002"}},{"type":"Feature","geometry":{"type":"Polygon","coordinates":[[[-81.987231098900125,29.050000445119728],[-81.987575820307313,29.050007512551094],[-81.987575628488642,29.049937286088724],[-81.987575439610936,29.049868226276992],[-81.987575262584528,29.049803096808002],[-81.987575064816482,29.04973110998985],[-81.987231389790409,29.049722885027588],[-81.987231315571009,29.049791924063701],[-81.987231244510951,29.049860321576581],[-81.987231174720449,29.049926747601813],[-81.987231098900125,29.050000445119728]]]},"properties":{"PARCEL":"3934-001-041"}},{"type":"Feature","geometry":{"type":"Polygon","coordinates":[[[-81.991974885961639,29.046892297173098],[-81.992399055450008,29.046891681228651],[-81.99240015373266,29.046658984348763],[-81.991975886778206,29.046657590907053],[-81.991974885961639,29.046892297173098]]]},"properties":{"PARCEL":"45146-002-22"}},{"type":"Feature","geometry":{"type":"Polygon","coordinates":[[[-81.986760114841985,29.044263170315705],[-81.98640751494851,29.044261100444885],[-81.986406859501514,29.044522365490252],[-81.98675929189028,29.044524437150969],[-81.986760114841985,29.044263170315705]]]},"properties":{"PARCEL":"4508-309-040"}},{"type":"Feature","geometry":{"type":"Polygon","coordinates":[[[-81.980285429619869,29.046610798470368],[-81.980284980150159,29.046830809245478],[-81.980613601684468,29.046831329881787],[-81.980613967562888,29.04665377691482],[-81.980614050457632,29.046611315496154],[-81.980285429619869,29.046610798470368]]]},"properties":{"PARCEL":"4505-003-003"}},{"type":"Feature","geometry":{"type":"Polygon","coordinates":[[[-81.984500199904943,29.055361461629435],[-81.985648834168288,29.055363360488002],[-81.98571340286793,29.054515650219606],[-81.985701072462689,29.054490290277151],[-81.985693726755883,29.054463479995558],[-81.985691569990394,29.054435968291195],[-81.985694664695615,29.054408525719708],[-81.9857029214227,29.054381920112995],[-81.985716111070431,29.054356896730514],[-81.985733862835161,29.054334154799903],[-81.985755681670312,29.054314332180052],[-81.985764675022978,29.054307433384679],[-81.985772295594685,29.054299359672303],[-81.985778347222634,29.05429031854721],[-81.985782674816036,29.054280542781886],[-81.985785167437513,29.054270284101367],[-81.985785759330852,29.054259807769686],[-81.98411728417517,29.054254928916311],[-81.983977174015394,29.054596432249618],[-81.983832474079406,29.054949113234962],[-81.983879310172952,29.054970719490889],[-81.983922863609223,29.054997101114591],[-81.983962505994711,29.055027876368978],[-81.984001173232386,29.055062885001181],[-81.984045089723082,29.055092737705912],[-81.984068098467986,29.055111123525581],[-81.984089015164102,29.055131346138939],[-81.984174314127301,29.055176196913536],[-81.984262260090688,29.055216908275479],[-81.984352596342447,29.055253358381758],[-81.984395458834598,29.055273485153908],[-81.984434817876846,29.05529853435516],[-81.984469947529206,29.055328041229426],[-81.984500199904943,29.055361461629435]]]},"properties":{"PARCEL":"39393-000-37"}},{"type":"Feature","geometry":{"type":"Polygon","coordinates":[[[-81.987646933306152,29.04522143436445],[-81.987312072853044,29.045221384198882],[-81.987312032476694,29.045551403235265],[-81.987646893995347,29.045551454303517],[-81.987981755514767,29.045551503634552],[-81.987981799920661,29.045221483695602],[-81.987646933306152,29.04522143436445]]]},"properties":{"PARCEL":"4511-011-000"}},{"type":"Feature","geometry":{"type":"Polygon","coordinates":[[[-81.987312342011933,29.043021252363534],[-81.987647208711465,29.043021283579559],[-81.987647241466291,29.042746266710729],[-81.987312375654724,29.042746235495056],[-81.987312342011933,29.043021252363534]]]},"properties":{"PARCEL":"4511-028-000"}},{"type":"Feature","geometry":{"type":"Polygon","coordinates":[[[-81.987571686144008,29.048492081776573],[-81.987571512022797,29.048428450985885],[-81.98757133599004,29.048363636399642],[-81.987571162927651,29.048299742141321],[-81.987571002542211,29.048241453765616],[-81.987232937005501,29.048240280664434],[-81.987232880017814,29.048294481679495],[-81.987232812527196,29.048358928112346],[-81.987232743953328,29.048423832001781],[-81.9872326764295,29.048488546411356],[-81.987571686144008,29.048492081776573]]]},"properties":{"PARCEL":"3934-001-063"}},{"type":"Feature","geometry":{"type":"Polygon","coordinates":[[[-81.981428668018538,29.046174085081795],[-81.981428494898992,29.046257799767854],[-81.981428220976511,29.046394097680732],[-81.981428080095952,29.046464062479885],[-81.981756697395141,29.046464579415836],[-81.9817571177052,29.046258317605616],[-81.981757445932431,29.046096869462517],[-81.981753634335533,29.046085841242874],[-81.981747831651674,29.04607550570578],[-81.981740193906788,29.046066136263942],[-81.981730923336784,29.046057982876953],[-81.981720267362221,29.046051263028318],[-81.981708510375014,29.046046155408447],[-81.98142910666931,29.045960781850411],[-81.981428668018538,29.046174085081795]]]},"properties":{"PARCEL":"4505-004-007"}},{"type":"Feature","geometry":{"type":"Polygon","coordinates":[[[-81.989674931894427,29.050642190650265],[-81.989393244484063,29.050642636981117],[-81.989389757926617,29.050917636111443],[-81.989671444030364,29.050917190690249],[-81.989674931894427,29.050642190650265]]]},"properties":{"PARCEL":"3933-002-017"}},{"type":"Feature","geometry":{"type":"Polygon","coordinates":[[[-81.989123815603108,29.048880541732032],[-81.988798073659126,29.048873103606653],[-81.988798654708987,29.048940889436786],[-81.988799245865124,29.049010182078895],[-81.988799822846488,29.049077622333073],[-81.989124868376663,29.049083522908258],[-81.989124531193454,29.049018642450491],[-81.989124175945207,29.048949782022301],[-81.989123815603108,29.048880541732032]]]},"properties":{"PARCEL":"3934-003-066"}},{"type":"Feature","geometry":{"type":"Polygon","coordinates":[[[-81.978841257367918,29.043686273059869],[-81.978663177187926,29.04413611787886],[-81.978884326635608,29.044205255991699],[-81.979062945310233,29.043754040399556],[-81.978841257367918,29.043686273059869]]]},"properties":{"PARCEL":"4505-008-016"}},{"type":"Feature","geometry":{"type":"Polygon","coordinates":[[[-81.981743150452999,29.042931774686387],[-81.981414541272443,29.04293123245769],[-81.981414375018687,29.043010987063568],[-81.981414101816313,29.043137495268486],[-81.981742709596844,29.043138037498252],[-81.981743150452999,29.042931774686387]]]},"properties":{"PARCEL":"4505-018-020"}},{"type":"Feature","geometry":{"type":"Polygon","coordinates":[[[-81.985029864941268,29.043938439140518],[-81.985317203817559,29.04393950217046],[-81.985317375100266,29.043679741161622],[-81.985316081163049,29.043666639867315],[-81.985312223309606,29.043653933492674],[-81.985305916485302,29.043642006422715],[-81.985297353673346,29.043631221396115],[-81.985286792548735,29.043621904164898],[-81.985274553425683,29.043614336276125],[-81.985261006937364,29.043608747852243],[-81.985246562742788,29.043605307664823],[-81.98523165925981,29.043604118622103],[-81.9850314575543,29.043603527118083],[-81.985029864941268,29.043938439140518]]]},"properties":{"PARCEL":"4508-310-012"}},{"type":"Feature","geometry":{"type":"Polygon","coordinates":[[[-81.988054465393191,29.051662038546134],[-81.988054096701916,29.051591175976977],[-81.988053721965485,29.051519310971017],[-81.987735513940706,29.051512820140346],[-81.987735648948615,29.051586804586215],[-81.98773577324981,29.05165581384632],[-81.987735902487657,29.051726495035009],[-81.987736013326412,29.05178778346394],[-81.988055185723354,29.051800268239532],[-81.988054828081417,29.051731533254209],[-81.988054465393191,29.051662038546134]]]},"properties":{"PARCEL":"3934-002-009"}},{"type":"Feature","geometry":{"type":"Polygon","coordinates":[[[-81.981427658103541,29.046670324282264],[-81.981427325858974,29.046834123759076],[-81.981427240216448,29.046876586078884],[-81.981755858822623,29.046877104821984],[-81.981756277083022,29.046670842121934],[-81.981756697395141,29.046464579415836],[-81.981428080095952,29.046464062479885],[-81.981427770851738,29.0466141111743],[-81.981427658103541,29.046670324282264]]]},"properties":{"PARCEL":"4505-004-009"}},{"type":"Feature","geometry":{"type":"Polygon","coordinates":[[[-81.973238288062987,29.045854451312128],[-81.972788081500042,29.045853436005125],[-81.972278540426487,29.045852288755324],[-81.972266464357361,29.046827105440347],[-81.97672293999662,29.046833872584834],[-81.976744086064684,29.046778986775944],[-81.973233382676881,29.0467708494124],[-81.973238288062987,29.045854451312128]]]},"properties":{"PARCEL":"45110-016-00"}},{"type":"Feature","geometry":{"type":"Polygon","coordinates":[[[-81.991376389991103,29.04412776235775],[-81.991374980498492,29.044457779558947],[-81.991797482751579,29.044457806026927],[-81.99179858439409,29.044199347980506],[-81.991797893203639,29.044188467305254],[-81.991795223386404,29.044177824711877],[-81.991790643715362,29.044167697205417],[-81.991784275330602,29.044158345552937],[-81.991776281471275,29.044150014282927],[-81.991766869530309,29.044142918151199],[-81.991756282840214,29.044137240335914],[-81.991744797593029,29.044133129730476],[-81.991732710519727,29.044130691920085],[-81.991720334782897,29.044129990083686],[-81.991376389991103,29.04412776235775]]]},"properties":{"PARCEL":"45146-001-14"}},{"type":"Feature","geometry":{"type":"Polygon","coordinates":[[[-81.988048041794627,29.050429199183931],[-81.988354055328969,29.050430980108064],[-81.988353855606405,29.050362429188766],[-81.988353659796076,29.050295617869509],[-81.988353460057681,29.050227212216271],[-81.988046954751994,29.050220997431474],[-81.988047462354515,29.050289284011317],[-81.988047456562086,29.050357346778743],[-81.988048041794627,29.050429199183931]]]},"properties":{"PARCEL":"3934-002-092"}},{"type":"Feature","geometry":{"type":"Polygon","coordinates":[[[-81.986761898531256,29.043191973501592],[-81.987113308054802,29.043192386637458],[-81.987113697194332,29.042936259112341],[-81.986762424089108,29.04293571335548],[-81.986761898531256,29.043191973501592]]]},"properties":{"PARCEL":"4508-312-023"}},{"type":"Feature","geometry":{"type":"Polygon","coordinates":[[[-81.981428220976511,29.046394097680732],[-81.981099602876952,29.046393574527265],[-81.981099152055307,29.046613586214892],[-81.981427770851738,29.0466141111743],[-81.981428080095952,29.046464062479885],[-81.981428220976511,29.046394097680732]]]},"properties":{"PARCEL":"4505-004-004"}},{"type":"Feature","geometry":{"type":"Polygon","coordinates":[[[-81.988041207849591,29.05239929119681],[-81.987986770245399,29.05243919337196],[-81.987926665881218,29.052483249122112],[-81.987862526569742,29.052530264867901],[-81.98811416172812,29.052816804334789],[-81.988156126842156,29.05280663481285],[-81.988197086962757,29.052793676235702],[-81.98824712848689,29.052773388301901],[-81.988270827308568,29.05276638866545],[-81.988347593755009,29.052748555428405],[-81.988390811233771,29.05274161611139],[-81.988434399169861,29.052736789054624],[-81.98810355497298,29.052353590733286],[-81.988041207849591,29.05239929119681]]]},"properties":{"PARCEL":"3934-004-013"}},{"type":"Feature","geometry":{"type":"Polygon","coordinates":[[[-81.996731271714296,29.054043198514872],[-81.995178420947028,29.053089354012453],[-81.994761249106872,29.052841638512394],[-81.994314627297058,29.052564680208675],[-81.993871764004567,29.052289918539024],[-81.993429216234162,29.052015431511535],[-81.992990112681412,29.051743143860644],[-81.993033501611166,29.048837324070266],[-81.991382585570037,29.048329271146677],[-81.991371285933212,29.0524809178787],[-81.991365252947816,29.053506176930956],[-81.991720777414216,29.053954200336999],[-81.992352064307056,29.054232004345671],[-81.992564283879148,29.054085983751232],[-81.993405590169715,29.05440614466934],[-81.992870325749479,29.054998502299998],[-81.992819561987247,29.055895877376873],[-81.993291869065672,29.056024608666256],[-81.995307910121269,29.055769754575465],[-81.995400878176525,29.055930789799046],[-81.995782941385883,29.055686930051497],[-81.999466827553761,29.055695514550276],[-81.999469094996925,29.055282995886142],[-81.996714734829325,29.055275281041304],[-81.996722424910217,29.054862812156138],[-81.996723834220134,29.054459557194036],[-81.996731271714296,29.054043198514872]]]},"properties":{"PARCEL":"39385-020-00"}},{"type":"Feature","geometry":{"type":"Polygon","coordinates":[[[-81.976839050434918,29.053237141645475],[-81.974833393243884,29.053224338252505],[-81.9748091921049,29.054985879265427],[-81.976839912826591,29.054984593715535],[-81.976839050434918,29.053237141645475]]]},"properties":{"PARCEL":"39398-001-00"}},{"type":"Feature","geometry":{"type":"Polygon","coordinates":[[[-81.978922770828277,29.051447110935275],[-81.975197221601164,29.051422841913567],[-81.974858351456263,29.052326206914024],[-81.976165313219809,29.052333998262245],[-81.976751755559377,29.052337490046117],[-81.978918073110549,29.052350366793789],[-81.978919167383893,29.052140043207071],[-81.978922770828277,29.051447110935275]]]},"properties":{"PARCEL":"39398-003-00"}},{"type":"Feature","geometry":{"type":"Polygon","coordinates":[[[-81.979786295283262,29.045825918606649],[-81.980130558944907,29.045826462627641],[-81.980130913608221,29.045652786743965],[-81.980129931598896,29.045644115659289],[-81.980127321040698,29.04563570870252],[-81.980123154791343,29.045627801380252],[-81.980117549863806,29.045620612964381],[-81.980110661266067,29.045614343784518],[-81.980102683028733,29.045609169814437],[-81.980093834858465,29.045605234549413],[-81.980084366245478,29.045602647202617],[-81.979786846897525,29.045556103599885],[-81.979786323863877,29.045810985828098],[-81.979786295283262,29.045825918606649]]]},"properties":{"PARCEL":"4505-002-009"}},{"type":"Feature","geometry":{"type":"Polygon","coordinates":[[[-81.977118463329461,29.046545219977634],[-81.978140312577395,29.046547040467548],[-81.978134801512937,29.045973355478917],[-81.977345181315911,29.045969648852576],[-81.977118463329461,29.046545219977634]]]},"properties":{"PARCEL":"45110-001-00"}},{"type":"Feature","geometry":{"type":"Polygon","coordinates":[[[-81.979282993614092,29.046932268992478],[-81.978941148547392,29.046931632948638],[-81.978941382878574,29.04713786234791],[-81.979282501636533,29.047138530761529],[-81.979282993614092,29.046932268992478]]]},"properties":{"PARCEL":"4505-001-009"}},{"type":"Feature","geometry":{"type":"Polygon","coordinates":[[[-81.975903136690363,29.04896330815367],[-81.975850481905965,29.048963409675807],[-81.974883208605732,29.048965260577855],[-81.974788621186605,29.048965441355666],[-81.974788851800469,29.049528856350918],[-81.975690850967624,29.049524509444868],[-81.975903136690363,29.04896330815367]]]},"properties":{"PARCEL":"45110-008-00"}},{"type":"Feature","geometry":{"type":"Polygon","coordinates":[[[-81.990008755937666,29.051466642941953],[-81.989695767780816,29.051467139004551],[-81.98969228199725,29.051742139011452],[-81.990005267903769,29.051741642956955],[-81.990008755937666,29.051466642941953]]]},"properties":{"PARCEL":"3933-002-001"}},{"type":"Feature","geometry":{"type":"Polygon","coordinates":[[[-81.986756353404999,29.045455778869986],[-81.986755999013937,29.045569492660444],[-81.987109744253218,29.045570594479493],[-81.987110135078339,29.045309328543443],[-81.986756820956316,29.045308227670358],[-81.986756353404999,29.045455778869986]]]},"properties":{"PARCEL":"4508-309-049"}},{"type":"Feature","geometry":{"type":"Polygon","coordinates":[[[-81.988813235414042,29.050646962376543],[-81.988812683783635,29.050582330945204],[-81.988812076374145,29.050511242776174],[-81.988811514588505,29.050445575522524],[-81.988810923394439,29.050376485908807],[-81.988511234971895,29.050368988803775],[-81.988511418391823,29.050437334001035],[-81.988511603818665,29.050506103270465],[-81.988511791144887,29.050576267467818],[-81.988511964684307,29.050641117220401],[-81.988813235414042,29.050646962376543]]]},"properties":{"PARCEL":"3934-003-020"}},{"type":"Feature","geometry":{"type":"Polygon","coordinates":[[[-81.974787795002115,29.048102241000315],[-81.974788155510609,29.048498827655639],[-81.976028965443291,29.048496459907685],[-81.976078837295432,29.048496363233486],[-81.976230881841587,29.048099476112199],[-81.974787795002115,29.048102241000315]]]},"properties":{"PARCEL":"45110-009-00"}},{"type":"Feature","geometry":{"type":"Polygon","coordinates":[[[-81.986487584607943,29.045371187425797],[-81.986756353404999,29.045455778869986],[-81.986756820956316,29.045308227670358],[-81.986757644947616,29.045046964474853],[-81.986405548596849,29.045044894648171],[-81.986405322007158,29.045136364473301],[-81.986410094600842,29.045151510679748],[-81.986417431200536,29.045165843285993],[-81.986427159349489,29.045179031136339],[-81.986448957787843,29.045197387579414],[-81.986467305859549,29.045218455031801],[-81.986481774428995,29.045241740805253],[-81.986492022671072,29.045266695376249],[-81.986497810389949,29.045292733139934],[-81.986499000071746,29.045319243237444],[-81.986495565097741,29.045345600384053],[-81.986487584607943,29.045371187425797]]]},"properties":{"PARCEL":"4508-309-037"}},{"type":"Feature","geometry":{"type":"Polygon","coordinates":[[[-81.988964498819215,29.045496543303763],[-81.988964466473647,29.045771560060935],[-81.988964437208068,29.046046576807104],[-81.989303006051529,29.046046604200615],[-81.989303398932279,29.045771587483188],[-81.989303791810713,29.045496570754477],[-81.988964498819215,29.045496543303763]]]},"properties":{"PARCEL":"4511-068-000"}},{"type":"Feature","geometry":{"type":"Polygon","coordinates":[[[-81.979474916737132,29.043247614499425],[-81.97980211406886,29.043248158555006],[-81.979802536139331,29.043052732174036],[-81.979802680922859,29.042984143324055],[-81.979475573753021,29.042983599283911],[-81.979474916737132,29.043247614499425]]]},"properties":{"PARCEL":"4505-016-003"}},{"type":"Feature","geometry":{"type":"Polygon","coordinates":[[[-81.978940445584087,29.046312815686264],[-81.97894068003842,29.046518428845399],[-81.979283976535868,29.046519744532905],[-81.979284468506762,29.046313482744818],[-81.978940445584087,29.046312815686264]]]},"properties":{"PARCEL":"4505-001-006"}},{"type":"Feature","geometry":{"type":"Polygon","coordinates":[[[-81.989400221650186,29.050092637784392],[-81.989713205658759,29.050092144214084],[-81.990026195825706,29.050091649012458],[-81.990029683747238,29.049816648929273],[-81.989716694410447,29.049817144139233],[-81.989403708151428,29.049817638619938],[-81.989400221650186,29.050092637784392]]]},"properties":{"PARCEL":"3933-002-014"}},{"type":"Feature","geometry":{"type":"Polygon","coordinates":[[[-81.988037342686724,29.04837691971672],[-81.987729836484618,29.04837153692522],[-81.987729952974618,29.048437078745561],[-81.987730064790469,29.048498734433633],[-81.987730188218819,29.048566386692368],[-81.98803837239501,29.048574442104528],[-81.988038011761532,29.048505122406716],[-81.98803770030851,29.048445635788532],[-81.988037342686724,29.04837691971672]]]},"properties":{"PARCEL":"3934-002-056"}},{"type":"Feature","geometry":{"type":"Polygon","coordinates":[[[-81.988007051520455,29.046289484930973],[-81.98849528891138,29.046437623846426],[-81.98849530402758,29.046088490888657],[-81.988129620701429,29.04597754954349],[-81.988007051520455,29.046289484930973]]]},"properties":{"PARCEL":"4511-006-000"}},{"type":"Feature","geometry":{"type":"Polygon","coordinates":[[[-81.983942350711402,29.043600283030123],[-81.983941055548655,29.04393441369719],[-81.984213032767371,29.043935419505683],[-81.98421462587541,29.043601093075342],[-81.983942350711402,29.043600283030123]]]},"properties":{"PARCEL":"4508-310-008"}},{"type":"Feature","geometry":{"type":"Polygon","coordinates":[[[-81.98174224064887,29.043358050194989],[-81.981413632171382,29.043357507061494],[-81.981413420368156,29.043456513674244],[-81.981413162523694,29.043577521554159],[-81.981741771698907,29.043578061079952],[-81.98174224064887,29.043358050194989]]]},"properties":{"PARCEL":"4505-018-022"}},{"type":"Feature","geometry":{"type":"Polygon","coordinates":[[[-81.987804556108898,29.052572756198519],[-81.987743818985791,29.052617278288277],[-81.98768876497958,29.052657633230602],[-81.987627958951066,29.052702204886558],[-81.987930968547118,29.053011589779658],[-81.987946119938485,29.052950296416981],[-81.987952262331717,29.05292665988631],[-81.987962260490733,29.052904063129869],[-81.98797590179565,29.052882988848669],[-81.987992661244476,29.052865777514178],[-81.988011907513084,29.052850707514875],[-81.988033290407955,29.05283805491673],[-81.988059856648846,29.05282778570302],[-81.98808802637754,29.052821636446009],[-81.98811416172812,29.052816804334789],[-81.987862526569742,29.052530264867901],[-81.987804556108898,29.052572756198519]]]},"properties":{"PARCEL":"3934-004-017"}},{"type":"Feature","geometry":{"type":"Polygon","coordinates":[[[-81.977446124186343,29.04490132758681],[-81.974832492437599,29.044895509090114],[-81.974829707253818,29.045858029779797],[-81.975546333967415,29.045859634703316],[-81.975962857520642,29.045860565263631],[-81.975963894758209,29.045500988547314],[-81.975965476723246,29.044953017916704],[-81.977425239667227,29.044956262289134],[-81.977446124186343,29.04490132758681]]]},"properties":{"PARCEL":"45108-000-02"}},{"type":"Feature","geometry":{"type":"Polygon","coordinates":[[[-81.98719224975126,29.047761885613188],[-81.987233436393538,29.04776202487724],[-81.987456530192262,29.047767749228946],[-81.987628124157624,29.047772151142752],[-81.987786962025865,29.047776225953815],[-81.987871288109645,29.047778388247167],[-81.987956150193881,29.047780564972175],[-81.988037536515435,29.047782652910289],[-81.988077519635297,29.047783679654426],[-81.988104619317326,29.047784375010675],[-81.988181143679185,29.047786337915994],[-81.988264115411226,29.047788466459043],[-81.98833966327858,29.047790404827062],[-81.988417315091525,29.047792397471021],[-81.988493067300908,29.047794339379507],[-81.988573690720955,29.04779640797938],[-81.988652126002563,29.047798419502143],[-81.988726973597068,29.047800338645185],[-81.98880379165162,29.047802308438595],[-81.988883940695828,29.047804364180706],[-81.988963079357589,29.047806393625752],[-81.989037293418889,29.047808297204945],[-81.989121774603959,29.047810464139467],[-81.989147183204764,29.047810459879198],[-81.989149886320689,29.047638545464814],[-81.988064528287993,29.047320260672631],[-81.987190394307433,29.047046906655183],[-81.98719224975126,29.047761885613188]]]},"properties":{"PARCEL":"45113-000-00"}},{"type":"Feature","geometry":{"type":"Polygon","coordinates":[[[-81.975487462651614,29.043921497396425],[-81.975153178290057,29.043921613718592],[-81.975150532525305,29.044430541532343],[-81.975148397997685,29.044841235138389],[-81.977467010736703,29.044846393783363],[-81.977485003151401,29.044799072955723],[-81.977710516697258,29.044205916263561],[-81.976809747719614,29.043930291281157],[-81.976286400488121,29.043921218568933],[-81.975487462651614,29.043921497396425]]]},"properties":{"PARCEL":"45108-000-05"}},{"type":"Feature","geometry":{"type":"Polygon","coordinates":[[[-81.988514358106087,29.051532387333413],[-81.988820851956305,29.051538210361759],[-81.988820302331973,29.051473934438395],[-81.988819691862261,29.051402562961954],[-81.988819089496019,29.05133223181684],[-81.988513798854058,29.051325008545312],[-81.988513988254425,29.051395013030344],[-81.988514174637359,29.051464449978877],[-81.988514358106087,29.051532387333413]]]},"properties":{"PARCEL":"3934-003-007"}},{"type":"Feature","geometry":{"type":"Polygon","coordinates":[[[-81.988810923394439,29.050376485908807],[-81.988811514588505,29.050445575522524],[-81.989131977202632,29.050454284503154],[-81.989131615872296,29.050384579552944],[-81.989131256526207,29.050315541388812],[-81.989130923370666,29.050251347580183],[-81.988809767396219,29.050241181353087],[-81.988810345394953,29.050308833631298],[-81.988810923394439,29.050376485908807]]]},"properties":{"PARCEL":"3934-003-086"}},{"type":"Feature","geometry":{"type":"Polygon","coordinates":[[[-81.983656265166104,29.043933358860578],[-81.983941055548655,29.04393441369719],[-81.983942350711402,29.043600283030123],[-81.983741027783779,29.043599680445606],[-81.983727858219822,29.043600553163156],[-81.983715005646616,29.043603226875234],[-81.983702788374089,29.043607637558438],[-81.983691508291116,29.043613675171049],[-81.98368144367727,29.0436211899681],[-81.983672843041006,29.043629998816549],[-81.983665917932967,29.043639881585289],[-81.983660840889925,29.043650596483658],[-81.983657735167469,29.043661877353298],[-81.983656679871757,29.043673446300751],[-81.983656265166104,29.043933358860578]]]},"properties":{"PARCEL":"4508-310-007"}},{"type":"Feature","geometry":{"type":"Polygon","coordinates":[[[-81.987830862973055,29.053389609825192],[-81.987830377270669,29.053380789975083],[-81.987845319180465,29.053329220500885],[-81.987860949603103,29.053273178475148],[-81.987875141785082,29.053222302783865],[-81.987886225340972,29.053182566383629],[-81.987411297601014,29.052954366260259],[-81.987396936831288,29.053005162487864],[-81.987389165335543,29.053057056507441],[-81.98738735305929,29.053123361431709],[-81.98738540667982,29.053194660473409],[-81.98738340872886,29.053267810089846],[-81.987381744974059,29.053328698627269],[-81.987379865636385,29.053397510081684],[-81.987378002806025,29.053465665577939],[-81.98779132973533,29.053569852393007],[-81.987803918350622,29.053542308674228],[-81.987814180149087,29.05351402938323],[-81.98782250452679,29.053483233451281],[-81.987828073854089,29.053451960864145],[-81.987830833636281,29.053420832387136],[-81.987830862973055,29.053389609825192]]]},"properties":{"PARCEL":"3934-004-026"}},{"type":"Feature","geometry":{"type":"Polygon","coordinates":[[[-81.988793972009347,29.048393139452436],[-81.988794531734612,29.048458667774561],[-81.989121674893639,29.048467291621598],[-81.989121330675545,29.048400990964446],[-81.989120992521975,29.04833561334226],[-81.989120618090098,29.048263688753629],[-81.989120221561336,29.048187068683525],[-81.988792173161428,29.048182782029897],[-81.988792788643011,29.048254941233864],[-81.988793381841887,29.048324263658593],[-81.988793972009347,29.048393139452436]]]},"properties":{"PARCEL":"3934-003-052"}},{"type":"Feature","geometry":{"type":"Polygon","coordinates":[[[-81.975150532525305,29.044430541532343],[-81.973793844098665,29.044425286814914],[-81.973792986093969,29.044838207481057],[-81.975148397997685,29.044841235138389],[-81.975150532525305,29.044430541532343]]]},"properties":{"PARCEL":"45108-001-06"}},{"type":"Feature","geometry":{"type":"Polygon","coordinates":[[[-81.974787750329796,29.048801179756616],[-81.974881751458426,29.048800265313979],[-81.974975408044571,29.048793135819256],[-81.975068188164855,29.048779833581634],[-81.975159565022906,29.048760433394893],[-81.975384380150615,29.048692961500386],[-81.975451634123914,29.048680227265628],[-81.975519957724828,29.048673149601473],[-81.975588737934473,29.048671790652364],[-81.975657354558123,29.04867616383946],[-81.975725191520766,29.04868622935119],[-81.975791637892726,29.048701896850325],[-81.975856097130745,29.048723025475564],[-81.975870312977278,29.04872546238898],[-81.975884788047438,29.048725909814411],[-81.975899162954107,29.048724355055334],[-81.975913083432289,29.048720836846368],[-81.975926202393595,29.048715442646866],[-81.975938194302444,29.048708305936536],[-81.975948764418163,29.048699604412537],[-81.975957648796694,29.048689551868947],[-81.97596462763903,29.048678400003528],[-81.976028965443291,29.048496459907685],[-81.974788155510609,29.048498827655639],[-81.974787750329796,29.048801179756616]]]},"properties":{"PARCEL":"3940-000-001"}},{"type":"Feature","geometry":{"type":"Polygon","coordinates":[[[-81.980737208828558,29.054856422197815],[-81.982491521665594,29.055603638866483],[-81.98254744910183,29.05548971775033],[-81.982608341107493,29.05537777956485],[-81.982674107275656,29.055267991213878],[-81.982744651040065,29.055160515990917],[-81.982860651303611,29.055063254954458],[-81.982913558517836,29.055002045491754],[-81.982971383882628,29.054944374478108],[-81.980978393966936,29.054072300619087],[-81.980978681709601,29.054160666534045],[-81.980972215687828,29.054248850132307],[-81.980959024710259,29.0543364535107],[-81.980939168392055,29.054423080573997],[-81.980912737154839,29.05450834064418],[-81.980879850173068,29.054591848459999],[-81.98084065537391,29.054673227786399],[-81.98079532943737,29.054752111414523],[-81.980737208828558,29.054856422197815]]]},"properties":{"PARCEL":"39393-000-31"}},{"type":"Feature","geometry":{"type":"Polygon","coordinates":[[[-81.975737614527475,29.042737466555536],[-81.975559645806442,29.04318699695316],[-81.975781334640629,29.043254769713574],[-81.975959302517765,29.042805238123961],[-81.975737614527475,29.042737466555536]]]},"properties":{"PARCEL":"4505-008-002"}},{"type":"Feature","geometry":{"type":"Polygon","coordinates":[[[-81.980600877706522,29.042916345216174],[-81.980601145194072,29.042792753188085],[-81.980272535434892,29.042792208165245],[-81.980272063370123,29.043012220866725],[-81.980600671772677,29.043012766793023],[-81.980600877706522,29.042916345216174]]]},"properties":{"PARCEL":"4505-017-005"}},{"type":"Feature","geometry":{"type":"Polygon","coordinates":[[[-81.986764927926615,29.046913857183068],[-81.98676489903923,29.046939064255362],[-81.986764835137208,29.046997259686012],[-81.986764314014678,29.047443876076493],[-81.986763944000572,29.047760439228522],[-81.98719224975126,29.047761885613188],[-81.987190394307433,29.047046906655183],[-81.986764927926615,29.046913857183068]]]},"properties":{"PARCEL":"45109-004-00"}},{"type":"Feature","geometry":{"type":"Polygon","coordinates":[[[-81.981100050616519,29.046173560125194],[-81.981428668018538,29.046174085081795],[-81.98142910666931,29.045960781850411],[-81.9811733359317,29.045882625679635],[-81.981163367028074,29.045881070550553],[-81.981153241781016,29.045881003263379],[-81.981143245639501,29.045882426564972],[-81.981133663033717,29.04588529989265],[-81.981124761972438,29.04588954207863],[-81.981116795069539,29.045895034057235],[-81.981109986195406,29.045901619765189],[-81.981104528421952,29.045909114261846],[-81.981100573754091,29.045917305532218],[-81.981100050616519,29.046173560125194]]]},"properties":{"PARCEL":"4505-004-006"}},{"type":"Feature","geometry":{"type":"Polygon","coordinates":[[[-81.976123575381195,29.049069971154385],[-81.975921583113404,29.049584766637103],[-81.9768905706879,29.049583561805633],[-81.976890684817889,29.049071480431998],[-81.976123575381195,29.049069971154385]]]},"properties":{"PARCEL":"45110-007-00"}},{"type":"Feature","geometry":{"type":"Polygon","coordinates":[[[-81.991791500585848,29.045860381226714],[-81.99136899261849,29.04586035473875],[-81.991367993595574,29.046094115435547],[-81.991790502515371,29.046094141926844],[-81.991791500585848,29.045860381226714]]]},"properties":{"PARCEL":"45146-001-07"}},{"type":"Feature","geometry":{"type":"Polygon","coordinates":[[[-81.98011549258328,29.043053255277965],[-81.979802536139331,29.043052732174036],[-81.97980211406886,29.043248158555006],[-81.979801945579709,29.043327748938818],[-81.980114902853686,29.043328271142233],[-81.98011549258328,29.043053255277965]]]},"properties":{"PARCEL":"4505-016-018"}},{"type":"Feature","geometry":{"type":"Polygon","coordinates":[[[-81.979286998735674,29.042873201231689],[-81.978942742851672,29.042872546778717],[-81.978942463199289,29.042985633514657],[-81.97894211910193,29.043122812105356],[-81.97928637479076,29.043123462048754],[-81.979286998735674,29.042873201231689]]]},"properties":{"PARCEL":"4505-015-023"}},{"type":"Feature","geometry":{"type":"Polygon","coordinates":[[[-81.988266559297344,29.04804201713111],[-81.988340992259452,29.048043632383742],[-81.988420833470926,29.048045366260549],[-81.988417315091525,29.047792397471021],[-81.98833966327858,29.047790404827062],[-81.988264115411226,29.047788466459043],[-81.988181143679185,29.047786337915994],[-81.988104619317326,29.047784375010675],[-81.988077519635297,29.047783679654426],[-81.988037536515435,29.047782652910289],[-81.988036941392053,29.04803703251369],[-81.988107968394033,29.048038574507132],[-81.988188094026256,29.048040313058927],[-81.988266559297344,29.04804201713111]]]},"properties":{"PARCEL":"3934-001-076"}},{"type":"Feature","geometry":{"type":"Polygon","coordinates":[[[-81.97804451631194,29.046675457584513],[-81.977068046589267,29.046673369827715],[-81.97687796587357,29.047154064486211],[-81.977967421518827,29.047164148390312],[-81.97803815328399,29.047164710368442],[-81.97804451631194,29.046675457584513]]]},"properties":{"PARCEL":"45110-002-00"}},{"type":"Feature","geometry":{"type":"Polygon","coordinates":[[[-81.980110733011159,29.047435256168498],[-81.979876001475944,29.047434450649884],[-81.979874654111754,29.047736967796371],[-81.980109382224526,29.047737773317007],[-81.980110733011159,29.047435256168498]]]},"properties":{"PARCEL":"4505-001-014"}},{"type":"Feature","geometry":{"type":"Polygon","coordinates":[[[-81.979285751868318,29.043373727368049],[-81.97928637479076,29.043123462048754],[-81.97894211910193,29.043122812105356],[-81.978941806879618,29.043249649629409],[-81.978941499455871,29.043373077423311],[-81.979285751868318,29.043373727368049]]]},"properties":{"PARCEL":"4505-015-024"}},{"type":"Feature","geometry":{"type":"Polygon","coordinates":[[[-81.987110916721718,29.044786797543068],[-81.986758466881255,29.044785698562148],[-81.986757644947616,29.045046964474853],[-81.98711052795467,29.045048063499685],[-81.987110916721718,29.044786797543068]]]},"properties":{"PARCEL":"4508-309-047"}},{"type":"Feature","geometry":{"type":"Polygon","coordinates":[[[-81.992058759054316,29.048242665727994],[-81.992063669383597,29.047758794372278],[-81.991795919652432,29.047758778282713],[-81.991360884996709,29.047758751002323],[-81.991360661751855,29.047850132376144],[-81.991360219529469,29.048030958821709],[-81.992058759054316,29.048242665727994]]]},"properties":{"PARCEL":"39385-041-01"}},{"type":"Feature","geometry":{"type":"Polygon","coordinates":[[[-81.984229136063163,29.050779370543538],[-81.984353340331111,29.050779754106404],[-81.984514100121501,29.05071980254835],[-81.984525792381703,29.050715865433919],[-81.984536653124977,29.050710389831423],[-81.98454642151242,29.050703507444183],[-81.984554865451898,29.05069538426574],[-81.984561782626159,29.05068621245919],[-81.984567006653265,29.05067621396713],[-81.984570412223135,29.050665626075538],[-81.984587033478931,29.050639996850613],[-81.984608272036724,29.050617150791506],[-81.98463353633791,29.050597724839683],[-81.984662122914202,29.050582258477384],[-81.984693237952712,29.050571182000727],[-81.984726015780979,29.050564803890033],[-81.984759543511998,29.050563301790131],[-81.984792888769292,29.050566717099873],[-81.984825124330641,29.050574954072705],[-81.984833949376295,29.050579646937784],[-81.984843520103738,29.050583029772469],[-81.984853584948695,29.050585013222353],[-81.984863883099521,29.050585546730062],[-81.984874143470819,29.050584615828544],[-81.984884100105774,29.050582244849419],[-81.984893491149577,29.050578495118575],[-81.984956219816041,29.050544936355699],[-81.985014900352738,29.050506133949039],[-81.985068966910532,29.050462461385759],[-81.985117898817634,29.05041433997949],[-81.985161222633835,29.050362234358889],[-81.985198523446684,29.050306646152521],[-81.985229438710704,29.050248111281185],[-81.985253672623486,29.050187194545487],[-81.985270989965358,29.050124482406744],[-81.985281224313823,29.050060581183114],[-81.985284277017911,29.049996105319707],[-81.985280118223969,29.049931679193122],[-81.985276808525171,29.049867992128178],[-81.985266201009992,29.049804923227846],[-81.985248404444434,29.049743117634208],[-81.985223600500888,29.049683205157645],[-81.985156602548955,29.049467861743828],[-81.985150500701721,29.049456313658126],[-81.985142426168437,29.049445741623508],[-81.985132577091306,29.049436403714409],[-81.985121193716907,29.049428527332164],[-81.985108552235687,29.049422304693231],[-81.985094962729207,29.049417887415153],[-81.985080755821642,29.049415383808228],[-81.985066279599963,29.049414855266214],[-81.98505188523869,29.049416313557781],[-81.984961218282763,29.04943490669503],[-81.984869185486829,29.049447275672581],[-81.984776339314237,29.049453347465434],[-81.984683236331307,29.049453084239548],[-81.984236836102781,29.049437156922188],[-81.984229136063163,29.050779370543538]]]},"properties":{"PARCEL":"39393-000-12"}},{"type":"Feature","geometry":{"type":"Polygon","coordinates":[[[-81.983942483005009,29.04467564941379],[-81.984283527805161,29.044677515977526],[-81.984294888614997,29.044667805131038],[-81.984304234073761,29.044656557459891],[-81.984311298195848,29.044644091439391],[-81.984315882758779,29.044630759839443],[-81.984317857304305,29.044616941603998],[-81.984318253069247,29.044505302158232],[-81.98431695930654,29.044491813776496],[-81.984313022539908,29.044478727504323],[-81.984306563870945,29.044466439457903],[-81.98429777730621,29.044455322302561],[-81.984286929759051,29.044445712620643],[-81.984274349756276,29.044437901887616],[-81.984260418198687,29.044432126545772],[-81.984245559120865,29.044428561687408],[-81.984230220183306,29.044427315638742],[-81.983942528838199,29.044426052640802],[-81.983942483005009,29.04467564941379]]]},"properties":{"PARCEL":"4508-309-019"}},{"type":"Feature","geometry":{"type":"Polygon","coordinates":[[[-81.984253720258039,29.045069314481495],[-81.984297375315705,29.045082632779323],[-81.984350201614333,29.044953488853434],[-81.984320834087995,29.044942067938042],[-81.984294119406954,29.044926402986842],[-81.984270848130521,29.044906956062942],[-81.984251701960162,29.044884298393203],[-81.984237246553747,29.044859098637527],[-81.984227906886403,29.044832097621722],[-81.984223956985957,29.044804091192749],[-81.984225514803256,29.044775904051626],[-81.984232534002331,29.044748365390934],[-81.984244808071395,29.044722287240404],[-81.984261974434915,29.044698436496738],[-81.984283527805161,29.044677515977526],[-81.983942483005009,29.04467564941379],[-81.983779724063453,29.044924689766187],[-81.984253720258039,29.045069314481495]]]},"properties":{"PARCEL":"4508-309-020"}},{"type":"Feature","geometry":{"type":"Polygon","coordinates":[[[-81.981413896667888,29.043233749921331],[-81.981414101816313,29.043137495268486],[-81.981414375018687,29.043010987063568],[-81.981085765589029,29.043010445834906],[-81.981085287559011,29.043233209593616],[-81.981413896667888,29.043233749921331]]]},"properties":{"PARCEL":"4505-018-005"}},{"type":"Feature","geometry":{"type":"Polygon","coordinates":[[[-81.988270283855499,29.052242097769657],[-81.988617506372989,29.052638662580044],[-81.988631601747628,29.052604909402341],[-81.988644543327339,29.052576786365524],[-81.988420552232782,29.052163579785649],[-81.98836167328588,29.052189092136061],[-81.988306512205781,29.052217871947889],[-81.988270283855499,29.052242097769657]]]},"properties":{"PARCEL":"3934-004-008"}},{"type":"Feature","geometry":{"type":"Polygon","coordinates":[[[-81.98189644851783,29.044423617020378],[-81.98190008903066,29.044438037800258],[-81.981906402391445,29.044451728090781],[-81.981915215140958,29.044464307104729],[-81.981926282965958,29.044475425625183],[-81.981939297885205,29.044484774127024],[-81.98195389851513,29.044492095410472],[-81.982224740882316,29.044574886231729],[-81.982225212010022,29.044354196860802],[-81.982225416379649,29.044258109144852],[-81.981896802993518,29.044257567192108],[-81.98189644851783,29.044423617020378]]]},"properties":{"PARCEL":"4505-019-001"}},{"type":"Feature","geometry":{"type":"Polygon","coordinates":[[[-81.99233925139994,29.043578593702147],[-81.99137849384924,29.043572127450449],[-81.991377093707314,29.043962751946392],[-81.992337810732522,29.043969117150191],[-81.99233925139994,29.043578593702147]]]},"properties":{"PARCEL":"45159-001-00"}},{"type":"Feature","geometry":{"type":"Polygon","coordinates":[[[-81.985307730954304,29.05046781750281],[-81.987230607819427,29.050469402728606],[-81.987230674159136,29.050405990331491],[-81.987230748609733,29.05033508267493],[-81.987230818549804,29.050267447595402],[-81.987230887239789,29.050201624298051],[-81.987230961622018,29.050131268836203],[-81.987231032602494,29.050063520969349],[-81.987231098900125,29.050000445119728],[-81.987231174720449,29.049926747601813],[-81.987231244510951,29.049860321576581],[-81.987231315571009,29.049791924063701],[-81.987231389790409,29.049722885027588],[-81.987231415422741,29.04969818324351],[-81.985424675775818,29.049703471643458],[-81.985448208273681,29.049773142129457],[-81.985464971679605,29.049844307862411],[-81.985474844884479,29.049916461748932],[-81.985477757094117,29.049989091286513],[-81.985473689883435,29.05006167766113],[-81.985462670008147,29.050133703867296],[-81.985444776592686,29.050204657415499],[-81.985420137023183,29.050274031234128],[-81.985388927973588,29.050341332692597],[-81.985351370272085,29.050406081796279],[-81.985307730954304,29.05046781750281]]]},"properties":{"PARCEL":"39393-000-26"}},{"type":"Feature","geometry":{"type":"Polygon","coordinates":[[[-81.989303006051529,29.046046604200615],[-81.988964437208068,29.046046576807104],[-81.988964424038556,29.046170333030883],[-81.988964417602944,29.046230809445412],[-81.988844043382329,29.04619429403559],[-81.988651752425582,29.046135957965738],[-81.988651737835951,29.046485091823484],[-81.98896236489486,29.046579337699136],[-81.989302098485652,29.046682414014573],[-81.989302497870185,29.046404124743656],[-81.989303006051529,29.046046604200615]]]},"properties":{"PARCEL":"4511-071-000"}},{"type":"Feature","geometry":{"type":"Polygon","coordinates":[[[-81.988352877721525,29.050027147286436],[-81.98835266913936,29.049955209194042],[-81.988352473327524,29.049888424036926],[-81.988352273636707,29.049819607841041],[-81.98804483100885,29.049813374022012],[-81.988042512708233,29.049882020365096],[-81.988042669374636,29.049948163094133],[-81.988045909010353,29.050019765807811],[-81.9880429945092,29.050084965376964],[-81.988046528828875,29.050138960976906],[-81.988047497485567,29.050153774735374],[-81.988046954751994,29.050220997431474],[-81.988353460057681,29.050227212216271],[-81.988353267290947,29.050160733838144],[-81.988353068543177,29.050092654809877],[-81.988352877721525,29.050027147286436]]]},"properties":{"PARCEL":"3934-002-086"}},{"type":"Feature","geometry":{"type":"Polygon","coordinates":[[[-81.97619903643907,29.046612470631835],[-81.976203036793066,29.045861101585366],[-81.975962857520642,29.045860565263631],[-81.975546333967415,29.045859634703316],[-81.97554203659071,29.046666009542392],[-81.97678638532085,29.046669216952559],[-81.976807532348317,29.04661433203475],[-81.97619903643907,29.046612470631835]]]},"properties":{"PARCEL":"45110-019-00"}},{"type":"Feature","geometry":{"type":"Polygon","coordinates":[[[-81.979283488670006,29.046726006315275],[-81.978940916278418,29.046725364745146],[-81.978941148547392,29.046931632948638],[-81.979282993614092,29.046932268992478],[-81.979283488670006,29.046726006315275]]]},"properties":{"PARCEL":"4505-001-008"}},{"type":"Feature","geometry":{"type":"Polygon","coordinates":[[[-81.979800848956216,29.04383401178622],[-81.980058946310734,29.043912884644222],[-81.980067956363769,29.043912531384397],[-81.980076766452839,29.043910835496884],[-81.980085118846674,29.043907845666805],[-81.980092770181628,29.043903649379626],[-81.980099495569462,29.043898369312714],[-81.980105100919303,29.043892159727807],[-81.980109419858294,29.04388520195938],[-81.980112327080505,29.043877699904975],[-81.980113737321716,29.043869871904647],[-81.980114311066785,29.043603287897199],[-81.979801350909398,29.043602765691727],[-81.979800848956216,29.04383401178622]]]},"properties":{"PARCEL":"4505-016-020"}},{"type":"Feature","geometry":{"type":"Polygon","coordinates":[[[-81.981412293824121,29.04398454500809],[-81.981412034950083,29.044105551976056],[-81.981740645798226,29.044106092407613],[-81.981741208750279,29.043842076297839],[-81.98141259873853,29.043841536770294],[-81.981412293824121,29.04398454500809]]]},"properties":{"PARCEL":"4505-018-024"}},{"type":"Feature","geometry":{"type":"Polygon","coordinates":[[[-81.988798654708987,29.048940889436786],[-81.988507390094924,29.048936431912363],[-81.988507572597484,29.049003746717482],[-81.988507753033929,29.049071176111621],[-81.988507929599251,29.04913647611798],[-81.988800388659726,29.049143893227498],[-81.988799822846488,29.049077622333073],[-81.988799245865124,29.049010182078895],[-81.988798654708987,29.048940889436786]]]},"properties":{"PARCEL":"3934-003-042"}},{"type":"Feature","geometry":{"type":"Polygon","coordinates":[[[-81.973801379546245,29.042909640149841],[-81.973793844098665,29.044425286814914],[-81.975150532525305,29.044430541532343],[-81.975153178290057,29.043921613718592],[-81.974804795225182,29.043921731978294],[-81.973860108149395,29.043922050397846],[-81.973864006597822,29.042928805119583],[-81.973801379546245,29.042909640149841]]]},"properties":{"PARCEL":"45108-000-06"}},{"type":"Feature","geometry":{"type":"Polygon","coordinates":[[[-81.985505032392879,29.043867086373684],[-81.985864247746647,29.043867264515377],[-81.985865453880479,29.043606002212282],[-81.985590535769205,29.043605186207422],[-81.985577195773601,29.043606070817699],[-81.985564179984877,29.043608780780556],[-81.985551806712138,29.043613250263636],[-81.985540384003201,29.043619367417151],[-81.985530194241932,29.043626983395008],[-81.98552148798808,29.043635907842759],[-81.985514480895517,29.043645920626798],[-81.98550934549732,29.043656775442706],[-81.985506210178656,29.043668203424097],[-81.98550515096116,29.04367992126242],[-81.985505032392879,29.043867086373684]]]},"properties":{"PARCEL":"4508-309-029"}},{"type":"Feature","geometry":{"type":"Polygon","coordinates":[[[-81.987627958951066,29.052702204886558],[-81.987589311986952,29.052726564739991],[-81.987553311912095,29.052753876192092],[-81.987505163818042,29.052799607494592],[-81.98748121798711,29.052827771802381],[-81.987459764168108,29.052857444954128],[-81.987903300408135,29.053118731472502],[-81.98790962257327,29.053094667278927],[-81.987917490899903,29.053064376576028],[-81.987930968547118,29.053011589779658],[-81.987627958951066,29.052702204886558]]]},"properties":{"PARCEL":"3934-004-021"}},{"type":"Feature","geometry":{"type":"Polygon","coordinates":[[[-81.988138344893741,29.044671437871493],[-81.988138311384901,29.044946456466334],[-81.9881382768489,29.045221474147528],[-81.988473160922823,29.045221494284259],[-81.98880804397028,29.045221514488162],[-81.988808077756772,29.044946497708683],[-81.988808107435688,29.044671480917593],[-81.988473225137497,29.044671461616542],[-81.988138344893741,29.044671437871493]]]},"properties":{"PARCEL":"4511-077-000"}},{"type":"Feature","geometry":{"type":"Polygon","coordinates":[[[-81.979783270095552,29.04729662025138],[-81.980072644133884,29.047297609996328],[-81.980082932247072,29.047295114906149],[-81.980092648691155,29.047291234726405],[-81.980101554200203,29.047286065063748],[-81.980109427984601,29.047279734912092],[-81.980116076974014,29.047272398533337],[-81.980121335817017,29.047264237262041],[-81.980125075096552,29.04725545409282],[-81.980127203385535,29.047246263755589],[-81.980127668273241,29.047236894520189],[-81.980128020737368,29.04706403614092],[-81.979783752967137,29.047063492111523],[-81.979783270095552,29.04729662025138]]]},"properties":{"PARCEL":"4505-002-016"}},{"type":"Feature","geometry":{"type":"Polygon","coordinates":[[[-81.984771252847224,29.047443565607946],[-81.986764314014678,29.047443876076493],[-81.986764835137208,29.046997259686012],[-81.98517642742344,29.046517174924777],[-81.985173087260563,29.046516944473915],[-81.985169752158455,29.046517226520212],[-81.985166523771852,29.046518012954351],[-81.985163498624019,29.046519278523043],[-81.985160769132577,29.046520986242953],[-81.985158417449455,29.046523083790749],[-81.985156515460091,29.046525507112346],[-81.985155120675941,29.046528184031452],[-81.985121269603269,29.046616831381336],[-81.984994661481835,29.046850278468821],[-81.984937014464592,29.046828799488704],[-81.984845971496895,29.047060844656219],[-81.984819046890649,29.047135205958522],[-81.984798027225921,29.047211022403015],[-81.984783011141701,29.047287933090448],[-81.984774072635361,29.047365570802121],[-81.984771252847224,29.047443565607946]]]},"properties":{"PARCEL":"39393-000-30"}},{"type":"Feature","geometry":{"type":"Polygon","coordinates":[[[-81.979785473352834,29.046223510355546],[-81.979785448879142,29.046238443133799],[-81.980129710829715,29.046238988059411],[-81.980130134375074,29.046032724444323],[-81.980130558944907,29.045826462627641],[-81.979786295283262,29.045825918606649],[-81.979785904770225,29.04601724764477],[-81.979785866948077,29.046032181323763],[-81.979785473352834,29.046223510355546]]]},"properties":{"PARCEL":"4505-002-010"}},{"type":"Feature","geometry":{"type":"Polygon","coordinates":[[[-81.987578424913707,29.050962960317069],[-81.987578238071762,29.050894021421961],[-81.987230171469605,29.050885793344023],[-81.987230097009842,29.050956767763637],[-81.987230025891577,29.051025622721742],[-81.987229954900087,29.051093447272812],[-81.987229883942049,29.051160999334002],[-81.987578984619958,29.051168059052657],[-81.98757880260446,29.051101683543994],[-81.987578616777753,29.051032837585492],[-81.987578424913707,29.050962960317069]]]},"properties":{"PARCEL":"3934-001-024"}},{"type":"Feature","geometry":{"type":"Polygon","coordinates":[[[-81.984757587886406,29.04393743495217],[-81.98475603145782,29.04426461078268],[-81.985028307290591,29.044265805355948],[-81.985029864941268,29.043938439140518],[-81.984757587886406,29.04393743495217]]]},"properties":{"PARCEL":"4508-310-002"}},{"type":"Feature","geometry":{"type":"Polygon","coordinates":[[[-81.98803837239501,29.048574442104528],[-81.988038725019209,29.04864198610878],[-81.988039111795828,29.048716119485071],[-81.98803945939369,29.048782736843243],[-81.988349272883298,29.048789919179612],[-81.988349075157657,29.048721925854327],[-81.988348863534213,29.048649682776162],[-81.988348669819445,29.048582552031995],[-81.98803837239501,29.048574442104528]]]},"properties":{"PARCEL":"3934-002-068"}},{"type":"Feature","geometry":{"type":"Polygon","coordinates":[[[-81.980613967562888,29.04665377691482],[-81.980613601684468,29.046831329881787],[-81.980613543949488,29.04686004231721],[-81.980942162497627,29.04686056485599],[-81.980942582376315,29.046654303060972],[-81.980613967562888,29.04665377691482]]]},"properties":{"PARCEL":"4505-003-012"}},{"type":"Feature","geometry":{"type":"Polygon","coordinates":[[[-81.9768905706879,29.049583561805633],[-81.977610736785067,29.049581483139491],[-81.977618045928693,29.049071878826279],[-81.976890684817889,29.049071480431998],[-81.9768905706879,29.049583561805633]]]},"properties":{"PARCEL":"45110-007-02"}},{"type":"Feature","geometry":{"type":"Polygon","coordinates":[[[-81.983091417275716,29.042933516653424],[-81.983090895573497,29.04309159843309],[-81.983469826268447,29.043092236600618],[-81.983470199278912,29.042858473077882],[-81.983091668852481,29.042857825939173],[-81.983091417275716,29.042933516653424]]]},"properties":{"PARCEL":"4508-309-010"}},{"type":"Feature","geometry":{"type":"Polygon","coordinates":[[[-81.979412537869635,29.050764484082713],[-81.981162446550456,29.052332641225469],[-81.981184956106631,29.052317279419764],[-81.981209795047718,29.052304998327273],[-81.981236421143805,29.052296064044146],[-81.981264253157804,29.052290672283469],[-81.981292686249432,29.052288941159176],[-81.981321099163566,29.052290907578016],[-81.981336491868149,29.052290659786181],[-81.981351654931814,29.052288320470787],[-81.981366221753603,29.052283947327144],[-81.981379843181088,29.052277644069431],[-81.981455914114846,29.052231791597602],[-81.981535137700291,29.05219026686084],[-81.981617197640716,29.052153237634865],[-81.981701763268703,29.052120851843707],[-81.981788493652786,29.052093240267375],[-81.981877041705246,29.052070513835623],[-81.981501858787979,29.050770961560548],[-81.980886467766723,29.050769058182457],[-81.979412537869635,29.050764484082713]]]},"properties":{"PARCEL":"39393-000-15"}},{"type":"Feature","geometry":{"type":"Polygon","coordinates":[[[-81.98256977412818,29.046783632662294],[-81.982241154785939,29.046783117715382],[-81.982240986842797,29.046864411570972],[-81.982240621282131,29.047044379046454],[-81.982569241451571,29.047044898506428],[-81.98256977412818,29.046783632662294]]]},"properties":{"PARCEL":"4505-005-008"}},{"type":"Feature","geometry":{"type":"Polygon","coordinates":[[[-81.988138200549969,29.045834681013233],[-81.988473098929362,29.045936283776861],[-81.98847312727429,29.045496513759101],[-81.988138242312388,29.045496492719714],[-81.988138200549969,29.045834681013233]]]},"properties":{"PARCEL":"4511-074-000"}},{"type":"Feature","geometry":{"type":"Polygon","coordinates":[[[-81.980615400869439,29.045951281319319],[-81.980286783150959,29.045950759786535],[-81.980286334714151,29.046170773290257],[-81.980614955184464,29.046171289411106],[-81.980615231201199,29.046034995105121],[-81.980615400869439,29.045951281319319]]]},"properties":{"PARCEL":"4505-003-006"}},{"type":"Feature","geometry":{"type":"Polygon","coordinates":[[[-81.987111698356188,29.044264266502026],[-81.986760114841985,29.044263170315705],[-81.98675929189028,29.044524437150969],[-81.987111306513356,29.044525531576376],[-81.987111698356188,29.044264266502026]]]},"properties":{"PARCEL":"4508-309-045"}},{"type":"Feature","geometry":{"type":"Polygon","coordinates":[[[-81.990488713309972,29.050640903646478],[-81.990175703003516,29.050641400826645],[-81.99017221544095,29.050916399977613],[-81.990485230685024,29.050915902806103],[-81.990488713309972,29.050640903646478]]]},"properties":{"PARCEL":"3933-001-007"}},{"type":"Feature","geometry":{"type":"Polygon","coordinates":[[[-81.987576558025552,29.05027801597716],[-81.987230818549804,29.050267447595402],[-81.987230748609733,29.05033508267493],[-81.987230674159136,29.050405990331491],[-81.987230607819427,29.050469402728606],[-81.987577113775714,29.050481794694296],[-81.987576925867771,29.050413195954576],[-81.987576740046819,29.050344321115954],[-81.987576558025552,29.05027801597716]]]},"properties":{"PARCEL":"3934-001-034"}},{"type":"Feature","geometry":{"type":"Polygon","coordinates":[[[-81.980613601684468,29.046831329881787],[-81.980284980150159,29.046830809245478],[-81.980284530677778,29.047050822720195],[-81.980613150855504,29.047051344259909],[-81.980613543949488,29.04686004231721],[-81.980613601684468,29.046831329881787]]]},"properties":{"PARCEL":"4505-003-002"}},{"type":"Feature","geometry":{"type":"Polygon","coordinates":[[[-81.979284966636385,29.046107220049066],[-81.978940211271151,29.046106509567565],[-81.978940445584087,29.046312815686264],[-81.979284468506762,29.046313482744818],[-81.979284966636385,29.046107220049066]]]},"properties":{"PARCEL":"4505-001-005"}},{"type":"Feature","geometry":{"type":"Polygon","coordinates":[[[-81.982727693917568,29.046069138863835],[-81.982727276565782,29.046275400683808],[-81.983087190203676,29.046275958085868],[-81.983087607866366,29.046069696264617],[-81.982727693917568,29.046069138863835]]]},"properties":{"PARCEL":"4505-001-024"}},{"type":"Feature","geometry":{"type":"Polygon","coordinates":[[[-81.981084812607165,29.04345597244307],[-81.981413420368156,29.043456513674244],[-81.981413632171382,29.043357507061494],[-81.981413896667888,29.043233749921331],[-81.981085287559011,29.043233209593616],[-81.981084812607165,29.04345597244307]]]},"properties":{"PARCEL":"4505-018-004"}},{"type":"Feature","geometry":{"type":"Polygon","coordinates":[[[-81.982554384534836,29.044090720101011],[-81.982225773730022,29.044090181660525],[-81.982225416379649,29.044258109144852],[-81.982225212010022,29.044354196860802],[-81.982553824678149,29.044354735303138],[-81.982554384534836,29.044090720101011]]]},"properties":{"PARCEL":"4505-019-027"}},{"type":"Feature","geometry":{"type":"Polygon","coordinates":[[[-81.975487240010438,29.043425537530535],[-81.974811586621229,29.043218781525454],[-81.974804795225182,29.043921731978294],[-81.975153178290057,29.043921613718592],[-81.975487462651614,29.043921497396425],[-81.975487284123332,29.043525617894648],[-81.975487240010438,29.043425537530535]]]},"properties":{"PARCEL":"45100-001-00"}},{"type":"Feature","geometry":{"type":"Polygon","coordinates":[[[-81.98805593419921,29.051943777185468],[-81.988056307967312,29.052015159465824],[-81.988056641511662,29.052079161976359],[-81.988229046142692,29.052079158251672],[-81.988275130212173,29.052018893446011],[-81.988296314122778,29.0519842377347],[-81.988314712288073,29.051948374524013],[-81.988339688612697,29.051884065632475],[-81.988055577548977,29.051875339052508],[-81.98805593419921,29.051943777185468]]]},"properties":{"PARCEL":"3934-002-116"}},{"type":"Feature","geometry":{"type":"Polygon","coordinates":[[[-81.985859426228046,29.044912312723984],[-81.985858222180283,29.045173103082341],[-81.986133467710019,29.045259733812276],[-81.986143037114289,29.045238924543849],[-81.986155848937543,29.045219507831671],[-81.986171645402067,29.045201871630031],[-81.986190113288842,29.045186367796045],[-81.986199119352506,29.045178089372516],[-81.986206527879517,29.045168666689388],[-81.986212154016201,29.045158336126129],[-81.986215856031578,29.045147354819036],[-81.986217541478297,29.045135998857447],[-81.986218097855968,29.0449130077733],[-81.985859426228046,29.044912312723984]]]},"properties":{"PARCEL":"4508-309-035"}},{"type":"Feature","geometry":{"type":"Polygon","coordinates":[[[-81.988355869651215,29.051053712055975],[-81.988355663988855,29.050983170707816],[-81.98835546124009,29.050914118124954],[-81.988355257590911,29.050843942199833],[-81.988050163519119,29.050836729620691],[-81.988050528228854,29.050906455321783],[-81.988050893965791,29.050976181924533],[-81.988051263644664,29.051047348569369],[-81.988051605174675,29.051113287387583],[-81.988051961814023,29.051181776056104],[-81.988356264178805,29.051188930816263],[-81.988356061461516,29.051119591309767],[-81.988355869651215,29.051053712055975]]]},"properties":{"PARCEL":"3934-002-101"}},{"type":"Feature","geometry":{"type":"Polygon","coordinates":[[[-81.988808166791884,29.044121450910712],[-81.988808199549766,29.043846434988353],[-81.988473319916437,29.043846409372296],[-81.988473286270207,29.044121428001183],[-81.988808166791884,29.044121450910712]]]},"properties":{"PARCEL":"4511-085-000"}},{"type":"Feature","geometry":{"type":"Polygon","coordinates":[[[-81.978935101931057,29.049073497635714],[-81.97893753303758,29.048605480453016],[-81.976308339779209,29.048599450904128],[-81.976287044255571,29.048654175996599],[-81.977723920690082,29.048659096756953],[-81.977723206667051,29.04907189631211],[-81.978935101931057,29.049073497635714]]]},"properties":{"PARCEL":"45110-006-01"}},{"type":"Feature","geometry":{"type":"Polygon","coordinates":[[[-81.983086766382471,29.044341594951799],[-81.982742506660458,29.044340715643063],[-81.982741632057923,29.044604729893571],[-81.983085894771278,29.04460523295305],[-81.983086766382471,29.044341594951799]]]},"properties":{"PARCEL":"4505-020-004"}},{"type":"Feature","geometry":{"type":"Polygon","coordinates":[[[-81.983779724063453,29.044924689766187],[-81.983774707411783,29.044923160692679],[-81.983497481842377,29.045624861303697],[-81.983976444149008,29.045770988090013],[-81.984253720258039,29.045069314481495],[-81.983779724063453,29.044924689766187]]]},"properties":{"PARCEL":"4507-001-002"}},{"type":"Feature","geometry":{"type":"Polygon","coordinates":[[[-81.981415136065266,29.045307468391318],[-81.981193490518748,29.045239578634742],[-81.980971841155636,29.045171687608907],[-81.980793999797896,29.045621097582604],[-81.981015703424106,29.045688847246915],[-81.981237406313738,29.045756594739959],[-81.981415136065266,29.045307468391318]]]},"properties":{"PARCEL":"4505-006-006"}},{"type":"Feature","geometry":{"type":"Polygon","coordinates":[[[-81.978397873113011,29.043550732768225],[-81.97822048468575,29.04399883390882],[-81.978345261270093,29.044036969233968],[-81.978441968450923,29.04406712917072],[-81.978663177187926,29.04413611787886],[-81.978841257367918,29.043686273059869],[-81.978619563555583,29.043618501743619],[-81.978397873113011,29.043550732768225]]]},"properties":{"PARCEL":"4505-008-014"}},{"type":"Feature","geometry":{"type":"Polygon","coordinates":[[[-81.991631023839403,29.046795418829547],[-81.991787511356179,29.046795428489947],[-81.991788509440624,29.046561666911977],[-81.991365998615962,29.046561640414044],[-81.991365378654407,29.046706876335723],[-81.991364999579034,29.04679540198865],[-81.991631023839403,29.046795418829547]]]},"properties":{"PARCEL":"45146-001-04"}},{"type":"Feature","geometry":{"type":"Polygon","coordinates":[[[-81.987231457599933,29.049655866200567],[-81.987231415422741,29.04969818324351],[-81.987231389790409,29.049722885027588],[-81.987575064816482,29.04973110998985],[-81.987574887845867,29.049665518550917],[-81.98757470192902,29.049597464781634],[-81.987574510100302,29.049527333956892],[-81.987231601911105,29.049517948730763],[-81.987231527502473,29.049588527062824],[-81.987231457599933,29.049655866200567]]]},"properties":{"PARCEL":"3934-001-045"}},{"type":"Feature","geometry":{"type":"Polygon","coordinates":[[[-81.984912549469158,29.044748649224854],[-81.985178573618583,29.044748596738312],[-81.985179855186473,29.04443148315756],[-81.984913844349094,29.044430317566093],[-81.984912825291957,29.044680701021406],[-81.984912549469158,29.044748649224854]]]},"properties":{"PARCEL":"4508-309-024"}},{"type":"Feature","geometry":{"type":"Polygon","coordinates":[[[-81.988054465393191,29.051662038546134],[-81.988054828081417,29.051731533254209],[-81.988055185723354,29.051800268239532],[-81.988055577548977,29.051875339052508],[-81.988339688612697,29.051884065632475],[-81.988350566550082,29.05184366779525],[-81.988358050782708,29.051802678667876],[-81.988357851010619,29.051734524766744],[-81.988357655263911,29.051667103518405],[-81.98835746049717,29.051600101830676],[-81.988054096701916,29.051591175976977],[-81.988054465393191,29.051662038546134]]]},"properties":{"PARCEL":"3934-002-112"}},{"type":"Feature","geometry":{"type":"Polygon","coordinates":[[[-81.984485309810722,29.043936427504864],[-81.984213032767371,29.043935419505683],[-81.984211477758492,29.044262219077599],[-81.984483756658236,29.044263416559808],[-81.984485309810722,29.043936427504864]]]},"properties":{"PARCEL":"4508-310-004"}},{"type":"Feature","geometry":{"type":"Polygon","coordinates":[[[-81.987233093149769,29.048089614814863],[-81.987232984685747,29.048194955402465],[-81.987232937005501,29.048240280664434],[-81.987571002542211,29.048241453765616],[-81.987571461126635,29.048219131335408],[-81.987574979613214,29.048197020322384],[-81.987581509700732,29.048175443739076],[-81.987602720601529,29.048133705200868],[-81.98723321309302,29.047974435736357],[-81.987233093149769,29.048089614814863]]]},"properties":{"PARCEL":"3934-001-067"}},{"type":"Feature","geometry":{"type":"Polygon","coordinates":[[[-81.980614955184464,29.046171289411106],[-81.980286334714151,29.046170773290257],[-81.980285882168118,29.046390785883936],[-81.980614505389397,29.046391301104158],[-81.980614810675505,29.046241252406425],[-81.980614955184464,29.046171289411106]]]},"properties":{"PARCEL":"4505-003-005"}},{"type":"Feature","geometry":{"type":"Polygon","coordinates":[[[-81.981980020513177,29.049050368612537],[-81.982079401690299,29.049089178255201],[-81.982181387951073,29.049122361536003],[-81.982285568572067,29.049149783954899],[-81.982391520502105,29.049171334470557],[-81.982498816577206,29.049186926404097],[-81.982607023467423,29.049196495634117],[-81.982715703730179,29.049200005108577],[-81.983079629616583,29.049216157198462],[-81.983074611136345,29.048343925426884],[-81.983084211603867,29.047747954502476],[-81.982830175187502,29.047747089456799],[-81.982425751259569,29.047745708981314],[-81.982423559577981,29.048148206167312],[-81.981989099834195,29.048145368669243],[-81.981980020513177,29.049050368612537]]]},"properties":{"PARCEL":"39393-000-04"}},{"type":"Feature","geometry":{"type":"Polygon","coordinates":[[[-81.985481985612125,29.04429044418459],[-81.985861648095593,29.044431039652618],[-81.98586183854043,29.044389787286793],[-81.985863044686624,29.044128527710921],[-81.985504860343056,29.044128348774784],[-81.985506911240122,29.044169462431967],[-81.985503745067618,29.04421052138888],[-81.985495401935196,29.044251015859469],[-81.985481985612125,29.04429044418459]]]},"properties":{"PARCEL":"4508-309-027"}},{"type":"Feature","geometry":{"type":"Polygon","coordinates":[[[-81.992402359680099,29.046191459372992],[-81.991977879010136,29.046190065925664],[-81.99197688443661,29.046423829322816],[-81.992401255168787,29.04642522096259],[-81.992402359680099,29.046191459372992]]]},"properties":{"PARCEL":"45146-002-20"}},{"type":"Feature","geometry":{"type":"Polygon","coordinates":[[[-81.977546130366619,29.043146413472861],[-81.977561440737801,29.043145564276195],[-81.977576406569682,29.043142605481869],[-81.977590656154391,29.043137610112961],[-81.977603831120589,29.043130705331865],[-81.977615602864432,29.043122060713376],[-81.977625677681885,29.043111895463834],[-81.977633803960018,29.04310046037639],[-81.977639778336368,29.043088044148252],[-81.977643449809705,29.04307495533542],[-81.977644018088213,29.042848873003155],[-81.977315412296903,29.042848237735612],[-81.977314869772528,29.04307535138042],[-81.977546130366619,29.043146413472861]]]},"properties":{"PARCEL":"4505-013-020"}},{"type":"Feature","geometry":{"type":"Polygon","coordinates":[[[-81.983087804491149,29.044026580053568],[-81.983088511766923,29.043813565511943],[-81.983088580846683,29.043792923084855],[-81.98308923968905,29.043593554661761],[-81.983089353110614,29.043559147908415],[-81.983089965554598,29.04337354199955],[-81.982745709045943,29.043372662700239],[-81.982744981423323,29.043592675360188],[-81.982744253797662,29.043812686208373],[-81.982743379204621,29.044076701381933],[-81.982742506660458,29.044340715643063],[-81.983086766382471,29.044341594951799],[-81.983086941324032,29.04428884389101],[-81.983087637023303,29.044077581590226],[-81.983087804491149,29.044026580053568]]]},"properties":{"PARCEL":"4505-020-005"}},{"type":"Feature","geometry":{"type":"Polygon","coordinates":[[[-81.989379294034279,29.051742634336229],[-81.98969228199725,29.051742139011452],[-81.989695767780816,29.051467139004551],[-81.98969925662611,29.051192139888826],[-81.989386267242992,29.051192635230098],[-81.989382780648057,29.051467634337712],[-81.989379294034279,29.051742634336229]]]},"properties":{"PARCEL":"3933-002-020"}},{"type":"Feature","geometry":{"type":"Polygon","coordinates":[[[-81.980496331716239,29.056483694750497],[-81.982039614535083,29.056489864211397],[-81.982099489522696,29.056434307003908],[-81.982121271154071,29.056416487138915],[-81.982139394427605,29.056395744293884],[-81.982153357090297,29.056372650449955],[-81.982162771891922,29.056347844372354],[-81.982180953045699,29.056312861721803],[-81.98220330307764,29.056279796969537],[-81.982229566221164,29.056249031744741],[-81.982491521665594,29.055603638866483],[-81.980737208828558,29.054856422197815],[-81.980679482559509,29.054960026524444],[-81.980675043914616,29.054973368827795],[-81.980673260714966,29.054987180699772],[-81.980674187462213,29.055001057023727],[-81.98067779548029,29.055014591768753],[-81.980687304815987,29.055040301849751],[-81.980691876681391,29.055067036212119],[-81.980691386954661,29.055094067599377],[-81.980685848091667,29.055120659751481],[-81.980675411175866,29.055146091766392],[-81.980660360781911,29.055169670731694],[-81.980641103675765,29.055190756084421],[-81.980618165731656,29.055208774047617],[-81.980592169337299,29.055223234770356],[-81.980563822095633,29.055233745860853],[-81.980533895258077,29.055240021406107],[-81.980503200104408,29.055241889187059],[-81.980496331716239,29.056483694750497]]]},"properties":{"PARCEL":"39393-000-21"}},{"type":"Feature","geometry":{"type":"Polygon","coordinates":[[[-81.98930653881358,29.043571458751373],[-81.988964709824046,29.0435714311004],[-81.98896468056202,29.043846445229875],[-81.989306148005284,29.043846472852305],[-81.98930653881358,29.043571458751373]]]},"properties":{"PARCEL":"4511-061-000"}},{"type":"Feature","geometry":{"type":"Polygon","coordinates":[[[-81.983087980957905,29.045884879892636],[-81.984791468966804,29.046398964405054],[-81.984793867439535,29.046399921998773],[-81.984796048179675,29.046401222435321],[-81.98479794753095,29.046402827811594],[-81.984799510052909,29.046404691202607],[-81.984800692627303,29.046406761173387],[-81.984801460351761,29.046408976364773],[-81.984801790645861,29.04641127361436],[-81.984801674278003,29.046413587054509],[-81.984801115365116,29.046415849916723],[-81.984800129318785,29.046417997238382],[-81.984765462745813,29.046506304247039],[-81.984699578992405,29.046762856375437],[-81.984757624551875,29.046775806223248],[-81.984825238670098,29.046516970584417],[-81.984859039515328,29.046436276925824],[-81.984862483016713,29.046424941934184],[-81.984863634742979,29.046413253891508],[-81.984862460758634,29.046401567391253],[-81.984858995924043,29.046390237034462],[-81.984853345950228,29.046379607504925],[-81.98484568123996,29.046370001838905],[-81.984836235862289,29.046361709695262],[-81.984825295231374,29.046354985549673],[-81.984813193028373,29.04635003155088],[-81.983088101479197,29.04582584714316],[-81.983087980957905,29.045884879892636]]]},"properties":{"PARCEL":"39393-003-00"}},{"type":"Feature","geometry":{"type":"Polygon","coordinates":[[[-81.982789407649321,29.045475463543067],[-81.983082723547099,29.045565111949408],[-81.983082776703029,29.045547684360052],[-81.983084148269882,29.045133638582492],[-81.982739890025343,29.045132761973473],[-81.982738657383905,29.045407152401435],[-81.982741167617206,29.04542115886327],[-81.98274632091379,29.045434595421742],[-81.982753971533484,29.04544707948984],[-81.982763899801924,29.045458256441748],[-81.982775825457367,29.045467808637351],[-81.982789407649321,29.045475463543067]]]},"properties":{"PARCEL":"4505-020-001"}},{"type":"Feature","geometry":{"type":"Polygon","coordinates":[[[-81.97773280557881,29.043347421839037],[-81.977555250253289,29.043795934429383],[-81.97777709271314,29.043863324054815],[-81.977954496178327,29.043415191913979],[-81.97773280557881,29.043347421839037]]]},"properties":{"PARCEL":"4505-008-011"}},{"type":"Feature","geometry":{"type":"Polygon","coordinates":[[[-81.990502653891255,29.049540905992782],[-81.990189642798327,29.049541403206014],[-81.99018615839114,29.049816402402669],[-81.990182670884721,29.05009140158776],[-81.990179186440017,29.05036640166399],[-81.99049219694308,29.050365904475587],[-81.990495683638073,29.050090904391212],[-81.99049916723385,29.049815904295301],[-81.990502653891255,29.049540905992782]]]},"properties":{"PARCEL":"3933-001-009"}},{"type":"Feature","geometry":{"type":"Polygon","coordinates":[[[-81.975353827686988,29.047160475728475],[-81.975351002699838,29.047688445944164],[-81.976389032249372,29.047686648337958],[-81.976595398390131,29.047164874511576],[-81.975353827686988,29.047160475728475]]]},"properties":{"PARCEL":"45110-010-01"}},{"type":"Feature","geometry":{"type":"Polygon","coordinates":[[[-81.991792495571616,29.04562661690909],[-81.991369991637029,29.045626590424668],[-81.991369161237358,29.045820650689642],[-81.99136899261849,29.04586035473875],[-81.991791500585848,29.045860381226714],[-81.991792495571616,29.04562661690909]]]},"properties":{"PARCEL":"45146-001-08"}},{"type":"Feature","geometry":{"type":"Polygon","coordinates":[[[-81.987730188218819,29.048566386692368],[-81.987730314428362,29.048636568951089],[-81.987730447440967,29.048710003938385],[-81.987730567008725,29.048775574628749],[-81.98803945939369,29.048782736843243],[-81.988039111795828,29.048716119485071],[-81.988038725019209,29.04864198610878],[-81.98803837239501,29.048574442104528],[-81.987730188218819,29.048566386692368]]]},"properties":{"PARCEL":"3934-002-053"}},{"type":"Feature","geometry":{"type":"Polygon","coordinates":[[[-81.98308553832878,29.044713164014553],[-81.983543200302009,29.044852521654711],[-81.983669663301725,29.044417843249835],[-81.983633327094893,29.044407216247187],[-81.983599088290717,29.044392144844039],[-81.983567646083813,29.044372935001491],[-81.983539642153374,29.044349981097881],[-81.98308553832878,29.044713164014553]]]},"properties":{"PARCEL":"4508-309-017"}},{"type":"Feature","geometry":{"type":"Polygon","coordinates":[[[-81.980750192083121,29.045103795314446],[-81.980528544325935,29.045035912578882],[-81.980350591360633,29.045485601665501],[-81.980572296461034,29.045553350258608],[-81.980750192083121,29.045103795314446]]]},"properties":{"PARCEL":"4505-006-004"}},{"type":"Feature","geometry":{"type":"Polygon","coordinates":[[[-81.990481743933984,29.051190901954072],[-81.990168730940113,29.051191400019764],[-81.990165246420901,29.051466396441391],[-81.990478260244714,29.051465901993172],[-81.990481743933984,29.051190901954072]]]},"properties":{"PARCEL":"3933-001-005"}},{"type":"Feature","geometry":{"type":"Polygon","coordinates":[[[-81.986223016907971,29.042951923667896],[-81.985865647841422,29.042951256740974],[-81.985865404648251,29.043198773786838],[-81.986222395689239,29.043199437968987],[-81.986223016907971,29.042951923667896]]]},"properties":{"PARCEL":"4508-311-011"}},{"type":"Feature","geometry":{"type":"Polygon","coordinates":[[[-81.989135529108481,29.051139743242654],[-81.988817394010979,29.051133705220344],[-81.988817957823372,29.051199690070732],[-81.988818535835108,29.051267318879891],[-81.988819089496019,29.05133223181684],[-81.989136569916823,29.051339740502161],[-81.989136221622985,29.051272961663503],[-81.989135870337819,29.051205335580914],[-81.989135529108481,29.051139743242654]]]},"properties":{"PARCEL":"3934-003-099"}},{"type":"Feature","geometry":{"type":"Polygon","coordinates":[[[-81.986406859501514,29.044522365490252],[-81.986406204051505,29.044783626014016],[-81.986758466881255,29.044785698562148],[-81.98675929189028,29.044524437150969],[-81.986406859501514,29.044522365490252]]]},"properties":{"PARCEL":"4508-309-039"}},{"type":"Feature","geometry":{"type":"Polygon","coordinates":[[[-81.983469454282627,29.04332600101764],[-81.98309012434386,29.043325373625958],[-81.983089965554598,29.04337354199955],[-81.983089353110614,29.043559147908415],[-81.98346908332222,29.043559761817502],[-81.983469454282627,29.04332600101764]]]},"properties":{"PARCEL":"4508-309-012"}},{"type":"Feature","geometry":{"type":"Polygon","coordinates":[[[-81.981412857611232,29.043720528895292],[-81.981413162523694,29.043577521554159],[-81.981413420368156,29.043456513674244],[-81.981084812607165,29.04345597244307],[-81.981084247986786,29.043719988564533],[-81.981412857611232,29.043720528895292]]]},"properties":{"PARCEL":"4505-018-003"}},{"type":"Feature","geometry":{"type":"Polygon","coordinates":[[[-81.986380983497241,29.046477025473436],[-81.987017431321675,29.046669017606458],[-81.987025305682906,29.046670742629964],[-81.987033400960129,29.046671249592517],[-81.987041473801568,29.046670524936296],[-81.987049284958616,29.046668588488458],[-81.987056599285097,29.046665498874834],[-81.987063199086322,29.046661349009621],[-81.987068887200095,29.046656261584392],[-81.987073492130662,29.046650389970871],[-81.987076878317865,29.046643909198981],[-81.987078944084089,29.046637012347563],[-81.987079626768619,29.046629906033459],[-81.987077883046339,29.045931137379796],[-81.986755170660786,29.04583268040474],[-81.986648399160288,29.045800112756098],[-81.986380983497241,29.046477025473436]]]},"properties":{"PARCEL":"4507-001-008"}},{"type":"Feature","geometry":{"type":"Polygon","coordinates":[[[-81.988821490819561,29.051612920283237],[-81.988822086089755,29.05168242854343],[-81.988822680337051,29.051751907027541],[-81.988823242125974,29.051817672617091],[-81.988823932711512,29.051898420611938],[-81.988824585796038,29.051974606664139],[-81.989045614978139,29.051975735586133],[-81.989057238738383,29.051978401875274],[-81.989069207709676,29.051979305132249],[-81.989081178923641,29.051978416455992],[-81.98909280632526,29.051975763789123],[-81.989103757203736,29.051971422896475],[-81.989113715273234,29.051965517365204],[-81.989122394021905,29.051958218605947],[-81.989129544927934,29.051949735928257],[-81.989134961567316,29.051940313834159],[-81.989138487829507,29.051930222995843],[-81.989140022025722,29.051919753037865],[-81.989139520996829,29.051909206221254],[-81.989139095241327,29.051827057907623],[-81.989138744967477,29.051759545518252],[-81.98913838361284,29.051689988555875],[-81.989138013214728,29.051618544017717],[-81.989137626688418,29.051544226610943],[-81.988820851956305,29.051538210361759],[-81.988821490819561,29.051612920283237]]]},"properties":{"PARCEL":"3934-003-105"}},{"type":"Feature","geometry":{"type":"Polygon","coordinates":[[[-81.988964403614446,29.044451714821228],[-81.988964496653551,29.044561602991273],[-81.989305125479149,29.044561971610868],[-81.989430847121724,29.044562107882992],[-81.989427876175114,29.04628893931157],[-81.991367179842811,29.046285463425612],[-81.991367993595574,29.046094115435547],[-81.99136899261849,29.04586035473875],[-81.991369161237358,29.045820650689642],[-81.989568047592755,29.045824075153366],[-81.989555521281204,29.044451704344997],[-81.989305283679869,29.04445170901349],[-81.988964403614446,29.044451714821228]]]},"properties":{"PARCEL":"45151-003-00"}},{"type":"Feature","geometry":{"type":"Polygon","coordinates":[[[-81.987571686144008,29.048492081776573],[-81.9872326764295,29.048488546411356],[-81.987232601812849,29.048560828263771],[-81.98723252394862,29.048634466245861],[-81.987232451620031,29.048704842476145],[-81.987232381912008,29.048770613455677],[-81.987232303864786,29.048845734787971],[-81.987572652095523,29.048845777542269],[-81.987572450446635,29.048771929304536],[-81.987572268522854,29.048704853600899],[-81.987572075699461,29.048634480052701],[-81.987571874027978,29.048560826705693],[-81.987571686144008,29.048492081776573]]]},"properties":{"PARCEL":"3934-001-058"}},{"type":"Feature","geometry":{"type":"Polygon","coordinates":[[[-81.978932094846385,29.049652204900642],[-81.97892922654907,29.050204666548119],[-81.98038849888998,29.049154074129937],[-81.980372138385363,29.049132423275516],[-81.980359914342145,29.049108757324912],[-81.980352141880303,29.049083681756933],[-81.980349019053548,29.049057838124195],[-81.980350625825977,29.049031886909496],[-81.980356919968088,29.049006493088701],[-81.980367742195014,29.04898230628131],[-81.98038281411641,29.048959944509075],[-81.98040175158792,29.048939981566249],[-81.97894206072219,29.047733781400154],[-81.978939970588826,29.048135951012945],[-81.97893753303758,29.048605480453016],[-81.978935101931057,29.049073497635714],[-81.978932094846385,29.049652204900642]]]},"properties":{"PARCEL":"39393-000-07"}},{"type":"Feature","geometry":{"type":"Polygon","coordinates":[[[-81.981911946216499,29.047070151295486],[-81.981910930696401,29.047258540584156],[-81.981913884332613,29.047267306659005],[-81.981918321799824,29.047275574873478],[-81.981924139423654,29.047283153929559],[-81.981931202722805,29.047289866059248],[-81.981939345380951,29.047295555145066],[-81.98194837951425,29.04730008942829],[-81.981958093617678,29.047303362410972],[-81.981968261805392,29.047305298270846],[-81.982240091985915,29.047305036740742],[-81.98224057057341,29.047070667951175],[-81.981911946216499,29.047070151295486]]]},"properties":{"PARCEL":"4505-005-101"}},{"type":"Feature","geometry":{"type":"Polygon","coordinates":[[[-81.981755858822623,29.046877104821984],[-81.981427240216448,29.046876586078884],[-81.981426879837102,29.047054137238788],[-81.981426815139613,29.047082848770454],[-81.981755437480018,29.047083366613013],[-81.981755858822623,29.046877104821984]]]},"properties":{"PARCEL":"4505-004-011"}},{"type":"Feature","geometry":{"type":"Polygon","coordinates":[[[-81.976659494470923,29.046998527280717],[-81.971733728219718,29.04698732731082],[-81.97172984911397,29.047709813138948],[-81.973009907443981,29.047713270583923],[-81.973013486229263,29.047045208546631],[-81.976638346259406,29.047053413976386],[-81.976659494470923,29.046998527280717]]]},"properties":{"PARCEL":"45110-012-00"}},{"type":"Feature","geometry":{"type":"Polygon","coordinates":[[[-81.988964709824046,29.0435714311004],[-81.98930653881358,29.043571458751373],[-81.98930693064662,29.043296441932409],[-81.988964739085915,29.043296414252811],[-81.988964709824046,29.0435714311004]]]},"properties":{"PARCEL":"4511-060-000"}},{"type":"Feature","geometry":{"type":"Polygon","coordinates":[[[-81.981428220976511,29.046394097680732],[-81.981428494898992,29.046257799767854],[-81.981428668018538,29.046174085081795],[-81.981100050616519,29.046173560125194],[-81.981099602876952,29.046393574527265],[-81.981428220976511,29.046394097680732]]]},"properties":{"PARCEL":"4505-004-005"}},{"type":"Feature","geometry":{"type":"Polygon","coordinates":[[[-81.979535449986187,29.04375294747765],[-81.979800848956216,29.04383401178622],[-81.979801350909398,29.043602765691727],[-81.979801546184603,29.043512174677659],[-81.979474259717293,29.043511630606815],[-81.979473844770027,29.043678303914366],[-81.979475595752618,29.04369220926894],[-81.979480034930546,29.043705644944648],[-81.979487031983098,29.043718211209804],[-81.979496378548816,29.043729536291554],[-81.979507798491383,29.043739284497956],[-81.979520952004776,29.043747166143696],[-81.979535449986187,29.04375294747765]]]},"properties":{"PARCEL":"4505-016-001"}},{"type":"Feature","geometry":{"type":"Polygon","coordinates":[[[-81.988044477397821,29.049745416784116],[-81.98804483100885,29.049813374022012],[-81.988352273636707,29.049819607841041],[-81.98835207782048,29.049752865992126],[-81.98835187813016,29.049684049794848],[-81.988351688245729,29.049619352517158],[-81.988043782191554,29.04961216945431],[-81.988044117720463,29.049676642077099],[-81.988044477397821,29.049745416784116]]]},"properties":{"PARCEL":"3934-002-083"}},{"type":"Feature","geometry":{"type":"Polygon","coordinates":[[[-81.987981914228087,29.044341412098969],[-81.98764704532033,29.04434137179128],[-81.987647005179397,29.044643894695298],[-81.987981873009602,29.044643942221448],[-81.987981914228087,29.044341412098969]]]},"properties":{"PARCEL":"4511-018-000"}},{"type":"Feature","geometry":{"type":"Polygon","coordinates":[[[-81.979440668474766,29.046429137907548],[-81.979785050148593,29.046429769452072],[-81.979785448879142,29.046238443133799],[-81.979785473352834,29.046223510355546],[-81.979441159106813,29.046222875213513],[-81.979440668474766,29.046429137907548]]]},"properties":{"PARCEL":"4505-002-005"}},{"type":"Feature","geometry":{"type":"Polygon","coordinates":[[[-81.987572652095523,29.048845777542269],[-81.987232303864786,29.048845734787971],[-81.98723223844641,29.048910023316267],[-81.987232183809681,29.048961802599795],[-81.987232171035146,29.048973817392959],[-81.987232093086988,29.049048131180122],[-81.987232023520633,29.04911274723468],[-81.987573377012254,29.049111586438009],[-81.987573202943622,29.049047500902812],[-81.987573005221819,29.048975150456709],[-81.987572832146938,29.048911344627889],[-81.987572652095523,29.048845777542269]]]},"properties":{"PARCEL":"3934-001-054"}},{"type":"Feature","geometry":{"type":"Polygon","coordinates":[[[-81.982227741265064,29.04316612657329],[-81.98255634811477,29.043166667714516],[-81.982556815334789,29.042946654105613],[-81.982228209182196,29.042946112965822],[-81.982227855392154,29.04311129122199],[-81.982227741265064,29.04316612657329]]]},"properties":{"PARCEL":"4505-019-023"}},{"type":"Feature","geometry":{"type":"Polygon","coordinates":[[[-81.98060019834918,29.043232779488463],[-81.980600435605496,29.043122608023875],[-81.980600671772677,29.043012766793023],[-81.980272063370123,29.043012220866725],[-81.980271590276317,29.043232233560879],[-81.980271023587278,29.043496249686736],[-81.980599632496691,29.043496795616086],[-81.980599992475689,29.043328870825082],[-81.98060019834918,29.043232779488463]]]},"properties":{"PARCEL":"4505-017-004"}},{"type":"Feature","geometry":{"type":"Polygon","coordinates":[[[-81.979801350909398,29.043602765691727],[-81.980114311066785,29.043603287897199],[-81.980114902853686,29.043328271142233],[-81.979801945579709,29.043327748938818],[-81.979801546184603,29.043512174677659],[-81.979801350909398,29.043602765691727]]]},"properties":{"PARCEL":"4505-016-019"}},{"type":"Feature","geometry":{"type":"Polygon","coordinates":[[[-81.992408767554295,29.045257006747864],[-81.99198185711505,29.045256861033479],[-81.991980862595724,29.045490162494275],[-81.992407165083193,29.045490622172043],[-81.992408767554295,29.045257006747864]]]},"properties":{"PARCEL":"45146-002-16"}},{"type":"Feature","geometry":{"type":"Polygon","coordinates":[[[-81.977511114242645,29.043279650495169],[-81.977333533417976,29.043728227756741],[-81.977555250253289,29.043795934429383],[-81.97773280557881,29.043347421839037],[-81.977511114242645,29.043279650495169]]]},"properties":{"PARCEL":"4505-008-010"}},{"type":"Feature","geometry":{"type":"Polygon","coordinates":[[[-81.97619903643907,29.046612470631835],[-81.976807532348317,29.04661433203475],[-81.977080474454056,29.045863056054195],[-81.976203036793066,29.045861101585366],[-81.97619903643907,29.046612470631835]]]},"properties":{"PARCEL":"45110-019-01"}},{"type":"Feature","geometry":{"type":"Polygon","coordinates":[[[-81.980580185825843,29.047436862364229],[-81.980345455309646,29.047436057666339],[-81.980110733011159,29.047435256168498],[-81.980109382224526,29.047737773317007],[-81.980344115475418,29.047738577525855],[-81.980578846675897,29.04773938493323],[-81.980580185825843,29.047436862364229]]]},"properties":{"PARCEL":"4505-001-015"}},{"type":"Feature","geometry":{"type":"Polygon","coordinates":[[[-81.985585285184627,29.043440158935308],[-81.985865163203044,29.043440989007173],[-81.985865404648251,29.043198773786838],[-81.985505466778193,29.043198100217293],[-81.985505354502038,29.043369641405153],[-81.985506561307275,29.043381858451195],[-81.985510158493653,29.043393707623519],[-81.985516039327706,29.043404828899405],[-81.98552402417161,29.043414885707556],[-81.985533872802947,29.043423573952197],[-81.985545285440395,29.043430631036259],[-81.985557918144252,29.043435842178948],[-81.985571386922288,29.043439050341366],[-81.985585285184627,29.043440158935308]]]},"properties":{"PARCEL":"4508-311-001"}},{"type":"Feature","geometry":{"type":"Polygon","coordinates":[[[-81.981411562074953,29.044326344211804],[-81.981642483355486,29.044396917373152],[-81.981653875060601,29.044399520212075],[-81.981665592544942,29.044400492668856],[-81.981677335991478,29.04439981034086],[-81.981688806602534,29.044397490330734],[-81.981699707626603,29.044393592148779],[-81.981709762840765,29.044388215910971],[-81.981718712444319,29.044381498729141],[-81.981726327434089,29.044373612908448],[-81.981732413712407,29.04436476053413],[-81.981736815168588,29.044355168058249],[-81.981739418813461,29.044345081788883],[-81.981740158887959,29.044334759770216],[-81.981740645798226,29.044106092407613],[-81.981412034950083,29.044105551976056],[-81.981411562074953,29.044326344211804]]]},"properties":{"PARCEL":"4505-018-025"}},{"type":"Feature","geometry":{"type":"Polygon","coordinates":[[[-81.990058881396735,29.052520410248128],[-81.990105628280503,29.052521270868681],[-81.990152190766381,29.05251753162543],[-81.990160016526062,29.051878895112562],[-81.989847031232699,29.051879391527713],[-81.989838974872796,29.052514777984499],[-81.989912367174838,29.052512024339375],[-81.989985795992524,29.052513904777573],[-81.990058881396735,29.052520410248128]]]},"properties":{"PARCEL":"3933-001-002"}},{"type":"Feature","geometry":{"type":"Polygon","coordinates":[[[-81.980928602911703,29.043329409633607],[-81.980599992475689,29.043328870825082],[-81.980599632496691,29.043496795616086],[-81.980599427648954,29.043592886046778],[-81.980928035840975,29.04359342575891],[-81.980928602911703,29.043329409633607]]]},"properties":{"PARCEL":"4505-017-021"}},{"type":"Feature","geometry":{"type":"Polygon","coordinates":[[[-81.992411973501135,29.044789776777357],[-81.991983846139789,29.044790259892132],[-81.991982851629857,29.045023558662308],[-81.992410368991173,29.045023392217743],[-81.992411973501135,29.044789776777357]]]},"properties":{"PARCEL":"45146-002-14"}},{"type":"Feature","geometry":{"type":"Polygon","coordinates":[[[-81.989304575506893,29.044946538165362],[-81.98896455734824,29.044946510657368],[-81.988964528083883,29.045221527437338],[-81.989304184686702,29.045221554916779],[-81.989304575506893,29.044946538165362]]]},"properties":{"PARCEL":"4511-066-000"}},{"type":"Feature","geometry":{"type":"Polygon","coordinates":[[[-81.978919167383893,29.052140043207071],[-81.980892052918023,29.052829839828952],[-81.980932308520778,29.052749755390302],[-81.980978780221278,29.052672312798787],[-81.981031244084448,29.052597884658894],[-81.981089447428346,29.05252682732954],[-81.981095624754104,29.052517152126569],[-81.981099814213721,29.052506688049029],[-81.981101892527306,29.05249574636704],[-81.981101794943697,29.052484652795421],[-81.981099527564055,29.052473740277065],[-81.981099154446582,29.052447584872148],[-81.981103363145394,29.052421689969176],[-81.981112053938972,29.052396672714721],[-81.98112501929009,29.052373125877981],[-81.981141951035383,29.052351611536228],[-81.981162446550456,29.052332641225469],[-81.979412537869635,29.050764484082713],[-81.978926328279499,29.050762973129988],[-81.978922770828277,29.051447110935275],[-81.978919167383893,29.052140043207071]]]},"properties":{"PARCEL":"39393-000-16"}},{"type":"Feature","geometry":{"type":"Polygon","coordinates":[[[-81.988646374331864,29.05210698718156],[-81.988574096477066,29.052118597933394],[-81.988502165036564,29.052136054561835],[-81.988420552232782,29.052163579785649],[-81.988644543327339,29.052576786365524],[-81.988662341717571,29.052541572702726],[-81.988680782684568,29.052508447874526],[-81.988703113767116,29.052471950640555],[-81.988711465691637,29.052458461323585],[-81.988722335323928,29.052446435719059],[-81.988735396082049,29.052436232907269],[-81.988724526246571,29.052100800502004],[-81.988646374331864,29.05210698718156]]]},"properties":{"PARCEL":"3934-004-006"}},{"type":"Feature","geometry":{"type":"Polygon","coordinates":[[[-81.987982075411523,29.043021313960661],[-81.987647208711465,29.043021283579559],[-81.987312342011933,29.043021252363534],[-81.987312308368772,29.043296268318485],[-81.987647175956297,29.043296299534862],[-81.987982043544307,29.043296329916302],[-81.987982075411523,29.043021313960661]]]},"properties":{"PARCEL":"4511-025-000"}},{"type":"Feature","geometry":{"type":"Polygon","coordinates":[[[-81.978918073110549,29.052350366793789],[-81.978913330539555,29.053261673585293],[-81.978912485137258,29.053424630984054],[-81.978908167259945,29.054256810288337],[-81.980776357428255,29.054260801830708],[-81.980787208456533,29.05416675764679],[-81.980790419562709,29.054072273858971],[-81.980789184294466,29.053440184617742],[-81.980788887026932,29.053287729604964],[-81.980793885753869,29.053193958863172],[-81.980806794342257,29.05310077392944],[-81.98082754182208,29.053008688189788],[-81.980856013069939,29.052918210511294],[-81.980892052918023,29.052829839828952],[-81.978919167383893,29.052140043207071],[-81.978918073110549,29.052350366793789]]]},"properties":{"PARCEL":"39393-000-17"}},{"type":"Feature","geometry":{"type":"Polygon","coordinates":[[[-81.987646856933182,29.045853971739554],[-81.987981713268653,29.045854021070415],[-81.987981755514767,29.045551503634552],[-81.987646893995347,29.045551454303517],[-81.987646856933182,29.045853971739554]]]},"properties":{"PARCEL":"4511-010-000"}},{"type":"Feature","geometry":{"type":"Polygon","coordinates":[[[-81.988808166791884,29.044121450910712],[-81.988473286270207,29.044121428001183],[-81.988473255704065,29.044396444814488],[-81.988808137114077,29.044396465017517],[-81.988808166791884,29.044121450910712]]]},"properties":{"PARCEL":"4511-084-000"}},{"type":"Feature","geometry":{"type":"Polygon","coordinates":[[[-81.98912274173405,29.04867313846097],[-81.988796301152718,29.048665889753959],[-81.988796879150144,29.04873339497604],[-81.988797489577294,29.048804875657162],[-81.988798073659126,29.048873103606653],[-81.989123815603108,29.048880541732032],[-81.989123472433704,29.048814007387854],[-81.989123096021785,29.048741349248473],[-81.98912274173405,29.04867313846097]]]},"properties":{"PARCEL":"3934-003-063"}},{"type":"Feature","geometry":{"type":"Polygon","coordinates":[[[-81.98850941661027,29.049690988384882],[-81.988805101827666,29.04969537769993],[-81.988804556281195,29.049631551998125],[-81.988803949867773,29.049560849995984],[-81.988803317102366,29.049486953910883],[-81.988508851543301,29.049480653661959],[-81.988509050787798,29.049554429707818],[-81.98850923618312,29.049623457039051],[-81.98850941661027,29.049690988384882]]]},"properties":{"PARCEL":"3934-003-034"}},{"type":"Feature","geometry":{"type":"Polygon","coordinates":[[[-81.98309012434386,29.043325373625958],[-81.983469454282627,29.04332600101764],[-81.983469826268447,29.043092236600618],[-81.983090895573497,29.04309159843309],[-81.98309069141682,29.043153529330109],[-81.98309012434386,29.043325373625958]]]},"properties":{"PARCEL":"4508-309-011"}},{"type":"Feature","geometry":{"type":"Polygon","coordinates":[[[-81.988508305282394,29.049276688146271],[-81.988508485716224,29.049344149117566],[-81.988508679996556,29.049416386772819],[-81.988508851543301,29.049480653661959],[-81.988803317102366,29.049486953910883],[-81.98880278373916,29.049424432908591],[-81.988802167212114,29.04935232063584],[-81.988801590245075,29.049284719778168],[-81.988800987940323,29.049214042134277],[-81.988800388659726,29.049143893227498],[-81.988507929599251,29.04913647611798],[-81.988508115961494,29.049206031288886],[-81.988508305282394,29.049276688146271]]]},"properties":{"PARCEL":"3934-003-037"}},{"type":"Feature","geometry":{"type":"Polygon","coordinates":[[[-81.97894206072219,29.047733781400154],[-81.978941984739478,29.047668041071031],[-81.976677864876464,29.047657035362771],[-81.976653436811247,29.047721384626559],[-81.977892188681565,29.047724894816231],[-81.977890223437285,29.048133843281729],[-81.978939970588826,29.048135951012945],[-81.97894206072219,29.047733781400154]]]},"properties":{"PARCEL":"45110-004-01"}},{"type":"Feature","geometry":{"type":"Polygon","coordinates":[[[-81.987981873009602,29.044643942221448],[-81.987647005179397,29.044643894695298],[-81.987646966064673,29.044946417585777],[-81.98798183487142,29.044946467819152],[-81.987981873009602,29.044643942221448]]]},"properties":{"PARCEL":"4511-015-000"}},{"type":"Feature","geometry":{"type":"Polygon","coordinates":[[[-81.983086772538527,29.046482223509926],[-81.982726857158838,29.046481660692614],[-81.982726434669274,29.046687922499274],[-81.983086353845266,29.046688485318366],[-81.983086772538527,29.046482223509926]]]},"properties":{"PARCEL":"4505-001-022"}},{"type":"Feature","geometry":{"type":"Polygon","coordinates":[[[-81.989173821861527,29.05251198487273],[-81.989285402512408,29.052526349130055],[-81.989285466065184,29.051911394250048],[-81.989281277089916,29.051945261978599],[-81.989271014347054,29.051978113251991],[-81.989254939766639,29.052009114381114],[-81.989233461089441,29.052037475899748],[-81.989207124677222,29.052062476023547],[-81.989176600107825,29.052083480499299],[-81.989142663744488,29.052099954333674],[-81.989106179223498,29.05211147803298],[-81.988959712435872,29.052107378732885],[-81.988954147518356,29.052467394247838],[-81.989063294336901,29.052492314287591],[-81.989173821861527,29.05251198487273]]]},"properties":{"PARCEL":"3934-000-001"}},{"type":"Feature","geometry":{"type":"Polygon","coordinates":[[[-81.978127924478756,29.043322635177606],[-81.978362085681127,29.043394224170893],[-81.978375703539413,29.043395387602718],[-81.978389347495835,29.043394494733789],[-81.978402619156086,29.043391570763958],[-81.978415129354374,29.0433867013477],[-81.978426512528841,29.04338002988953],[-81.978436434937137,29.04337175122938],[-81.978444605952106,29.04336210713279],[-81.978450787303572,29.043351380878807],[-81.978454797188064,29.04333988553087],[-81.97845651848418,29.043327957621983],[-81.978457095133336,29.043097540726464],[-81.978128487520451,29.043096910154578],[-81.978127924478756,29.043322635177606]]]},"properties":{"PARCEL":"4505-014-022"}},{"type":"Feature","geometry":{"type":"Polygon","coordinates":[[[-81.980129710829715,29.046238988059411],[-81.979785448879142,29.046238443133799],[-81.979785050148593,29.046429769452072],[-81.979785023620991,29.046444703131844],[-81.980129290363379,29.046445248961735],[-81.980129710829715,29.046238988059411]]]},"properties":{"PARCEL":"4505-002-012"}},{"type":"Feature","geometry":{"type":"Polygon","coordinates":[[[-81.98803945939369,29.048782736843243],[-81.987730567008725,29.048775574628749],[-81.987730697117016,29.04884752355488],[-81.987730820457983,29.048915920193224],[-81.987730953409425,29.048989877599038],[-81.987731067147948,29.049052649405716],[-81.987731186712566,29.049118252574907],[-81.987731311068899,29.049186751168499],[-81.988041597166969,29.049193003102143],[-81.988350466278689,29.049199226225138],[-81.988350265558793,29.049130452429395],[-81.988350081659732,29.04906733504356],[-81.988349880895385,29.048998960957633],[-81.988349677205605,29.048929209085252],[-81.988349475502133,29.04886005903483],[-81.988349272883298,29.048789919179612],[-81.98803945939369,29.048782736843243]]]},"properties":{"PARCEL":"3934-002-047"}},{"type":"Feature","geometry":{"type":"Polygon","coordinates":[[[-81.990506138476221,29.049265908581059],[-81.990509622015722,29.048990910255615],[-81.990196615663905,29.04899140477886],[-81.990193130267386,29.04926640309591],[-81.990189642798327,29.049541403206014],[-81.990502653891255,29.049540905992782],[-81.990506138476221,29.049265908581059]]]},"properties":{"PARCEL":"3933-001-013"}},{"type":"Feature","geometry":{"type":"Polygon","coordinates":[[[-81.987057220825264,29.054568071899538],[-81.987072223600777,29.054568125677172],[-81.987087072585396,29.05456623863018],[-81.987101443277652,29.054562452232446],[-81.987115022466838,29.054556848561656],[-81.98712751644841,29.054549549397994],[-81.987226378511735,29.054501130668125],[-81.987226640366501,29.054251112912485],[-81.987226736980759,29.054158727381637],[-81.985976443326763,29.054166267509096],[-81.985975608040334,29.054260553167119],[-81.985976408483751,29.05427201854593],[-81.9859793376895,29.054283214364755],[-81.985984316629541,29.054293835643946],[-81.985991210821552,29.054303596345903],[-81.98599983238239,29.054312231179889],[-81.986019518518631,29.054329072516669],[-81.98603619455325,29.054348260372564],[-81.986049501132229,29.05436938327076],[-81.986059152841946,29.054391986432677],[-81.986064944368891,29.054415586214656],[-81.986066750498864,29.054439676424099],[-81.986914369471933,29.054441290168011],[-81.987057220825264,29.054568071899538]]]},"properties":{"PARCEL":"39393-004-00"}},{"type":"Feature","geometry":{"type":"Polygon","coordinates":[[[-81.979899161778462,29.044009658669225],[-81.979721317781468,29.044459003236916],[-81.979942976122359,29.044526761894186],[-81.980120825436543,29.044077415233463],[-81.979899161778462,29.044009658669225]]]},"properties":{"PARCEL":"4505-007-002"}},{"type":"Feature","geometry":{"type":"Polygon","coordinates":[[[-81.981089447428346,29.05252682732954],[-81.981031244084448,29.052597884658894],[-81.980978780221278,29.052672312798787],[-81.980932308520778,29.052749755390302],[-81.980892052918023,29.052829839828952],[-81.980856013069939,29.052918210511294],[-81.98082754182208,29.053008688189788],[-81.980806794342257,29.05310077392944],[-81.980793885753869,29.053193958863172],[-81.980788887026932,29.053287729604964],[-81.980789184294466,29.053440184617742],[-81.980790419562709,29.054072273858971],[-81.980787208456533,29.05416675764679],[-81.980776357428255,29.054260801830708],[-81.980759400834515,29.054347714404507],[-81.980735919615967,29.054433447659122],[-81.980706018569961,29.054517622647868],[-81.980669828165361,29.054599870351993],[-81.980627508651295,29.054679827170094],[-81.980511663099222,29.054884792578552],[-81.980508579081857,29.054891710827256],[-81.980504314237564,29.054898127235784],[-81.980498971284149,29.054903886626484],[-81.980492678608499,29.054908850968797],[-81.980485588212801,29.054912899378941],[-81.980477869551606,29.054915936239514],[-81.980469709532841,29.054917886688266],[-81.980461305327879,29.054918704737407],[-81.9804311028619,29.054927667214944],[-81.980403078618068,29.054941015995066],[-81.98037804904348,29.054958362315027],[-81.980356744350885,29.05497919739636],[-81.980339786949813,29.05500291590096],[-81.980327672960868,29.055028824048463],[-81.980320753726588,29.055056165779565],[-81.980319231699454,29.05508414350771],[-81.980323096814104,29.055111707877977],[-81.980332201307903,29.055138303965041],[-81.980346284499205,29.055163168399353],[-81.980364941931185,29.055185587415394],[-81.980387637690228,29.055204917606218],[-81.980413721971345,29.055220012074901],[-81.980442071229731,29.055231529321549],[-81.980472055000448,29.055239213005024],[-81.980503200104408,29.055241889187059],[-81.980533895258077,29.055240021406107],[-81.980563822095633,29.055233745860853],[-81.980592169337299,29.055223234770356],[-81.980618165731656,29.055208774047617],[-81.980641103675765,29.055190756084421],[-81.980660360781911,29.055169670731694],[-81.980675411175866,29.055146091766392],[-81.980685848091667,29.055120659751481],[-81.980691386954661,29.055094067599377],[-81.980691876681391,29.055067036212119],[-81.980687304815987,29.055040301849751],[-81.98067779548029,29.055014591768753],[-81.980674187462213,29.055001057023727],[-81.980673260714966,29.054987180699772],[-81.980675043914616,29.054973368827795],[-81.980679482559509,29.054960026524444],[-81.980737208828558,29.054856422197815],[-81.98079532943737,29.054752111414523],[-81.98084065537391,29.054673227786399],[-81.980879850173068,29.054591848459999],[-81.980912737154839,29.05450834064418],[-81.980939168392055,29.054423080573997],[-81.980959024710259,29.0543364535107],[-81.980972215687828,29.054248850132307],[-81.980978681709601,29.054160666534045],[-81.980978393966936,29.054072300619087],[-81.980978537105187,29.053292181394866],[-81.980979597648698,29.05321499583523],[-81.980987348196436,29.053138105366052],[-81.981001742442601,29.05306195660917],[-81.981022698142141,29.052986993473613],[-81.981050093004725,29.05291365083902],[-81.981083767775672,29.052842355458381],[-81.981123526237084,29.05277352144698],[-81.981169138288948,29.052707549380425],[-81.981220336869399,29.052644822685309],[-81.981236321018386,29.052633685345754],[-81.981254069928966,29.052624849972165],[-81.981273159468117,29.052618529443205],[-81.981293130600946,29.052614875277815],[-81.98131350479396,29.052613974930313],[-81.98134363636926,29.052606754547732],[-81.981372040479542,29.052595343720959],[-81.981397968483478,29.052580043709522],[-81.981420734361606,29.052561256837716],[-81.98143818637071,29.052541562434101],[-81.981452146373755,29.052519823877017],[-81.981462308281834,29.052496515725608],[-81.981468451230512,29.052472145935084],[-81.981470442661944,29.052447246834081],[-81.981486337333308,29.052419324298778],[-81.981507375059763,29.052394163452984],[-81.981591725294393,29.052350115706854],[-81.981679336874535,29.052311294370234],[-81.981769791844386,29.052277885250241],[-81.981862657879063,29.052250046182174],[-81.981957491364128,29.052227911541522],[-81.982053837396052,29.052211587732689],[-81.982151237997201,29.052201151385542],[-81.982249225953382,29.052196652963879],[-81.982603033217387,29.052201217896531],[-81.982826563954532,29.052204101490741],[-81.982918640913653,29.052201780835759],[-81.983010272162375,29.052193490562857],[-81.983100955542724,29.052179275723844],[-81.98319019607986,29.052159215659422],[-81.983277507010271,29.052133418585694],[-81.98336241080824,29.052102026105455],[-81.983444445347999,29.052065209599803],[-81.983523159796533,29.052023170227557],[-81.983535004435737,29.052017852727246],[-81.983547674389115,29.052014295679456],[-81.98356083385957,29.052012591977899],[-81.983574132681511,29.052012787595963],[-81.98358721864399,29.052014876174621],[-81.983599746731585,29.052018803534839],[-81.983611382205311,29.052024464971172],[-81.983621819085215,29.052031710667745],[-81.984663267469472,29.052924150918212],[-81.985537001150874,29.053672852263166],[-81.985592522477319,29.053723019692182],[-81.985642051391068,29.053777818772517],[-81.985685031394183,29.053836725225551],[-81.985721084675291,29.053899116442853],[-81.985749847796612,29.053964366207683],[-81.985771033310741,29.054031817632968],[-81.985784427706051,29.054100793988272],[-81.985789896541334,29.054170601406891],[-81.985785759330852,29.054259807769686],[-81.985785167437513,29.054270284101367],[-81.985782674816036,29.054280542781886],[-81.985778347222634,29.05429031854721],[-81.985772295594685,29.054299359672303],[-81.985764675022978,29.054307433384679],[-81.985755681670312,29.054314332180052],[-81.985733862835161,29.054334154799903],[-81.985716111070431,29.054356896730514],[-81.9857029214227,29.054381920112995],[-81.985694664695615,29.054408525719708],[-81.985691569990394,29.054435968291195],[-81.985693726755883,29.054463479995558],[-81.985701072462689,29.054490290277151],[-81.98571340286793,29.054515650219606],[-81.985731098933158,29.054539673549488],[-81.985753256211865,29.054560645833366],[-81.985779208343345,29.05457793540122],[-81.985808171885125,29.054591020649184],[-81.985839274036493,29.054599508088469],[-81.985871579336703,29.054603141371146],[-81.985901607645602,29.054602090662229],[-81.985931060441516,29.054596839764585],[-81.985959180888671,29.054587523941724],[-81.98598524807872,29.054574383126152],[-81.986008592435653,29.054557752898113],[-81.986028614200464,29.054538060878173],[-81.986044801916876,29.054515813194712],[-81.986056738594868,29.054491579145626],[-81.986064117114822,29.0544659812746],[-81.986066750498864,29.054439676424099],[-81.986064944368891,29.054415586214656],[-81.986059152841946,29.054391986432677],[-81.986049501132229,29.05436938327076],[-81.98603619455325,29.054348260372564],[-81.986019518518631,29.054329072516669],[-81.98599983238239,29.054312231179889],[-81.985991210821552,29.054303596345903],[-81.985984316629541,29.054293835643946],[-81.9859793376895,29.054283214364755],[-81.985976408483751,29.05427201854593],[-81.985975608040334,29.054260553167119],[-81.985976443326763,29.054166267509096],[-81.985972320126066,29.05409241440676],[-81.985960856718506,29.054019162358244],[-81.985942140327879,29.053947073492438],[-81.985916315683397,29.053876700018019],[-81.985883579884927,29.053808583320858],[-81.985844184457434,29.05374324494133],[-81.985798432269817,29.053681187476801],[-81.985746674455072,29.053622886460658],[-81.985689308356342,29.053568789460272],[-81.985580264131798,29.053475785912052],[-81.984228284161986,29.052322670898814],[-81.983773869975039,29.051935089296887],[-81.983765819944949,29.05192508472183],[-81.983759773479122,29.051914043666411],[-81.98375589893358,29.051902273829487],[-81.983754304076555,29.051890101850429],[-81.983755034036164,29.051877865188246],[-81.983758068220723,29.051865906707707],[-81.983763322375381,29.051854556633661],[-81.98377064960934,29.051844131649176],[-81.983833110929623,29.05177404810118],[-81.983889597482161,29.051700152566823],[-81.983939809370781,29.051622838412669],[-81.983983478532096,29.051542516152036],[-81.984020373869669,29.051459612543223],[-81.984125520501649,29.051238976409071],[-81.984164368080641,29.051180215353643],[-81.984208674912168,29.051124518176799],[-81.984258132877201,29.051072274623003],[-81.984312392788581,29.051023851874756],[-81.984371073633525,29.050979589140063],[-81.984433765654245,29.050939796750864],[-81.984500027267572,29.050904755260404],[-81.984569395334248,29.050874709128795],[-81.984590219554946,29.050869512569534],[-81.984611736436037,29.050867413621486],[-81.984633351425913,29.050868470864678],[-81.984654469985983,29.050872654455794],[-81.984674509912281,29.05087984973872],[-81.984703821190024,29.050887465636322],[-81.984734120901066,29.050890998812559],[-81.98476467896559,29.050890363467122],[-81.98479475502009,29.050885575757111],[-81.984823624089529,29.050876751092979],[-81.984850587883429,29.050864101433117],[-81.984874795075726,29.050848085944413],[-81.984895916005385,29.050828993321588],[-81.984913448477954,29.050807276455402],[-81.984926975519627,29.050783450503559],[-81.984929471297491,29.050772673021623],[-81.98493382970706,29.050762362228561],[-81.984939947000171,29.050752767142502],[-81.984947677330979,29.050744116926506],[-81.984956834810063,29.050736618182157],[-81.984967199666002,29.050730452243322],[-81.985033221479668,29.050697007501441],[-81.985096036027187,29.050659091562128],[-81.985155249988594,29.050616938979733],[-81.985210495712877,29.050570814087177],[-81.985261429165405,29.050521002874998],[-81.985307730954304,29.05046781750281],[-81.985351370272085,29.050406081796279],[-81.985388927973588,29.050341332692597],[-81.985420137023183,29.050274031234128],[-81.985444776592686,29.050204657415499],[-81.985462670008147,29.050133703867296],[-81.985473689883435,29.05006167766113],[-81.985477757094117,29.049989091286513],[-81.985474844884479,29.049916461748932],[-81.985464971679605,29.049844307862411],[-81.985448208273681,29.049773142129457],[-81.985424675775818,29.049703471643458],[-81.985192547987126,29.048949533283523],[-81.984959356711599,29.048195544693851],[-81.98482236095866,29.047755822571816],[-81.984800272017878,29.047679130554702],[-81.984784344174258,29.04760126897061],[-81.98477465539645,29.047522618593799],[-81.984771252847224,29.047443565607946],[-81.984774072635361,29.047365570802121],[-81.984783011141701,29.047287933090448],[-81.984798027225921,29.047211022403015],[-81.984819046890649,29.047135205958522],[-81.984845971496895,29.047060844656219],[-81.984937014464592,29.046828799488704],[-81.985061119809529,29.046599204924281],[-81.985095596647682,29.046507803891473],[-81.985101681976047,29.046497287557507],[-81.985109648262238,29.046487792816034],[-81.985119281893844,29.046479575891379],[-81.985130319976889,29.046472860520243],[-81.985142462658629,29.046467828930268],[-81.985155381342636,29.046464617329512],[-81.985168723823023,29.046463314102596],[-81.98518212968736,29.046463953496385],[-81.985195233396539,29.046466518327218],[-81.984813193028373,29.04635003155088],[-81.984825295231374,29.046354985549673],[-81.984836235862289,29.046361709695262],[-81.98484568123996,29.046370001838905],[-81.984853345950228,29.046379607504925],[-81.984858995924043,29.046390237034462],[-81.984862460758634,29.046401567391253],[-81.984863634742979,29.046413253891508],[-81.984862483016713,29.046424941934184],[-81.984859039515328,29.046436276925824],[-81.984825238670098,29.046516970584417],[-81.984757624551875,29.046775806223248],[-81.984668804144462,29.047008715009252],[-81.984641823671367,29.047085139790983],[-81.984620138231818,29.047162856339551],[-81.984603827970432,29.047241580447629],[-81.984592952496754,29.047321025198045],[-81.984587337288559,29.047407938744765],[-81.984588225893219,29.047494988379086],[-81.984595612221995,29.047581798750535],[-81.984609466568756,29.047667997211871],[-81.984629728422576,29.047753210209226],[-81.984810380762809,29.048339827281175],[-81.985058992745607,29.049154273465426],[-81.985064268970049,29.049165979363444],[-81.985067291214662,29.049178287735316],[-81.985067976353591,29.049190863825157],[-81.985066308005472,29.049203369275233],[-81.985062329345055,29.049215465734328],[-81.985056149262959,29.049226825685796],[-81.98504793517651,29.049237141469664],[-81.985037907894153,29.049246136109396],[-81.985026338534709,29.04925356511632],[-81.985013540311044,29.049259228218229],[-81.984999859288266,29.049262971163156],[-81.984985665140954,29.049264694741094],[-81.984897530145972,29.049278488878219],[-81.98480852515695,29.049286937737541],[-81.984719070167841,29.04929000076244],[-81.984629587222656,29.049287663563788],[-81.983079629616583,29.049216157198462],[-81.982715703730179,29.049200005108577],[-81.982607023467423,29.049196495634117],[-81.982498816577206,29.049186926404097],[-81.982391520502105,29.049171334470557],[-81.982285568572067,29.049149783954899],[-81.982181387951073,29.049122361536003],[-81.982079401690299,29.049089178255201],[-81.981980020513177,29.049050368612537],[-81.981867430246467,29.04902347536315],[-81.981753296754036,29.049002188593214],[-81.981637981450177,29.048986576019498],[-81.981521849858794,29.048976687314784],[-81.980889012064637,29.048970845793047],[-81.980762577796781,29.048969678232655],[-81.980747304424838,29.048971386771527],[-81.980731914382517,29.048971003801018],[-81.980716774246702,29.048968540201109],[-81.980702249558831,29.048964052868222],[-81.980688685313766,29.048957651028346],[-81.980676408015455,29.048949486312207],[-81.980665711300517,29.048939755460033],[-81.980643526741517,29.048922849805489],[-81.980618577350924,29.048909244297754],[-81.98059149045568,29.048899280088776],[-81.980562950900563,29.048893209915526],[-81.980533677433939,29.048891185464736],[-81.98050440833191,29.04889326007779],[-81.980475881890897,29.048899378822743],[-81.980448816916308,29.048909389319018],[-81.980423897321216,29.048923038125789],[-81.98040175158792,29.048939981566249],[-81.98038281411641,29.048959944509075],[-81.980367742195014,29.04898230628131],[-81.980356919968088,29.049006493088701],[-81.980350625825977,29.049031886909496],[-81.980349019053548,29.049057838124195],[-81.980352141880303,29.049083681756933],[-81.980359914342145,29.049108757324912],[-81.980372138385363,29.049132423275516],[-81.98038849888998,29.049154074129937],[-81.980410182736719,29.049174438201813],[-81.980435509433889,29.049191243296459],[-81.980463733594164,29.049203995754862],[-81.980494024579443,29.049212319202734],[-81.980525489089118,29.049215968088379],[-81.98055719991045,29.049214834905044],[-81.980588222616063,29.049208953804264],[-81.980617644316624,29.049198496990684],[-81.980644597278683,29.049183773823192],[-81.980668288705743,29.049165217284681],[-81.980674794211666,29.049156854062225],[-81.980682673435737,29.049149459186143],[-81.980691740489746,29.049143203160945],[-81.980701785872995,29.049138233028277],[-81.980712574420124,29.049134663344045],[-81.980723855569252,29.049132577984381],[-81.980735366443355,29.049132024732408],[-81.980746839037437,29.0491330179862],[-81.980888219837993,29.049135341708752],[-81.981503494902867,29.04914002769948],[-81.981603691104141,29.049145166427305],[-81.981703106721213,29.049157273301788],[-81.981801116447343,29.049176270643688],[-81.981897103196317,29.049202040173771],[-81.981990460156368,29.049234418501797],[-81.982094372488035,29.0492698036756],[-81.982200347643655,29.049300099266738],[-81.982308063199781,29.049325213195122],[-81.982417191595033,29.049345067817381],[-81.982527399103134,29.049359602633846],[-81.982638351994126,29.049368774289118],[-81.982749711400757,29.049372554767103],[-81.983080820598431,29.049386939574038],[-81.984236836102781,29.049437156922188],[-81.984683236331307,29.049453084239548],[-81.984776339314237,29.049453347465434],[-81.984869185486829,29.049447275672581],[-81.984961218282763,29.04943490669503],[-81.98505188523869,29.049416313557781],[-81.985066279599963,29.049414855266214],[-81.985080755821642,29.049415383808228],[-81.985094962729207,29.049417887415153],[-81.985108552235687,29.049422304693231],[-81.985121193716907,29.049428527332164],[-81.985132577091306,29.049436403714409],[-81.985142426168437,29.049445741623508],[-81.985150500701721,29.049456313658126],[-81.985156602548955,29.049467861743828],[-81.985223600500888,29.049683205157645],[-81.985248404444434,29.049743117634208],[-81.985266201009992,29.049804923227846],[-81.985276808525171,29.049867992128178],[-81.985280118223969,29.049931679193122],[-81.985284277017911,29.049996105319707],[-81.985281224313823,29.050060581183114],[-81.985270989965358,29.050124482406744],[-81.985253672623486,29.050187194545487],[-81.985229438710704,29.050248111281185],[-81.985198523446684,29.050306646152521],[-81.985161222633835,29.050362234358889],[-81.985117898817634,29.05041433997949],[-81.985068966910532,29.050462461385759],[-81.985014900352738,29.050506133949039],[-81.984956219816041,29.050544936355699],[-81.984893491149577,29.050578495118575],[-81.984884100105774,29.050582244849419],[-81.984874143470819,29.050584615828544],[-81.984863883099521,29.050585546730062],[-81.984853584948695,29.050585013222353],[-81.984843520103738,29.050583029772469],[-81.984833949376295,29.050579646937784],[-81.984825124330641,29.050574954072705],[-81.984792888769292,29.050566717099873],[-81.984759543511998,29.050563301790131],[-81.984726015780979,29.050564803890033],[-81.984693237952712,29.050571182000727],[-81.984662122914202,29.050582258477384],[-81.98463353633791,29.050597724839683],[-81.984608272036724,29.050617150791506],[-81.984587033478931,29.050639996850613],[-81.984570412223135,29.050665626075538],[-81.984567006653265,29.05067621396713],[-81.984561782626159,29.05068621245919],[-81.984554865451898,29.05069538426574],[-81.98454642151242,29.050703507444183],[-81.984536653124977,29.050710389831423],[-81.984525792381703,29.050715865433919],[-81.984514100121501,29.05071980254835],[-81.984353340331111,29.050779754106404],[-81.984283475862298,29.050819449977826],[-81.984217679969049,29.050864194560329],[-81.984156425046308,29.050913666702908],[-81.984100149610995,29.050967511866766],[-81.984049256247957,29.051025344831299],[-81.984004109555826,29.05108675240071],[-81.983965033066312,29.051151293403308],[-81.983932307189079,29.051218506811622],[-81.983906165104102,29.051287910839456],[-81.983864772563862,29.051381165762553],[-81.983817527221291,29.051472249075388],[-81.983764578002479,29.051560875668759],[-81.983706089236392,29.051646772164393],[-81.983647325785626,29.05170927152108],[-81.983582865974952,29.051767272278578],[-81.983513151415565,29.05182037386972],[-81.983438663763891,29.051868210921594],[-81.983359915480051,29.051910452352317],[-81.983277450853308,29.051946808589754],[-81.983191838814363,29.051977027961616],[-81.983103667799739,29.05200090301112],[-81.983013546778508,29.052018267790455],[-81.982922097036237,29.052029003273496],[-81.982829949093912,29.052033035551048],[-81.982704690844784,29.052032382465249],[-81.98225093237258,29.052030012510766],[-81.982156533860604,29.052032110438134],[-81.98206248868108,29.052039585045467],[-81.981969194219715,29.052052403904728],[-81.981877041705246,29.052070513835623],[-81.981788493652786,29.052093240267375],[-81.981701763268703,29.052120851843707],[-81.981617197640716,29.052153237634865],[-81.981535137700291,29.05219026686084],[-81.981455914114846,29.052231791597602],[-81.981379843181088,29.052277644069431],[-81.981366221753603,29.052283947327144],[-81.981351654931814,29.052288320470787],[-81.981336491868149,29.052290659786181],[-81.981321099163566,29.052290907578016],[-81.981292686249432,29.052288941159176],[-81.981264253157804,29.052290672283469],[-81.981236421143805,29.052296064044146],[-81.981209795047718,29.052304998327273],[-81.981184956106631,29.052317279419764],[-81.981162446550456,29.052332641225469],[-81.981141951035383,29.052351611536228],[-81.98112501929009,29.052373125877981],[-81.981112053938972,29.052396672714721],[-81.981103363145394,29.052421689969176],[-81.981099154446582,29.052447584872148],[-81.981099527564055,29.052473740277065],[-81.981101794943697,29.052484652795421],[-81.981101892527306,29.05249574636704],[-81.981099814213721,29.052506688049029],[-81.981095624754104,29.052517152126569],[-81.981089447428346,29.05252682732954]]]},"properties":{"PARCEL":"39393-000-00"}},{"type":"Feature","geometry":{"type":"Polygon","coordinates":[[[-81.987226736980759,29.054158727381637],[-81.987226640366501,29.054251112912485],[-81.987287260220825,29.054201128642394],[-81.987341213796626,29.054148792369759],[-81.987389584517047,29.054093623288072],[-81.987390232574086,29.054092834754581],[-81.987434039252747,29.054033634734669],[-81.987472335999129,29.053971552297661],[-81.987508963311356,29.053906853076402],[-81.987551389018293,29.053844948749227],[-81.987404518921551,29.053650074643869],[-81.987388363069158,29.053658696235765],[-81.987370870505742,29.053664989812606],[-81.987352473565579,29.053668801124449],[-81.987333623059826,29.053670036376133],[-81.987317728183427,29.053668967476337],[-81.98730212824313,29.053666082309057],[-81.987287091248433,29.053661427818422],[-81.987272876989351,29.053655087039171],[-81.98726004928109,29.053646570988292],[-81.987248978770893,29.053636328135454],[-81.987239961164946,29.053624633705173],[-81.987233239793682,29.053611801715093],[-81.987228994317078,29.053598176854376],[-81.987227340725852,29.053584126362964],[-81.987226736980759,29.054158727381637]]]},"properties":{"PARCEL":"3934-004-035"}},{"type":"Feature","geometry":{"type":"Polygon","coordinates":[[[-81.975239188273008,29.051314492785707],[-81.976822577861853,29.051324126667744],[-81.976814814295565,29.049645976766694],[-81.975898410259589,29.049643340459962],[-81.975239188273008,29.051314492785707]]]},"properties":{"PARCEL":"39399-001-00"}},{"type":"Feature","geometry":{"type":"Polygon","coordinates":[[[-81.991787511356179,29.046795428489947],[-81.991631023839403,29.046795418829547],[-81.991630437729157,29.046932926697181],[-81.99178692442662,29.046932936358228],[-81.991787511356179,29.046795428489947]]]},"properties":{"PARCEL":"45146-000-02"}},{"type":"Feature","geometry":{"type":"Polygon","coordinates":[[[-81.988354255018862,29.050499824268449],[-81.988354055328969,29.050430980108064],[-81.988048041794627,29.050429199183931],[-81.988048385385937,29.050495037855061],[-81.988048741028464,29.050563230581226],[-81.988049083558835,29.050629372417781],[-81.98835464751545,29.050634805739485],[-81.98835445674078,29.050568863321256],[-81.988354255018862,29.050499824268449]]]},"properties":{"PARCEL":"3934-002-095"}},{"type":"Feature","geometry":{"type":"Polygon","coordinates":[[[-81.981897930154773,29.043729535874991],[-81.981897365548747,29.043993552892029],[-81.982225978098484,29.043994093940785],[-81.982226335446967,29.043826165547543],[-81.982226539814079,29.043730078726288],[-81.981897930154773,29.043729535874991]]]},"properties":{"PARCEL":"4505-019-003"}},{"type":"Feature","geometry":{"type":"Polygon","coordinates":[[[-81.98411728417517,29.054254928916311],[-81.985785759330852,29.054259807769686],[-81.985789896541334,29.054170601406891],[-81.985784427706051,29.054100793988272],[-81.985771033310741,29.054031817632968],[-81.985749847796612,29.053964366207683],[-81.985721084675291,29.053899116442853],[-81.985685031394183,29.053836725225551],[-81.985642051391068,29.053777818772517],[-81.985592522477319,29.053723019692182],[-81.985537001150874,29.053672852263166],[-81.984663267469472,29.052924150918212],[-81.984244846474994,29.053944013107483],[-81.98411728417517,29.054254928916311]]]},"properties":{"PARCEL":"39393-000-36"}},{"type":"Feature","geometry":{"type":"Polygon","coordinates":[[[-81.988473160922823,29.045221494284259],[-81.9881382768489,29.045221474147528],[-81.988138242312388,29.045496492719714],[-81.98847312727429,29.045496513759101],[-81.988473160922823,29.045221494284259]]]},"properties":{"PARCEL":"4511-075-000"}},{"type":"Feature","geometry":{"type":"Polygon","coordinates":[[[-81.978904002015028,29.055060189583539],[-81.978903855608493,29.055088310072119],[-81.980319231699454,29.05508414350771],[-81.980320753726588,29.055056165779565],[-81.980327672960868,29.055028824048463],[-81.980339786949813,29.05500291590096],[-81.980356744350885,29.05497919739636],[-81.98037804904348,29.054958362315027],[-81.980403078618068,29.054941015995066],[-81.9804311028619,29.054927667214944],[-81.980461305327879,29.054918704737407],[-81.980469709532841,29.054917886688266],[-81.980477869551606,29.054915936239514],[-81.980485588212801,29.054912899378941],[-81.980492678608499,29.054908850968797],[-81.980498971284149,29.054903886626484],[-81.980504314237564,29.054898127235784],[-81.980508579081857,29.054891710827256],[-81.980511663099222,29.054884792578552],[-81.980627508651295,29.054679827170094],[-81.980669828165361,29.054599870351993],[-81.980706018569961,29.054517622647868],[-81.980735919615967,29.054433447659122],[-81.980759400834515,29.054347714404507],[-81.980776357428255,29.054260801830708],[-81.978908167259945,29.054256810288337],[-81.978904002015028,29.055060189583539]]]},"properties":{"PARCEL":"39393-000-19"}},{"type":"Feature","geometry":{"type":"Polygon","coordinates":[[[-81.991795489741648,29.044925331126183],[-81.991372985583837,29.044925304651542],[-81.991371986579509,29.045159065380961],[-81.991794491689703,29.04515909185892],[-81.991795489741648,29.044925331126183]]]},"properties":{"PARCEL":"45146-001-11"}},{"type":"Feature","geometry":{"type":"Polygon","coordinates":[[[-81.986220062540369,29.044129218971175],[-81.985863044686624,29.044128527710921],[-81.98586183854043,29.044389787286793],[-81.986219409703409,29.044390476802675],[-81.986220062540369,29.044129218971175]]]},"properties":{"PARCEL":"4508-309-032"}},{"type":"Feature","geometry":{"type":"Polygon","coordinates":[[[-81.987628124157624,29.047772151142752],[-81.987456530192262,29.047767749228946],[-81.987697790132387,29.048053241157177],[-81.987746050632694,29.048036180697316],[-81.987770872528316,29.048031254691974],[-81.987819837329354,29.048032318421733],[-81.987786962025865,29.047776225953815],[-81.987628124157624,29.047772151142752]]]},"properties":{"PARCEL":"3934-001-071"}},{"type":"Feature","geometry":{"type":"Polygon","coordinates":[[[-81.983774707411783,29.044923160692679],[-81.983779724063453,29.044924689766187],[-81.983942483005009,29.04467564941379],[-81.983942528838199,29.044426052640802],[-81.983805959468143,29.044425454270474],[-81.983669663301725,29.044417843249835],[-81.983543200302009,29.044852521654711],[-81.983774707411783,29.044923160692679]]]},"properties":{"PARCEL":"4508-309-018"}},{"type":"Feature","geometry":{"type":"Polygon","coordinates":[[[-81.988815046507924,29.050858802172392],[-81.989134104939183,29.050864703128173],[-81.989133755697225,29.050797202458867],[-81.989133405419523,29.05072979111474],[-81.989133030997053,29.0506576175219],[-81.989132698873917,29.050593350631761],[-81.989132322416765,29.050521004701348],[-81.989131977202632,29.050454284503154],[-81.988811514588505,29.050445575522524],[-81.988812076374145,29.050511242776174],[-81.988812683783635,29.050582330945204],[-81.988813235414042,29.050646962376543],[-81.988813862115066,29.050720090606049],[-81.988814437061166,29.050787532647398],[-81.988815046507924,29.050858802172392]]]},"properties":{"PARCEL":"3934-003-089"}},{"type":"Feature","geometry":{"type":"Polygon","coordinates":[[[-81.987311967977249,29.046078582806896],[-81.987646816021282,29.046180182208904],[-81.987646856933182,29.045853971739554],[-81.987311995464353,29.0458539215733],[-81.987311967977249,29.046078582806896]]]},"properties":{"PARCEL":"4511-008-000"}},{"type":"Feature","geometry":{"type":"Polygon","coordinates":[[[-81.991381375147441,29.042791691352782],[-81.991379932963554,29.043181912570862],[-81.992340688953306,29.04318837520292],[-81.992342124442004,29.042798155778588],[-81.991381375147441,29.042791691352782]]]},"properties":{"PARCEL":"45146-100-13"}},{"type":"Feature","geometry":{"type":"Polygon","coordinates":[[[-81.98191320622368,29.04645136770446],[-81.98224182040471,29.04645188706203],[-81.982242315798118,29.046209267769985],[-81.981987714324916,29.046131470611346],[-81.981977864502966,29.046129864128613],[-81.981967847053596,29.046129748194026],[-81.981957952560379,29.046131126455744],[-81.981948467507621,29.046133957447225],[-81.981939665038098,29.04613815999986],[-81.981931800846098,29.046143613242272],[-81.981925101882169,29.046150158403396],[-81.981919762244658,29.046157606932351],[-81.981915937018414,29.046165742302353],[-81.981913735085584,29.046174329934569],[-81.98191320622368,29.04645136770446]]]},"properties":{"PARCEL":"4505-005-005"}},{"type":"Feature","geometry":{"type":"Polygon","coordinates":[[[-81.976287044255571,29.048654175996599],[-81.976123575381195,29.049069971154385],[-81.976890684817889,29.049071480431998],[-81.977618045928693,29.049071878826279],[-81.977723206667051,29.04907189631211],[-81.977723920690082,29.048659096756953],[-81.976287044255571,29.048654175996599]]]},"properties":{"PARCEL":"45110-006-00"}},{"type":"Feature","geometry":{"type":"Polygon","coordinates":[[[-81.981664691323189,29.04530482381502],[-81.981442991172941,29.045237078827949],[-81.981415136065266,29.045307468391318],[-81.981237406313738,29.045756594739959],[-81.981459110520191,29.045824340964312],[-81.981664691323189,29.04530482381502]]]},"properties":{"PARCEL":"4505-006-008"}},{"type":"Feature","geometry":{"type":"Polygon","coordinates":[[[-81.985865647841422,29.042951256740974],[-81.985505626635359,29.042950582260989],[-81.985505466778193,29.043198100217293],[-81.985865404648251,29.043198773786838],[-81.985865647841422,29.042951256740974]]]},"properties":{"PARCEL":"4508-311-002"}},{"type":"Feature","geometry":{"type":"Polygon","coordinates":[[[-81.987230528719721,29.050544707205091],[-81.987230462089428,29.050610477264609],[-81.987230384335589,29.050683189482541],[-81.987577685259652,29.050691397639],[-81.987577483590059,29.050617666718299],[-81.987577305611282,29.05055189573374],[-81.987577113775714,29.050481794694296],[-81.987230607819427,29.050469402728606],[-81.987230528719721,29.050544707205091]]]},"properties":{"PARCEL":"3934-001-031"}},{"type":"Feature","geometry":{"type":"Polygon","coordinates":[[[-81.98078580274904,29.044280677311857],[-81.980607955964416,29.044730035668174],[-81.980829571289803,29.044797917368662],[-81.981007465512874,29.044348432410217],[-81.98078580274904,29.044280677311857]]]},"properties":{"PARCEL":"4505-007-006"}},{"type":"Feature","geometry":{"type":"Polygon","coordinates":[[[-81.979783752967137,29.047063492111523],[-81.980128020737368,29.04706403614092],[-81.980128445317121,29.046857773453642],[-81.979784176177887,29.046857230327628],[-81.979783781548761,29.047048558433445],[-81.979783752967137,29.047063492111523]]]},"properties":{"PARCEL":"4505-002-015"}},{"type":"Feature","geometry":{"type":"Polygon","coordinates":[[[-81.975690850967624,29.049524509444868],[-81.974788851800469,29.049528856350918],[-81.974788824255384,29.049545010810466],[-81.974785528900256,29.050420061684598],[-81.975372302078554,29.050420175992926],[-81.975690850967624,29.049524509444868]]]},"properties":{"PARCEL":"39399-000-00"}},{"type":"Feature","geometry":{"type":"Polygon","coordinates":[[[-81.975296780580905,29.043106633016055],[-81.975559645806442,29.04318699695316],[-81.975737614527475,29.042737466555536],[-81.975395762778376,29.042632955142224],[-81.975382665789624,29.042631094940852],[-81.975369400976064,29.042631181834953],[-81.975356336946845,29.042633212282958],[-81.97534384232388,29.042637129508751],[-81.975332267260001,29.042642823498177],[-81.975321934197211,29.042650135508907],[-81.975313135812698,29.04265885987439],[-81.975306116535151,29.042668752121077],[-81.975301073570222,29.042679534382199],[-81.975298148683962,29.04269090532145],[-81.975296780580905,29.043106633016055]]]},"properties":{"PARCEL":"4505-008-001"}},{"type":"Feature","geometry":{"type":"Polygon","coordinates":[[[-81.988797489577294,29.048804875657162],[-81.988796879150144,29.04873339497604],[-81.988506833949728,29.048729050337442],[-81.988507017437144,29.048796737787402],[-81.988507210640336,29.048869412153245],[-81.988507390094924,29.048936431912363],[-81.988798654708987,29.048940889436786],[-81.988798073659126,29.048873103606653],[-81.988797489577294,29.048804875657162]]]},"properties":{"PARCEL":"3934-003-045"}},{"type":"Feature","geometry":{"type":"Polygon","coordinates":[[[-81.983087190203676,29.046275958085868],[-81.982727276565782,29.046275400683808],[-81.982726857158838,29.046481660692614],[-81.983086772538527,29.046482223509926],[-81.983087190203676,29.046275958085868]]]},"properties":{"PARCEL":"4505-001-023"}},{"type":"Feature","geometry":{"type":"Polygon","coordinates":[[[-81.982241680073145,29.046521850959358],[-81.982570300640745,29.046522367709485],[-81.982570655499742,29.046347671354194],[-81.982569722600545,29.04633879728091],[-81.982567160123054,29.046330174733018],[-81.982563036824899,29.046322032899184],[-81.982557462537727,29.046314589243757],[-81.982550585088362,29.046308039581099],[-81.982542588244911,29.046302559880097],[-81.982533683504172,29.046298295435616],[-81.982242315798118,29.046209267769985],[-81.98224182040471,29.04645188706203],[-81.982241680073145,29.046521850959358]]]},"properties":{"PARCEL":"4505-005-006"}},{"type":"Feature","geometry":{"type":"Polygon","coordinates":[[[-81.982716929495425,29.047291846224212],[-81.983084955353078,29.047380811243677],[-81.983085078369172,29.047319097825628],[-81.983085521587029,29.047101009819173],[-81.982725603032804,29.047100446997547],[-81.982726400488332,29.047164347669078],[-81.982723506564085,29.04722820275104],[-81.982716929495425,29.047291846224212]]]},"properties":{"PARCEL":"4505-001-019"}},{"type":"Feature","geometry":{"type":"Polygon","coordinates":[[[-81.9789397456681,29.045694190553572],[-81.979285949539843,29.045694698245605],[-81.979286441501799,29.045488436432152],[-81.978939512396209,29.045487823963075],[-81.9789397456681,29.045694190553572]]]},"properties":{"PARCEL":"4505-001-002"}},{"type":"Feature","geometry":{"type":"Polygon","coordinates":[[[-81.976165313219809,29.052333998262245],[-81.976165207718125,29.052395376882895],[-81.976164212395815,29.052972804714706],[-81.97675065396237,29.052977540751186],[-81.976751642303341,29.052402942469502],[-81.976751754532515,29.052337490045932],[-81.976165313219809,29.052333998262245]]]},"properties":{"PARCEL":"39398-002-01"}},{"type":"Feature","geometry":{"type":"Polygon","coordinates":[[[-81.989044140458574,29.048058896855217],[-81.989124778504348,29.048060646619614],[-81.989121774603959,29.047810464139467],[-81.989037293418889,29.047808297204945],[-81.988963079357589,29.047806393625752],[-81.988883940695828,29.047804364180706],[-81.98880379165162,29.047802308438595],[-81.988808686047037,29.048053786761514],[-81.98889473849394,29.048055654411897],[-81.988962550555627,29.048057126211688],[-81.989044140458574,29.048058896855217]]]},"properties":{"PARCEL":"3934-001-086"}},{"type":"Feature","geometry":{"type":"Polygon","coordinates":[[[-81.980270454841587,29.043760264899589],[-81.980270096451179,29.043927818840601],[-81.980273014083821,29.043941104487111],[-81.980278314982854,29.043953807608556],[-81.980285862649666,29.043965600655852],[-81.980295463081404,29.043976178628395],[-81.980306867849478,29.043985268999826],[-81.980319781285786,29.043992637132725],[-81.980598387168826,29.044077791847084],[-81.980848829458267,29.044154337797121],[-81.980858560878445,29.044156576846703],[-81.980868586235005,29.044157317245087],[-81.980878606738088,29.044156537294878],[-81.980888327696732,29.044154260413489],[-81.98089746057272,29.044150553328944],[-81.98090573530196,29.044145526081483],[-81.980912907483116,29.044139326610935],[-81.980918764538643,29.044132138953099],[-81.980923133930233,29.04412417602245],[-81.980925885213807,29.04411567239422],[-81.980926938254328,29.044106880696415],[-81.980927470820703,29.043857440971831],[-81.980598861792458,29.043856899453374],[-81.980599066641574,29.043760808124183],[-81.980599427648954,29.043592886046778],[-81.980599632496691,29.043496795616086],[-81.980271023587278,29.043496249686736],[-81.980270454841587,29.043760264899589]]]},"properties":{"PARCEL":"4505-017-002"}},{"type":"Feature","geometry":{"type":"Polygon","coordinates":[[[-81.978613196726926,29.043249022949727],[-81.978612780529843,29.043415052932506],[-81.978613918722317,29.043427436049345],[-81.978617224498109,29.043439515441815],[-81.978622617829828,29.043450998757219],[-81.978629970427974,29.043461610778532],[-81.978639103687328,29.043471093423989],[-81.978649797925115,29.043479219282943],[-81.978661795461164,29.043485792518606],[-81.978941004376722,29.043571148372447],[-81.978941499455871,29.043373077423311],[-81.978941806879618,29.043249649629409],[-81.978613196726926,29.043249022949727]]]},"properties":{"PARCEL":"4505-015-001"}},{"type":"Feature","geometry":{"type":"Polygon","coordinates":[[[-81.982704690844784,29.052032382465249],[-81.982829949093912,29.052033035551048],[-81.982922097036237,29.052029003273496],[-81.983013546778508,29.052018267790455],[-81.983103667799739,29.05200090301112],[-81.983191838814363,29.051977027961616],[-81.983277450853308,29.051946808589754],[-81.983359915480051,29.051910452352317],[-81.983438663763891,29.051868210921594],[-81.983513151415565,29.05182037386972],[-81.983582865974952,29.051767272278578],[-81.983647325785626,29.05170927152108],[-81.983706089236392,29.051646772164393],[-81.983764578002479,29.051560875668759],[-81.983817527221291,29.051472249075388],[-81.983864772563862,29.051381165762553],[-81.983906165104102,29.051287910839456],[-81.983932307189079,29.051218506811622],[-81.983965033066312,29.051151293403308],[-81.984004109555826,29.05108675240071],[-81.984049256247957,29.051025344831299],[-81.984100149610995,29.050967511866766],[-81.984156425046308,29.050913666702908],[-81.984217679969049,29.050864194560329],[-81.984283475862298,29.050819449977826],[-81.984353340331111,29.050779754106404],[-81.984229136063163,29.050779370543538],[-81.983085522821483,29.050775851415757],[-81.982707787112972,29.050774687182209],[-81.982704690844784,29.052032382465249]]]},"properties":{"PARCEL":"39393-000-13"}},{"type":"Feature","geometry":{"type":"Polygon","coordinates":[[[-81.985546526938748,29.044748524055258],[-81.985178573618583,29.044748596738312],[-81.984912549469158,29.044748649224854],[-81.984912136293119,29.044850258887639],[-81.984838731149992,29.045005134730808],[-81.984744183646526,29.04521930436767],[-81.984619638154982,29.045501429553116],[-81.985100818230762,29.045648226591751],[-81.985578672986421,29.04579400738038],[-81.98605652805945,29.045939786465912],[-81.986169432949353,29.045653998205179],[-81.986250580566278,29.045468778664464],[-81.986223017553442,29.045459130434384],[-81.986197603105737,29.045445675687397],[-81.986175014861516,29.045428771798591],[-81.98615585035563,29.045408868167829],[-81.986140620860283,29.045386493587213],[-81.986129728797536,29.04536224180184],[-81.986123465688067,29.045336757072963],[-81.986121995724716,29.045310717032738],[-81.986125359883218,29.045284812834307],[-81.986133467710019,29.045259733812276],[-81.985858222180283,29.045173103082341],[-81.985859426228046,29.044912312723984],[-81.985860182722078,29.044748460899587],[-81.985546526938748,29.044748524055258]]]},"properties":{"PARCEL":"4508+300-003"}},{"type":"Feature","geometry":{"type":"Polygon","coordinates":[[[-81.981414849260261,29.042788223295581],[-81.981086242589441,29.042787684775497],[-81.981085765589029,29.043010445834906],[-81.981414375018687,29.043010987063568],[-81.981414541272443,29.04293123245769],[-81.981414849260261,29.042788223295581]]]},"properties":{"PARCEL":"4505-018-006"}},{"type":"Feature","geometry":{"type":"Polygon","coordinates":[[[-81.985864247746647,29.043867264515377],[-81.985505032392879,29.043867086373684],[-81.985504860343056,29.044128348774784],[-81.985863044686624,29.044128527710921],[-81.985864247746647,29.043867264515377]]]},"properties":{"PARCEL":"4508-309-028"}},{"type":"Feature","geometry":{"type":"Polygon","coordinates":[[[-81.988473319916437,29.043846409372296],[-81.988138448497807,29.043846382921942],[-81.98813841396354,29.044121401550502],[-81.988473286270207,29.044121428001183],[-81.988473319916437,29.043846409372296]]]},"properties":{"PARCEL":"4511-086-000"}},{"type":"Feature","geometry":{"type":"Polygon","coordinates":[[[-81.989534043882855,29.051879887213172],[-81.989524471229501,29.052634759137224],[-81.989580512942837,29.052598755225009],[-81.989640743658512,29.052568419748347],[-81.989704424003264,29.052544126189812],[-81.989770772512671,29.052526172238093],[-81.989838974872796,29.052514777984499],[-81.989847031232699,29.051879391527713],[-81.989534043882855,29.051879887213172]]]},"properties":{"PARCEL":"3933-001-001"}},{"type":"Feature","geometry":{"type":"Polygon","coordinates":[[[-81.992407165083193,29.045490622172043],[-81.991980862595724,29.045490162494275],[-81.991979868071709,29.045723464849246],[-81.992405564658554,29.045724234881348],[-81.992407165083193,29.045490622172043]]]},"properties":{"PARCEL":"45146-002-17"}},{"type":"Feature","geometry":{"type":"Polygon","coordinates":[[[-81.98742750433513,29.052914760305111],[-81.987411297601014,29.052954366260259],[-81.987886225340972,29.053182566383629],[-81.987895909855013,29.053146563498977],[-81.987903300408135,29.053118731472502],[-81.987459764168108,29.052857444954128],[-81.98742750433513,29.052914760305111]]]},"properties":{"PARCEL":"3934-004-024"}},{"type":"Feature","geometry":{"type":"Polygon","coordinates":[[[-81.982554384534836,29.044090720101011],[-81.982554945414748,29.043826706693164],[-81.982555412641517,29.043606693105925],[-81.982555880892633,29.043386680413903],[-81.98255634811477,29.043166667714516],[-81.982227741265064,29.04316612657329],[-81.982227416525944,29.043317553128222],[-81.982227271292302,29.043386139270993],[-81.98222697868438,29.043523815930488],[-81.982226804397612,29.043606151961868],[-81.982226539814079,29.043730078726288],[-81.982226335446967,29.043826165547543],[-81.982225978098484,29.043994093940785],[-81.982225773730022,29.044090181660525],[-81.982554384534836,29.044090720101011]]]},"properties":{"PARCEL":"4505-019-022"}},{"type":"Feature","geometry":{"type":"Polygon","coordinates":[[[-81.987573940544621,29.049318876874764],[-81.987231814913741,29.04931418088356],[-81.987231742709881,29.049383534820642],[-81.987231672839357,29.049450616809956],[-81.987231601911105,29.049517948730763],[-81.987574510100302,29.049527333956892],[-81.987574321274678,29.049457850970498],[-81.987574138322984,29.049390765348519],[-81.987573940544621,29.049318876874764]]]},"properties":{"PARCEL":"3934-001-048"}},{"type":"Feature","geometry":{"type":"Polygon","coordinates":[[[-81.983085078369172,29.047319097825628],[-81.984592952496754,29.047321025198045],[-81.984603827970432,29.047241580447629],[-81.984620138231818,29.047162856339551],[-81.984641823671367,29.047085139790983],[-81.984668804144462,29.047008715009252],[-81.984757624551875,29.046775806223248],[-81.984699578992405,29.046762856375437],[-81.984765462745813,29.046506304247039],[-81.984800129318785,29.046417997238382],[-81.984801115365116,29.046415849916723],[-81.984801674278003,29.046413587054509],[-81.984801790645861,29.04641127361436],[-81.984801460351761,29.046408976364773],[-81.984800692627303,29.046406761173387],[-81.984799510052909,29.046404691202607],[-81.98479794753095,29.046402827811594],[-81.984796048179675,29.046401222435321],[-81.984793867439535,29.046399921998773],[-81.984791468966804,29.046398964405054],[-81.983087980957905,29.045884879892636],[-81.983087607866366,29.046069696264617],[-81.983087190203676,29.046275958085868],[-81.983086772538527,29.046482223509926],[-81.983086353845266,29.046688485318366],[-81.983085938230559,29.046894747120863],[-81.983085521587029,29.047101009819173],[-81.983085078369172,29.047319097825628]]]},"properties":{"PARCEL":"39393-000-01"}},{"type":"Feature","geometry":{"type":"Polygon","coordinates":[[[-81.983656265166104,29.043933358860578],[-81.983655852511617,29.044193271410574],[-81.983657616747436,29.044204876791504],[-81.983661547559493,29.044216063776613],[-81.983667536158123,29.044226523771595],[-81.983675415224226,29.044235965318368],[-81.983684967121164,29.04424412853265],[-81.983695928001609,29.044250786006661],[-81.983707992939841,29.04425575453962],[-81.983720829279719,29.04425889513929],[-81.983734079713983,29.04426012114299],[-81.983939199891793,29.04426102284808],[-81.983941055548655,29.04393441369719],[-81.983656265166104,29.043933358860578]]]},"properties":{"PARCEL":"4508-310-006"}},{"type":"Feature","geometry":{"type":"Polygon","coordinates":[[[-81.979851517933113,29.044750764348372],[-81.979570041157714,29.044664750487158],[-81.979569855351698,29.04474271854621],[-81.979568658429926,29.045246682252163],[-81.979568341141061,29.045382237595465],[-81.979850000639317,29.045383382739708],[-81.979849902972717,29.045426282672928],[-81.980137829110376,29.045427464244952],[-81.980137843775523,29.045420588850629],[-81.980139224334778,29.044838679650535],[-81.979851517933113,29.044750764348372]]]},"properties":{"PARCEL":"45100-000-00"}},{"type":"Feature","geometry":{"type":"Polygon","coordinates":[[[-81.988356264178805,29.051188930816263],[-81.988051961814023,29.051181776056104],[-81.988052271232107,29.051241237385902],[-81.988052624894138,29.051308837304866],[-81.988053006653089,29.05138212521279],[-81.988356841574401,29.051387379723593],[-81.988356645789722,29.051320307654986],[-81.988356449019051,29.05125287377043],[-81.988356264178805,29.051188930816263]]]},"properties":{"PARCEL":"3934-002-106"}},{"type":"Feature","geometry":{"type":"Polygon","coordinates":[[[-81.981083681309741,29.043984003773019],[-81.981083274990596,29.04417383417363],[-81.981090078271194,29.044191681390636],[-81.9811002486056,29.044208246034401],[-81.981113487290102,29.044223041731627],[-81.981129405253881,29.044235634428457],[-81.981147536404876,29.044245655024778],[-81.981411562074953,29.044326344211804],[-81.981412034950083,29.044105551976056],[-81.981412293824121,29.04398454500809],[-81.981083681309741,29.043984003773019]]]},"properties":{"PARCEL":"4505-018-001"}},{"type":"Feature","geometry":{"type":"Polygon","coordinates":[[[-81.97803815328399,29.047164710368442],[-81.977967421518827,29.047164148390312],[-81.977966703395651,29.047600874771266],[-81.97670228859532,29.047598185506239],[-81.976677864876464,29.047657035362771],[-81.978941984739478,29.047668041071031],[-81.97894177334328,29.047480329240013],[-81.978941421992815,29.047172786110906],[-81.97803815328399,29.047164710368442]]]},"properties":{"PARCEL":"45110-003-01"}},{"type":"Feature","geometry":{"type":"Polygon","coordinates":[[[-81.981450786776264,29.044483940604728],[-81.981245175729015,29.045003451170096],[-81.981466836230695,29.04507120640552],[-81.981672447329373,29.04455169370118],[-81.981450786776264,29.044483940604728]]]},"properties":{"PARCEL":"4505-007-009"}},{"type":"Feature","geometry":{"type":"Polygon","coordinates":[[[-81.977998786501033,29.043931078713584],[-81.97822048468575,29.04399883390882],[-81.978397873113011,29.043550732768225],[-81.978176182960539,29.043482962524092],[-81.977998786501033,29.043931078713584]]]},"properties":{"PARCEL":"4505-008-013"}},{"type":"Feature","geometry":{"type":"Polygon","coordinates":[[[-81.991365378654407,29.046706876335723],[-81.990493225451942,29.046707764827087],[-81.989302059707725,29.046709940856815],[-81.989302034431248,29.046726031264907],[-81.989301098318805,29.047409494174023],[-81.990776653490755,29.047854836837168],[-81.991360661751855,29.047850132376144],[-81.991360884996709,29.047758751002323],[-81.991364999579034,29.04679540198865],[-81.991365378654407,29.046706876335723]]]},"properties":{"PARCEL":"45149-000-00"}},{"type":"Feature","geometry":{"type":"Polygon","coordinates":[[[-81.988817394010979,29.051133705220344],[-81.989135529108481,29.051139743242654],[-81.989135173834981,29.051070989305554],[-81.989134816508212,29.051002235367584],[-81.98913446226257,29.05093348052689],[-81.989134104939183,29.050864703128173],[-81.988815046507924,29.050858802172392],[-81.988815624508561,29.050926499558454],[-81.98851270726793,29.050917591018582],[-81.988512895614889,29.050987822882913],[-81.988513082037528,29.051056888997643],[-81.988513272348797,29.051127932012438],[-81.988817394010979,29.051133705220344]]]},"properties":{"PARCEL":"3934-003-095"}},{"type":"Feature","geometry":{"type":"Polygon","coordinates":[[[-81.98880743713795,29.04996860435395],[-81.988510138430655,29.049960124859879],[-81.988510325810211,29.050029791003052],[-81.98851050336232,29.050095479883876],[-81.988510688753152,29.050164564053375],[-81.988809199522578,29.050174863550691],[-81.988808589077593,29.05010340183215],[-81.988808027298504,29.050037713822007],[-81.98880743713795,29.04996860435395]]]},"properties":{"PARCEL":"3934-003-027"}},{"type":"Feature","geometry":{"type":"Polygon","coordinates":[[[-81.986410196415562,29.043191295047677],[-81.986409717574006,29.043382147769112],[-81.986410929494966,29.043395317618721],[-81.986414599559836,29.043408130412764],[-81.986420628218411,29.043420235152794],[-81.986428848150737,29.043431298879042],[-81.986439033506713,29.04344101749885],[-81.986450907092191,29.043449124810255],[-81.986464139341493,29.043455397915579],[-81.986478369878668,29.043459665344386],[-81.986534913444416,29.043474538849036],[-81.986589706832774,29.043493816199813],[-81.986642308556469,29.043517342162183],[-81.986700254606205,29.043541360377596],[-81.986761144251219,29.04355887790712],[-81.986761898531256,29.043191973501592],[-81.986410196415562,29.043191295047677]]]},"properties":{"PARCEL":"4508-312-001"}},{"type":"Feature","geometry":{"type":"Polygon","coordinates":[[[-81.987579911231691,29.051507662830161],[-81.987229533748305,29.051494776054106],[-81.987229452068377,29.051574340193092],[-81.987229381075863,29.051642165640914],[-81.987229309956902,29.051711016982861],[-81.987229240073731,29.051778171131463],[-81.987580678508849,29.051788740043182],[-81.987580490582474,29.051720258613521],[-81.987580303728109,29.051651401833887],[-81.987580112887855,29.051581532692538],[-81.987579911231691,29.051507662830161]]]},"properties":{"PARCEL":"3934-001-015"}},{"type":"Feature","geometry":{"type":"Polygon","coordinates":[[[-81.979876001475944,29.047434450649884],[-81.979641269944452,29.047433645623304],[-81.979639923949108,29.047736162767414],[-81.979874654111754,29.047736967796371],[-81.979876001475944,29.047434450649884]]]},"properties":{"PARCEL":"4505-001-013"}},{"type":"Feature","geometry":{"type":"Polygon","coordinates":[[[-81.982603033217387,29.052201217896531],[-81.984244846474994,29.053944013107483],[-81.984663267469472,29.052924150918212],[-81.983621819085215,29.052031710667745],[-81.983611382205311,29.052024464971172],[-81.983599746731585,29.052018803534839],[-81.98358721864399,29.052014876174621],[-81.983574132681511,29.052012787595963],[-81.98356083385957,29.052012591977899],[-81.983547674389115,29.052014295679456],[-81.983535004435737,29.052017852727246],[-81.983523159796533,29.052023170227557],[-81.983444445347999,29.052065209599803],[-81.98336241080824,29.052102026105455],[-81.983277507010271,29.052133418585694],[-81.98319019607986,29.052159215659422],[-81.983100955542724,29.052179275723844],[-81.983010272162375,29.052193490562857],[-81.982918640913653,29.052201780835759],[-81.982826563954532,29.052204101490741],[-81.982603033217387,29.052201217896531]]]},"properties":{"PARCEL":"39393-000-35"}},{"type":"Feature","geometry":{"type":"Polygon","coordinates":[[[-81.991796484708885,29.044691566775956],[-81.991373984583817,29.044691540304854],[-81.991372985583837,29.044925304651542],[-81.991795489741648,29.044925331126183],[-81.991796484708885,29.044691566775956]]]},"properties":{"PARCEL":"45146-001-12"}},{"type":"Feature","geometry":{"type":"Polygon","coordinates":[[[-81.992410368991173,29.045023392217743],[-81.991982851629857,29.045023558662308],[-81.99198185711505,29.045256861033479],[-81.992408767554295,29.045257006747864],[-81.992410368991173,29.045023392217743]]]},"properties":{"PARCEL":"45146-002-15"}},{"type":"Feature","geometry":{"type":"Polygon","coordinates":[[[-81.984759176216528,29.043602715118993],[-81.984757587886406,29.04393743495217],[-81.985029864941268,29.043938439140518],[-81.9850314575543,29.043603527118083],[-81.984759176216528,29.043602715118993]]]},"properties":{"PARCEL":"4508-310-011"}},{"type":"Feature","geometry":{"type":"Polygon","coordinates":[[[-81.981898369678632,29.043523273080517],[-81.981897930154773,29.043729535874991],[-81.982226539814079,29.043730078726288],[-81.982226804397612,29.043606151961868],[-81.98222697868438,29.043523815930488],[-81.981898369678632,29.043523273080517]]]},"properties":{"PARCEL":"4505-019-004"}},{"type":"Feature","geometry":{"type":"Polygon","coordinates":[[[-81.972564613596035,29.042285186360488],[-81.974796132756978,29.043015636759986],[-81.97506863289972,29.043098945812527],[-81.975077902162766,29.043100711496709],[-81.975087379174326,29.043101059731718],[-81.975096784654511,29.0430999814429],[-81.975105842394242,29.043097507256686],[-81.975114285415444,29.043093709306369],[-81.975121867265841,29.043088700331829],[-81.975128363047247,29.043082627363685],[-81.975133583791248,29.04307566811698],[-81.975137375433107,29.043068028283898],[-81.975139627028156,29.043059931610308],[-81.975140270753059,29.043051615384204],[-81.97514142908912,29.042699755776862],[-81.975141822429819,29.042665112680115],[-81.97514877462352,29.042631009460155],[-81.975162091376504,29.04259840069577],[-81.975181401803326,29.042568195818216],[-81.975206165620165,29.0425412374579],[-81.975234634924661,29.04251897525889],[-81.975266811861815,29.042501032064862],[-81.97530185642907,29.042487874199217],[-81.975338854727624,29.042479846164213],[-81.975376840527332,29.042477157110831],[-81.97537774776184,29.042202144002264],[-81.974798824807607,29.042200656130355],[-81.974802665396439,29.041049002945726],[-81.974803731244648,29.040718982994484],[-81.974805172897646,29.040278960281324],[-81.973819456353212,29.040279742621273],[-81.973817432164736,29.042099800639992],[-81.972789370156065,29.04208859565416],[-81.972564040967441,29.042086074850992],[-81.972564613596035,29.042285186360488]]]},"properties":{"PARCEL":"45100-010-04"}},{"type":"Feature","geometry":{"type":"Polygon","coordinates":[[[-81.988820851956305,29.051538210361759],[-81.988514358106087,29.051532387333413],[-81.988514553338547,29.051605368445738],[-81.988514735810654,29.051673036918668],[-81.988514922192437,29.051742492812245],[-81.988515102611771,29.051810156772206],[-81.98851531855297,29.051890867734524],[-81.988515538441206,29.051973029565865],[-81.988824585796038,29.051974606664139],[-81.988823932711512,29.051898420611938],[-81.988823242125974,29.051817672617091],[-81.988822680337051,29.051751907027541],[-81.988822086089755,29.05168242854343],[-81.988821490819561,29.051612920283237],[-81.988820851956305,29.051538210361759]]]},"properties":{"PARCEL":"3934-003-001"}},{"type":"Feature","geometry":{"type":"Polygon","coordinates":[[[-81.97980211406886,29.043248158555006],[-81.979474916737132,29.043247614499425],[-81.979474259717293,29.043511630606815],[-81.979801546184603,29.043512174677659],[-81.979801945579709,29.043327748938818],[-81.97980211406886,29.043248158555006]]]},"properties":{"PARCEL":"4505-016-002"}},{"type":"Feature","geometry":{"type":"Polygon","coordinates":[[[-81.980286783150959,29.045950759786535],[-81.980615400869439,29.045951281319319],[-81.980615889118354,29.045712292802019],[-81.980356312467578,29.045632975089696],[-81.98034847020557,29.04563083462947],[-81.980340337144767,29.045629832807322],[-81.980332126853369,29.045629996722976],[-81.980324054959056,29.045631321896632],[-81.980316330934471,29.045633774072186],[-81.980309158097455,29.045637287412898],[-81.980302723341907,29.045641771717989],[-81.980297196111351,29.045647109715595],[-81.980292721210816,29.045653160670916],[-81.980289414698561,29.045659765799343],[-81.980287363884955,29.045666753679988],[-81.980286783150959,29.045950759786535]]]},"properties":{"PARCEL":"4505-003-007"}},{"type":"Feature","geometry":{"type":"Polygon","coordinates":[[[-81.989429072634366,29.047817715964008],[-81.989714438902013,29.047825034883228],[-81.989430066381686,29.047739208423664],[-81.989429072634366,29.047817715964008]]]},"properties":{"PARCEL":"45150-000-00"}},{"type":"Feature","geometry":{"type":"Polygon","coordinates":[[[-81.991938923215585,29.047365337529939],[-81.991795919652432,29.047758778282713],[-81.992063669383597,29.047758794372278],[-81.992141912842143,29.047758798973295],[-81.992143914511587,29.047387529592751],[-81.992051994179135,29.047387524184224],[-81.992013203416676,29.047385018048256],[-81.991975242703745,29.047377569245679],[-81.991938923215585,29.047365337529939]]]},"properties":{"PARCEL":"45146-001-03"}},{"type":"Feature","geometry":{"type":"Polygon","coordinates":[[[-81.987232812527196,29.048358928112346],[-81.987232880017814,29.048294481679495],[-81.987232937005501,29.048240280664434],[-81.987232984685747,29.048194955402465],[-81.984959356711599,29.048195544693851],[-81.985192547987126,29.048949533283523],[-81.987232183809681,29.048961802599795],[-81.98723223844641,29.048910023316267],[-81.987232303864786,29.048845734787971],[-81.987232381912008,29.048770613455677],[-81.987232451620031,29.048704842476145],[-81.98723252394862,29.048634466245861],[-81.987232601812849,29.048560828263771],[-81.9872326764295,29.048488546411356],[-81.987232743953328,29.048423832001781],[-81.987232812527196,29.048358928112346]]]},"properties":{"PARCEL":"39393-000-28"}},{"type":"Feature","geometry":{"type":"Polygon","coordinates":[[[-81.979283976535868,29.046519744532905],[-81.97894068003842,29.046518428845399],[-81.978940780384036,29.046605768938619],[-81.978940916278418,29.046725364745146],[-81.979283488670006,29.046726006315275],[-81.979283976535868,29.046519744532905]]]},"properties":{"PARCEL":"4505-001-007"}},{"type":"Feature","geometry":{"type":"Polygon","coordinates":[[[-81.978939977992994,29.045900167351363],[-81.978940067125748,29.045976987734235],[-81.978940211271151,29.046106509567565],[-81.979284966636385,29.046107220049066],[-81.97928545449507,29.045900960954519],[-81.978939977992994,29.045900167351363]]]},"properties":{"PARCEL":"4505-001-004"}},{"type":"Feature","geometry":{"type":"Polygon","coordinates":[[[-81.980612642402491,29.047299462925835],[-81.980879096990265,29.047300375439733],[-81.980889687674605,29.047299613615998],[-81.980899975739433,29.047297275460409],[-81.980909658262235,29.047293428601201],[-81.980918451821509,29.047288186685808],[-81.980926098658941,29.047281703065948],[-81.980932374894394,29.047274168091587],[-81.980937095661204,29.047265802796044],[-81.98094012229484,29.047256852580635],[-81.980941367468631,29.047247579095121],[-81.980941740563438,29.047066826644368],[-81.980613121361614,29.047066304104277],[-81.980612642402491,29.047299462925835]]]},"properties":{"PARCEL":"4505-003-014"}},{"type":"Feature","geometry":{"type":"Polygon","coordinates":[[[-81.989410684178011,29.049267642061782],[-81.989407197714257,29.049542641248966],[-81.989403708151428,29.049817638619938],[-81.989716694410447,29.049817144139233],[-81.990029683747238,29.049816648929273],[-81.990033171649941,29.049541649736994],[-81.990036659533928,29.049266650533355],[-81.989723668776847,29.049267146662089],[-81.989410684178011,29.049267642061782]]]},"properties":{"PARCEL":"3933-002-008"}},{"type":"Feature","geometry":{"type":"Polygon","coordinates":[[[-81.984031321582606,29.043195331754848],[-81.98440636734793,29.043196040805405],[-81.984406210503181,29.042948521009656],[-81.984031044473866,29.042947813749144],[-81.984031321582606,29.043195331754848]]]},"properties":{"PARCEL":"4508-308-009"}},{"type":"Feature","geometry":{"type":"Polygon","coordinates":[[[-81.982227271292302,29.043386139270993],[-81.982227416525944,29.043317553128222],[-81.981898808173099,29.043317013888704],[-81.981898369678632,29.043523273080517],[-81.98222697868438,29.043523815930488],[-81.982227271292302,29.043386139270993]]]},"properties":{"PARCEL":"4505-019-005"}},{"type":"Feature","geometry":{"type":"Polygon","coordinates":[[[-81.986648399160288,29.045800112756098],[-81.986755170660786,29.04583268040474],[-81.986755999013937,29.045569492660444],[-81.986756353404999,29.045455778869986],[-81.986487584607943,29.045371187425797],[-81.986473317109628,29.045396368708829],[-81.986454480689957,29.045419112463073],[-81.986431599095155,29.045438784434577],[-81.986405311062938,29.045454836097893],[-81.986376349784251,29.045466820895314],[-81.986345523393155,29.045474402355747],[-81.986313690320841,29.045477371235751],[-81.986281739786634,29.045475643713143],[-81.986250580566278,29.045468778664464],[-81.986169432949353,29.045653998205179],[-81.986648399160288,29.045800112756098]]]},"properties":{"PARCEL":"4508-309-036"}},{"type":"Feature","geometry":{"type":"Polygon","coordinates":[[[-81.982740759503869,29.044868745938516],[-81.983085022005312,29.044869626154785],[-81.98308553832878,29.044713164014553],[-81.983085894771278,29.04460523295305],[-81.982741632057923,29.044604729893571],[-81.982740759503869,29.044868745938516]]]},"properties":{"PARCEL":"4505-020-003"}},{"type":"Feature","geometry":{"type":"Polygon","coordinates":[[[-81.988805101827666,29.04969537769993],[-81.98850941661027,29.049690988384882],[-81.988509597057032,29.049758344687223],[-81.988509773566449,29.049824168913009],[-81.98850995895836,29.04989323503963],[-81.988510138430655,29.049960124859879],[-81.98880743713795,29.04996860435395],[-81.988806862192263,29.049901240802946],[-81.988806286220296,29.049833879055736],[-81.988805692990653,29.049764684770746],[-81.988805101827666,29.04969537769993]]]},"properties":{"PARCEL":"3934-003-030"}},{"type":"Feature","geometry":{"type":"Polygon","coordinates":[[[-81.987228662217404,29.052326204611049],[-81.984228284161986,29.052322670898814],[-81.985580264131798,29.053475785912052],[-81.987227462639666,29.053469745898482],[-81.987227541735123,29.053394519051089],[-81.987227545222481,29.053391217601757],[-81.987227917720489,29.053034887537294],[-81.987228294839781,29.05267436184285],[-81.987228371476462,29.05260241117243],[-81.987228439103944,29.052536907305768],[-81.987228513390662,29.052467359410823],[-81.987228583206686,29.052400759270288],[-81.987228648461368,29.052337843146443],[-81.987228662217404,29.052326204611049]]]},"properties":{"PARCEL":"39393-000-23"}},{"type":"Feature","geometry":{"type":"Polygon","coordinates":[[[-81.97670228859532,29.047598185506239],[-81.977966703395651,29.047600874771266],[-81.977967421518827,29.047164148390312],[-81.97687796587357,29.047154064486211],[-81.97670228859532,29.047598185506239]]]},"properties":{"PARCEL":"45110-003-00"}},{"type":"Feature","geometry":{"type":"Polygon","coordinates":[[[-81.986762424089108,29.04293571335548],[-81.986410835770116,29.04293516394112],[-81.986410196415562,29.043191295047677],[-81.986761898531256,29.043191973501592],[-81.986762424089108,29.04293571335548]]]},"properties":{"PARCEL":"4508-312-002"}},{"type":"Feature","geometry":{"type":"Polygon","coordinates":[[[-81.98040175158792,29.048939981566249],[-81.980423897321216,29.048923038125789],[-81.980448816916308,29.048909389319018],[-81.980475881890897,29.048899378822743],[-81.98050440833191,29.04889326007779],[-81.980533677433939,29.048891185464736],[-81.980562950900563,29.048893209915526],[-81.98059149045568,29.048899280088776],[-81.980618577350924,29.048909244297754],[-81.980643526741517,29.048922849805489],[-81.980665711300517,29.048939755460033],[-81.980676408015455,29.048949486312207],[-81.980688685313766,29.048957651028346],[-81.980702249558831,29.048964052868222],[-81.980716774246702,29.048968540201109],[-81.980731914382517,29.048971003801018],[-81.980747304424838,29.048971386771527],[-81.980762577796781,29.048969678232655],[-81.980889012064637,29.048970845793047],[-81.980892272687029,29.048138192817497],[-81.980575939370922,29.048136123615922],[-81.980578846675897,29.04773938493323],[-81.980344115475418,29.047738577525855],[-81.980109382224526,29.047737773317007],[-81.979874654111754,29.047736967796371],[-81.979639923949108,29.047736162767414],[-81.979296325613205,29.047734995014206],[-81.97894206072219,29.047733781400154],[-81.98040175158792,29.048939981566249]]]},"properties":{"PARCEL":"39393-000-06"}},{"type":"Feature","geometry":{"type":"Polygon","coordinates":[[[-81.987647084433817,29.044038849775824],[-81.987312217529706,29.044038813145086],[-81.987312180520192,29.044341331551319],[-81.98764704532033,29.04434137179128],[-81.987647084433817,29.044038849775824]]]},"properties":{"PARCEL":"4511-020-000"}},{"type":"Feature","geometry":{"type":"Polygon","coordinates":[[[-81.984934369733679,29.046063235627429],[-81.985413338146301,29.046209351867635],[-81.98589230585489,29.046355472712687],[-81.98637127902154,29.046501589140313],[-81.986380983497241,29.046477025473436],[-81.986648399160288,29.045800112756098],[-81.986169432949353,29.045653998205179],[-81.98605652805945,29.045939786465912],[-81.985578672986421,29.04579400738038],[-81.985100818230762,29.045648226591751],[-81.984619638154982,29.045501429553116],[-81.984744183646526,29.04521930436767],[-81.984297375315705,29.045082632779323],[-81.984253720258039,29.045069314481495],[-81.983976444149008,29.045770988090013],[-81.984455410887279,29.045917108654407],[-81.984934369733679,29.046063235627429]]]},"properties":{"PARCEL":"4507-001-003"}},{"type":"Feature","geometry":{"type":"Polygon","coordinates":[[[-81.980614505389397,29.046391301104158],[-81.980285882168118,29.046390785883936],[-81.980285429619869,29.046610798470368],[-81.980614050457632,29.046611315496154],[-81.980614383986222,29.04644751421192],[-81.980614505389397,29.046391301104158]]]},"properties":{"PARCEL":"4505-003-004"}},{"type":"Feature","geometry":{"type":"Polygon","coordinates":[[[-81.988350466278689,29.049199226225138],[-81.988041597166969,29.049193003102143],[-81.988041955813841,29.049261781423141],[-81.988042314461381,29.049330557938891],[-81.988042673109064,29.049399337160775],[-81.988351064332079,29.04940555211925],[-81.988350864638562,29.049336775618855],[-81.988350664944988,29.049268001824569],[-81.988350466278689,29.049199226225138]]]},"properties":{"PARCEL":"3934-002-177"}},{"type":"Feature","geometry":{"type":"Polygon","coordinates":[[[-81.990019220953727,29.050641644633401],[-81.989706230153189,29.050642140720683],[-81.989674931894427,29.050642190650265],[-81.989671444030364,29.050917190690249],[-81.989702741345297,29.050917140761428],[-81.990015732975991,29.050916644682513],[-81.990019220953727,29.050641644633401]]]},"properties":{"PARCEL":"3933-002-004"}},{"type":"Feature","geometry":{"type":"Polygon","coordinates":[[[-81.989285402512408,29.052526349130055],[-81.989285393122685,29.052617205324101],[-81.989331494864985,29.052631031053565],[-81.989379176457518,29.05263979148069],[-81.989427721154868,29.052643356618745],[-81.989476396800569,29.052641670467978],[-81.989524471229501,29.052634759137224],[-81.989534043882855,29.051879887213172],[-81.989285469280844,29.051880278147895],[-81.989285466065184,29.051911394250048],[-81.989285402512408,29.052526349130055]]]},"properties":{"PARCEL":"3933-001-000"}},{"type":"Feature","geometry":{"type":"Polygon","coordinates":[[[-81.989303791810713,29.045496570754477],[-81.989303398932279,29.045771587483188],[-81.989303006051529,29.046046604200615],[-81.989302497870185,29.046404124743656],[-81.989302098485652,29.046682414014573],[-81.989302059707725,29.046709940856815],[-81.990493225451942,29.046707764827087],[-81.990493258983733,29.046341991981969],[-81.989364691365566,29.046344055687818],[-81.989367639822817,29.04461651507869],[-81.989305049005722,29.044616520034179],[-81.988964572949811,29.044616548431506],[-81.988964589692529,29.044671493866392],[-81.989304969405126,29.044671521402918],[-81.989304575506893,29.044946538165362],[-81.989304184686702,29.045221554916779],[-81.989303791810713,29.045496570754477]]]},"properties":{"PARCEL":"45151-000-00"}},{"type":"Feature","geometry":{"type":"Polygon","coordinates":[[[-81.988808107435688,29.044671480917593],[-81.988808137114077,29.044396465017517],[-81.988473255704065,29.044396444814488],[-81.988473225137497,29.044671461616542],[-81.988808107435688,29.044671480917593]]]},"properties":{"PARCEL":"4511-081-000"}},{"type":"Feature","geometry":{"type":"Polygon","coordinates":[[[-81.989125213625115,29.049149831679294],[-81.989124868376663,29.049083522908258],[-81.988799822846488,29.049077622333073],[-81.988800388659726,29.049143893227498],[-81.988800987940323,29.049214042134277],[-81.988801590245075,29.049284719778168],[-81.988802167212114,29.04935232063584],[-81.98880278373916,29.049424432908591],[-81.988803317102366,29.049486953910883],[-81.989126998118806,29.049493881164487],[-81.989126669988138,29.049430778207928],[-81.989126286500934,29.049357005755763],[-81.989125954381763,29.049292777651317],[-81.989125586994405,29.049222155969474],[-81.989125213625115,29.049149831679294]]]},"properties":{"PARCEL":"3934-003-069"}},{"type":"Feature","geometry":{"type":"Polygon","coordinates":[[[-81.979296325613205,29.047734995014206],[-81.979639923949108,29.047736162767414],[-81.979641269944452,29.047433645623304],[-81.979516086026166,29.047433211537388],[-81.979487996819998,29.047431634571222],[-81.979460324057428,29.047427113514299],[-81.97943346613134,29.04741971429457],[-81.979296325613205,29.047734995014206]]]},"properties":{"PARCEL":"4505-001-012"}},{"type":"Feature","geometry":{"type":"Polygon","coordinates":[[[-81.988473286270207,29.044121428001183],[-81.98813841396354,29.044121401550502],[-81.988138379428705,29.044396421070054],[-81.988138344893741,29.044671437871493],[-81.988473225137497,29.044671461616542],[-81.988473255704065,29.044396444814488],[-81.988473286270207,29.044121428001183]]]},"properties":{"PARCEL":"4511-083-000"}},{"type":"Feature","geometry":{"type":"Polygon","coordinates":[[[-81.985028307290591,29.044265805355948],[-81.985236462658818,29.044266718952297],[-81.985249988625341,29.044265585366254],[-81.985263113397338,29.044262497389422],[-81.985275474507915,29.044257539796863],[-81.985286728991625,29.04425085060052],[-81.98529656673368,29.044242614734785],[-81.985304713550789,29.044233060447574],[-81.985310946594154,29.044222451181536],[-81.98531509229646,29.044211080159936],[-81.985317035614045,29.044199263169592],[-81.985317203817559,29.04393950217046],[-81.985029864941268,29.043938439140518],[-81.985028307290591,29.044265805355948]]]},"properties":{"PARCEL":"4508-310-001"}},{"type":"Feature","geometry":{"type":"Polygon","coordinates":[[[-81.988493067300908,29.047794339379507],[-81.988417315091525,29.047792397471021],[-81.988420833470926,29.048045366260549],[-81.988502362772977,29.04804713632576],[-81.988574577816749,29.048048703438017],[-81.9886550577165,29.048050451666448],[-81.98872793608902,29.048052033188807],[-81.988808686047037,29.048053786761514],[-81.98880379165162,29.047802308438595],[-81.988726973597068,29.047800338645185],[-81.988652126002563,29.047798419502143],[-81.988573690720955,29.04779640797938],[-81.988493067300908,29.047794339379507]]]},"properties":{"PARCEL":"3934-001-081"}},{"type":"Feature","geometry":{"type":"Polygon","coordinates":[[[-81.992071786382823,29.044132266095396],[-81.992057347718131,29.044133158502706],[-81.992043297010667,29.044136211899673],[-81.992030050113016,29.044141335180541],[-81.99201799721294,29.044148377687453],[-81.992007495646064,29.044157131014547],[-81.991998856547056,29.044167335323163],[-81.991992334581127,29.044178690168501],[-81.991988123836521,29.044190859010847],[-81.991986347555581,29.044203481846779],[-81.991984840645372,29.044556957504703],[-81.992386930867227,29.044556209446561],[-81.992390219812265,29.044134328186463],[-81.992071786382823,29.044132266095396]]]},"properties":{"PARCEL":"45146-002-12"}},{"type":"Feature","geometry":{"type":"Polygon","coordinates":[[[-81.981414101816313,29.043137495268486],[-81.981413896667888,29.043233749921331],[-81.981413632171382,29.043357507061494],[-81.98174224064887,29.043358050194989],[-81.981742709596844,29.043138037498252],[-81.981414101816313,29.043137495268486]]]},"properties":{"PARCEL":"4505-018-021"}},{"type":"Feature","geometry":{"type":"Polygon","coordinates":[[[-81.983080820598431,29.049386939574038],[-81.983085522821483,29.050775851415757],[-81.984229136063163,29.050779370543538],[-81.984236836102781,29.049437156922188],[-81.983080820598431,29.049386939574038]]]},"properties":{"PARCEL":"39393-000-11"}},{"type":"Feature","geometry":{"type":"Polygon","coordinates":[[[-81.987647005179397,29.044643894695298],[-81.987312143510223,29.044643849041606],[-81.987312106499573,29.044946367420561],[-81.987646966064673,29.044946417585777],[-81.987647005179397,29.044643894695298]]]},"properties":{"PARCEL":"4511-016-000"}},{"type":"Feature","geometry":{"type":"Polygon","coordinates":[[[-81.984213032767371,29.043935419505683],[-81.983941055548655,29.04393441369719],[-81.983939199891793,29.04426102284808],[-81.984211477758492,29.044262219077599],[-81.984213032767371,29.043935419505683]]]},"properties":{"PARCEL":"4508-310-005"}},{"type":"Feature","geometry":{"type":"Polygon","coordinates":[[[-81.979784598360553,29.046650964928109],[-81.979784206812965,29.046842296649405],[-81.979784176177887,29.046857230327628],[-81.980128445317121,29.046857773453642],[-81.98012886578752,29.046651511661704],[-81.979784598360553,29.046650964928109]]]},"properties":{"PARCEL":"4505-002-014"}},{"type":"Feature","geometry":{"type":"Polygon","coordinates":[[[-81.99049219694308,29.050365904475587],[-81.990179186440017,29.05036640166399],[-81.990175703003516,29.050641400826645],[-81.990488713309972,29.050640903646478],[-81.99049219694308,29.050365904475587]]]},"properties":{"PARCEL":"3933-001-008"}},{"type":"Feature","geometry":{"type":"Polygon","coordinates":[[[-81.984757587886406,29.04393743495217],[-81.984485309810722,29.043936427504864],[-81.984483756658236,29.044263416559808],[-81.98475603145782,29.04426461078268],[-81.984757587886406,29.04393743495217]]]},"properties":{"PARCEL":"4508-310-003"}},{"type":"Feature","geometry":{"type":"Polygon","coordinates":[[[-81.977792469095917,29.044748659455578],[-81.978939185822938,29.045199890965975],[-81.9789378360976,29.044494650960605],[-81.977985095589304,29.044206033735307],[-81.977792469095917,29.044748659455578]]]},"properties":{"PARCEL":"45108-000-10"}},{"type":"Feature","geometry":{"type":"Polygon","coordinates":[[[-81.981229124459404,29.044416187141611],[-81.981051177664725,29.044865796897046],[-81.981023513463427,29.044935696470272],[-81.981245175729015,29.045003451170096],[-81.981450786776264,29.044483940604728],[-81.981229124459404,29.044416187141611]]]},"properties":{"PARCEL":"4505-007-008"}},{"type":"Feature","geometry":{"type":"Polygon","coordinates":[[[-81.975798700890479,29.048880190055339],[-81.975725146244969,29.048857694605722],[-81.975669013583257,29.048844944217919],[-81.975611602234196,29.04883783825392],[-81.975553644295502,29.048836467073674],[-81.975495881123095,29.048840847955088],[-81.975439047929555,29.048850924189072],[-81.97521612918365,29.048917824476277],[-81.97513430907901,29.048936444191952],[-81.975051336892676,29.04895059012696],[-81.974967528911463,29.048960207298951],[-81.974883208605732,29.048965260577855],[-81.975850481905965,29.048963409675807],[-81.975852101807021,29.048952050230223],[-81.975851690659724,29.048940608311653],[-81.975849257641499,29.048929361824801],[-81.975844863272187,29.048918584172011],[-81.975838613254041,29.048908539740911],[-81.975830659501284,29.048899472174853],[-81.975821198086749,29.048891602568048],[-81.975810457948512,29.048885122245348],[-81.975798700890479,29.048880190055339]]]},"properties":{"PARCEL":"3940-000-002"}},{"type":"Feature","geometry":{"type":"Polygon","coordinates":[[[-81.988473453469624,29.042746340157638],[-81.988138587656763,29.042746311001956],[-81.98813855312423,29.043021330577876],[-81.988138517564778,29.043296347435586],[-81.988473387207108,29.043296376592107],[-81.988473420852003,29.043021357929426],[-81.988473453469624,29.042746340157638]]]},"properties":{"PARCEL":"4511-091-000"}},{"type":"Feature","geometry":{"type":"Polygon","coordinates":[[[-81.984228284161986,29.052322670898814],[-81.987228662217404,29.052326204611049],[-81.987228722750302,29.052268274496981],[-81.987228789329166,29.052202942962822],[-81.987228863796517,29.052131924344561],[-81.987228934488058,29.052066548597661],[-81.987229008970033,29.051995409072155],[-81.987229082113629,29.051926797740371],[-81.987229157593561,29.051855891002266],[-81.987229240073731,29.051778171131463],[-81.987229309956902,29.051711016982861],[-81.987229381075863,29.051642165640914],[-81.987229452068377,29.051574340193092],[-81.987229533748305,29.051494776054106],[-81.987229596486685,29.051435604392708],[-81.987229672090706,29.051363683484244],[-81.987229743209312,29.051294830334161],[-81.987229817379472,29.051226211777042],[-81.985235159860139,29.051231674510746],[-81.984850587883429,29.050864101433117],[-81.984823624089529,29.050876751092979],[-81.98479475502009,29.050885575757111],[-81.98476467896559,29.050890363467122],[-81.984734120901066,29.050890998812559],[-81.984703821190024,29.050887465636322],[-81.984674509912281,29.05087984973872],[-81.984654469985983,29.050872654455794],[-81.984633351425913,29.050868470864678],[-81.984611736436037,29.050867413621486],[-81.984590219554946,29.050869512569534],[-81.984569395334248,29.050874709128795],[-81.984500027267572,29.050904755260404],[-81.984433765654245,29.050939796750864],[-81.984371073633525,29.050979589140063],[-81.984312392788581,29.051023851874756],[-81.984258132877201,29.051072274623003],[-81.984208674912168,29.051124518176799],[-81.984164368080641,29.051180215353643],[-81.984125520501649,29.051238976409071],[-81.984020373869669,29.051459612543223],[-81.983983478532096,29.051542516152036],[-81.983939809370781,29.051622838412669],[-81.983889597482161,29.051700152566823],[-81.983833110929623,29.05177404810118],[-81.98377064960934,29.051844131649176],[-81.983763322375381,29.051854556633661],[-81.983758068220723,29.051865906707707],[-81.983755034036164,29.051877865188246],[-81.983754304076555,29.051890101850429],[-81.98375589893358,29.051902273829487],[-81.983759773479122,29.051914043666411],[-81.983765819944949,29.05192508472183],[-81.983773869975039,29.051935089296887],[-81.984228284161986,29.052322670898814]]]},"properties":{"PARCEL":"39393-000-24"}},{"type":"Feature","geometry":{"type":"Polygon","coordinates":[[[-81.987733166114822,29.050214636014509],[-81.988046954751994,29.050220997431474],[-81.988047497485567,29.050153774735374],[-81.988046528828875,29.050138960976906],[-81.9880429945092,29.050084965376964],[-81.988045909010353,29.050019765807811],[-81.987732801870919,29.050012608637484],[-81.987732918467884,29.05007727432562],[-81.987733044780029,29.050146617445911],[-81.987733166114822,29.050214636014509]]]},"properties":{"PARCEL":"3934-002-032"}},{"type":"Feature","geometry":{"type":"Polygon","coordinates":[[[-81.985355587622308,29.044406886345172],[-81.985546526938748,29.044748524055258],[-81.985860182722078,29.044748460899587],[-81.985860632387357,29.044651050461617],[-81.985861648095593,29.044431039652618],[-81.985481985612125,29.04429044418459],[-81.985459548451146,29.044326388718762],[-81.985430390504092,29.044358392249507],[-81.985395386722786,29.044385495740691],[-81.985355587622308,29.044406886345172]]]},"properties":{"PARCEL":"4508-309-026"}},{"type":"Feature","geometry":{"type":"Polygon","coordinates":[[[-81.974319278976481,29.045856884692835],[-81.973788076544011,29.045855689401019],[-81.973238288062987,29.045854451312128],[-81.973233382676881,29.0467708494124],[-81.976744086064684,29.046778986775944],[-81.976765234163764,29.04672410186588],[-81.97431467914069,29.046718272516635],[-81.974319278976481,29.045856884692835]]]},"properties":{"PARCEL":"45110-017-00"}},{"type":"Feature","geometry":{"type":"MultiPolygon","coordinates":[[[[-81.990485230685024,29.050915902806103],[-81.990481743933984,29.051190901954072],[-81.990478260244714,29.051465901993172],[-81.990474776536814,29.051740901118634],[-81.990465279052941,29.05248997055584],[-81.990624185461897,29.052441816122865],[-81.990760525582886,29.05244903300234],[-81.990897110730145,29.052449259780705],[-81.991033099929297,29.052453740640352],[-81.991168873192436,29.052461818746767],[-81.991304306283624,29.052473488678817],[-81.991371285933212,29.0524809178787],[-81.991382585570037,29.048329271146677],[-81.990521308472381,29.04806856080323],[-81.990509622015722,29.048990910255615],[-81.990506138476221,29.049265908581059],[-81.990502653891255,29.049540905992782],[-81.99049916723385,29.049815904295301],[-81.990495683638073,29.050090904391212],[-81.99049219694308,29.050365904475587],[-81.990488713309972,29.050640903646478],[-81.990485230685024,29.050915902806103]]],[[[-81.991360661751855,29.047850132376144],[-81.990776653490755,29.047854836837168],[-81.991360219529469,29.048030958821709],[-81.991360661751855,29.047850132376144]]]]},"properties":{"PARCEL":"39385-008-00"}},{"type":"Feature","geometry":{"type":"Polygon","coordinates":[[[-81.979442145497529,29.045810353416318],[-81.979786323863877,29.045810985828098],[-81.979786846897525,29.045556103599885],[-81.979511047959477,29.045512968771533],[-81.979501375780544,29.045511815982476],[-81.979491623216845,29.045512154654276],[-81.979482084959756,29.045513976711312],[-81.979473051603136,29.045517224451967],[-81.979464797320048,29.045521801374026],[-81.979457571649178,29.045527567661846],[-81.979451594359162,29.045534348306404],[-81.979447047233634,29.045541937615074],[-81.979444067909114,29.045550104624702],[-81.979442746792714,29.045558603025935],[-81.979442145497529,29.045810353416318]]]},"properties":{"PARCEL":"4505-002-008"}},{"type":"Feature","geometry":{"type":"Polygon","coordinates":[[[-81.989083650891402,29.04665977349789],[-81.988867692866165,29.046594252741382],[-81.988867668752746,29.047277990029894],[-81.989083628201499,29.047343513487043],[-81.989301098318805,29.047409494174023],[-81.989302034431248,29.046726031264907],[-81.989083650891402,29.04665977349789]]]},"properties":{"PARCEL":"4511-001-000"}},{"type":"Feature","geometry":{"type":"Polygon","coordinates":[[[-81.991376389991103,29.04412776235775],[-81.991377093707314,29.043962751946392],[-81.989305953337606,29.043981808102888],[-81.989305752060574,29.044121488746104],[-81.988964648219067,29.0441214611524],[-81.988964216510198,29.044231935768778],[-81.989305595988881,29.044231030424811],[-81.989805384365766,29.044229703234684],[-81.989807904255201,29.044656385913378],[-81.991374130173924,29.044657073098662],[-81.991374980498492,29.044457779558947],[-81.991376389991103,29.04412776235775]]]},"properties":{"PARCEL":"45151-002-00"}},{"type":"Feature","geometry":{"type":"Polygon","coordinates":[[[-81.976680641632399,29.046943644190204],[-81.97063568895932,29.04692985179263],[-81.970631533146587,29.047706837208739],[-81.970702991262101,29.047707176736257],[-81.97172984911397,29.047709813138948],[-81.971733728219718,29.04698732731082],[-81.976659494470923,29.046998527280717],[-81.976680641632399,29.046943644190204]]]},"properties":{"PARCEL":"45110-013-00"}},{"type":"Feature","geometry":{"type":"Polygon","coordinates":[[[-81.98731196263725,29.046122228036353],[-81.987311878982922,29.04680594551483],[-81.988199378733114,29.047075226119222],[-81.988495211296595,29.047164984714282],[-81.98849528715057,29.046481261855746],[-81.98819945653716,29.046391505056796],[-81.98731196263725,29.046122228036353]]]},"properties":{"PARCEL":"4511-005-000"}},{"type":"Feature","geometry":{"type":"Polygon","coordinates":[[[-81.982241407218439,29.0466581497713],[-81.982241154785939,29.046783117715382],[-81.98256977412818,29.046783632662294],[-81.982570300640745,29.046522367709485],[-81.982241680073145,29.046521850959358],[-81.982241407218439,29.0466581497713]]]},"properties":{"PARCEL":"4505-005-007"}},{"type":"Feature","geometry":{"type":"Polygon","coordinates":[[[-81.975148397997685,29.044841235138389],[-81.973792986093969,29.044838207481057],[-81.973788076544011,29.045855689401019],[-81.974319278976481,29.045856884692835],[-81.974829707253818,29.045858029779797],[-81.974832492437599,29.044895509090114],[-81.977446124186343,29.04490132758681],[-81.977467010736703,29.044846393783363],[-81.975148397997685,29.044841235138389]]]},"properties":{"PARCEL":"45108-000-03"}},{"type":"Feature","geometry":{"type":"Polygon","coordinates":[[[-81.987228648461368,29.052337843146443],[-81.987228583206686,29.052400759270288],[-81.987228513390662,29.052467359410823],[-81.987582552361545,29.052475972416829],[-81.987582358614688,29.052404627150285],[-81.987582185424529,29.05234169476315],[-81.987582012363802,29.052277683246054],[-81.987581829394784,29.052210665323425],[-81.987581637460906,29.052141337557057],[-81.987228863796517,29.052131924344561],[-81.987228789329166,29.052202942962822],[-81.987228722750302,29.052268274496981],[-81.987228662217404,29.052326204611049],[-81.987228648461368,29.052337843146443]]]},"properties":{"PARCEL":"3934-001-005"}},{"type":"Feature","geometry":{"type":"Polygon","coordinates":[[[-81.983085894771278,29.04460523295305],[-81.98308553832878,29.044713164014553],[-81.983539642153374,29.044349981097881],[-81.983515651423971,29.04432375239308],[-81.983496163585073,29.044294784003345],[-81.983481576931453,29.044263669681868],[-81.983472189125166,29.044231044674266],[-81.983086941324032,29.04428884389101],[-81.983086766382471,29.044341594951799],[-81.983085894771278,29.04460523295305]]]},"properties":{"PARCEL":"4508-309-016"}},{"type":"Feature","geometry":{"type":"Polygon","coordinates":[[[-81.978891371327364,29.057495614207745],[-81.978975784105288,29.057457749679799],[-81.979058565599843,29.057417199654704],[-81.979195653965888,29.057398573516846],[-81.979333744172308,29.057386987894859],[-81.979472367966551,29.057382485121337],[-81.979611056075527,29.057385077755384],[-81.979749336149723,29.057394756702696],[-81.979886739951056,29.057411492119112],[-81.980022803353691,29.057435226192158],[-81.980157064289045,29.057465876750037],[-81.980289067879269,29.057503340871154],[-81.980418365410245,29.057547493079529],[-81.980544519466434,29.057598181736207],[-81.980667100848734,29.057655234452362],[-81.980785695762137,29.057718460797009],[-81.980899903763301,29.057787642371547],[-81.98094689185065,29.057751389067164],[-81.980997699257074,29.057719358963457],[-81.981051835063425,29.057691859664839],[-81.981108779606956,29.057669155462644],[-81.981167982427124,29.057651467335067],[-81.981228874589974,29.057638963926276],[-81.981290868686955,29.057631766057824],[-81.981388531671314,29.057595753340518],[-81.981475869911407,29.057542961205666],[-81.981548811277264,29.057475593386897],[-81.981604226276602,29.057396396023091],[-81.981640237151282,29.057308671228729],[-81.981654966019221,29.057216542188673],[-81.981647782806448,29.057123585467235],[-81.981619003079473,29.057034202433027],[-81.981569876052092,29.056951690180203],[-81.981637198929917,29.056860007757201],[-81.981707936821962,29.056776166590552],[-81.98179328411419,29.056688016266399],[-81.98187256349695,29.056616253206688],[-81.98193611769949,29.056562677980036],[-81.982039614535083,29.056489864211397],[-81.980496331716239,29.056483694750497],[-81.978896651605552,29.056477279444234],[-81.978891371327364,29.057495614207745]]]},"properties":{"PARCEL":"39391-000-00"}},{"type":"Feature","geometry":{"type":"Polygon","coordinates":[[[-81.987230171469605,29.050885793344023],[-81.987578238071762,29.050894021421961],[-81.987578047225114,29.050824227162149],[-81.987577863329349,29.050756413411907],[-81.987577685259652,29.050691397639],[-81.987230384335589,29.050683189482541],[-81.987230316649331,29.050749194133989],[-81.98723024809064,29.050813944612305],[-81.987230171469605,29.050885793344023]]]},"properties":{"PARCEL":"3934-001-028"}},{"type":"Feature","geometry":{"type":"Polygon","coordinates":[[[-81.984031044473866,29.042947813749144],[-81.983657833418505,29.042947109287681],[-81.983657440181886,29.043194623603227],[-81.984031321582606,29.043195331754848],[-81.984031044473866,29.042947813749144]]]},"properties":{"PARCEL":"4508-308-002"}},{"type":"Feature","geometry":{"type":"Polygon","coordinates":[[[-81.98764704532033,29.04434137179128],[-81.987312180520192,29.044341331551319],[-81.987312143510223,29.044643849041606],[-81.987647005179397,29.044643894695298],[-81.98764704532033,29.04434137179128]]]},"properties":{"PARCEL":"4511-017-000"}},{"type":"Feature","geometry":{"type":"Polygon","coordinates":[[[-81.981426879837102,29.047054137238788],[-81.981427240216448,29.046876586078884],[-81.981427325858974,29.046834123759076],[-81.981427658103541,29.046670324282264],[-81.981427770851738,29.0466141111743],[-81.981099152055307,29.046613586214892],[-81.98109870431152,29.04683359970026],[-81.981098256565758,29.047053612276127],[-81.981426879837102,29.047054137238788]]]},"properties":{"PARCEL":"4505-004-002"}},{"type":"Feature","geometry":{"type":"Polygon","coordinates":[[[-81.992403962172972,29.04595784758239],[-81.99197887354336,29.04595676358694],[-81.991977879010136,29.046190065925664],[-81.992402359680099,29.046191459372992],[-81.992403962172972,29.04595784758239]]]},"properties":{"PARCEL":"45146-002-19"}},{"type":"Feature","geometry":{"type":"Polygon","coordinates":[[[-81.975372302078554,29.050420175992926],[-81.974785528900256,29.050420061684598],[-81.974770647884583,29.051314681671439],[-81.975020096510633,29.05131665287443],[-81.975372302078554,29.050420175992926]]]},"properties":{"PARCEL":"39399-001-01"}},{"type":"Feature","geometry":{"type":"Polygon","coordinates":[[[-81.981420734361777,29.052561255935437],[-81.981397967456772,29.052580042807083],[-81.981372040479542,29.052595343720959],[-81.98134363636926,29.052606754547732],[-81.98131350479396,29.052613974930313],[-81.981293130600946,29.052614875277815],[-81.981273159468117,29.052618529443205],[-81.981254069928966,29.052624849972165],[-81.981236321018386,29.052633685345754],[-81.981220336869399,29.052644822685309],[-81.981169138288948,29.052707549380425],[-81.981123526237084,29.05277352144698],[-81.981083767775672,29.052842355458381],[-81.981050093004725,29.05291365083902],[-81.981022698142141,29.052986993473613],[-81.981001742442601,29.05306195660917],[-81.980987348196436,29.053138105366052],[-81.980979597648698,29.05321499583523],[-81.980978537105187,29.053292181394866],[-81.980978393966936,29.054072300619087],[-81.982971383882628,29.054944374478108],[-81.983028159281119,29.05490810272234],[-81.983089177822677,29.054877612395948],[-81.983153684689356,29.054853286868237],[-81.983220873735192,29.054835426493408],[-81.9832899080224,29.054824254929144],[-81.98335993009087,29.054819911017812],[-81.983430065037936,29.05482244878678],[-81.983438043306606,29.054826474849985],[-81.983446654327224,29.054829318099337],[-81.983455675276701,29.054830905422438],[-81.983464871004628,29.054831192578483],[-81.983473997112426,29.054830174123627],[-81.983502247078604,29.054828270173935],[-81.983530513925146,29.054829989783912],[-81.983558194877588,29.054835299495235],[-81.983584707711941,29.054844083745092],[-81.98360451220563,29.054850911023884],[-81.983625115962766,29.054855570214237],[-81.983646210927475,29.054857988193358],[-81.983671408122348,29.054861585950341],[-81.983695749424413,29.054868346096171],[-81.983718722441026,29.054878126910982],[-81.983739844569001,29.054890722616758],[-81.983758672235268,29.054905867889868],[-81.983780333661812,29.054923927872636],[-81.983805173862066,29.054938484675354],[-81.983832474079406,29.054949113234962],[-81.983977174015394,29.054596432249618],[-81.98411728417517,29.054254928916311],[-81.984244849555651,29.053944013107852],[-81.98175635875333,29.052859639702259],[-81.981420734361777,29.052561255935437]]]},"properties":{"PARCEL":"39393-000-33"}},{"type":"Feature","geometry":{"type":"Polygon","coordinates":[[[-81.981501858787979,29.050770961560548],[-81.981988114666166,29.050772466803195],[-81.981990460156368,29.049234418501797],[-81.981897103196317,29.049202040173771],[-81.981801116447343,29.049176270643688],[-81.981703106721213,29.049157273301788],[-81.981603691104141,29.049145166427305],[-81.981503494902867,29.04914002769948],[-81.980888219837993,29.049135341708752],[-81.980886467766723,29.050769058182457],[-81.981501858787979,29.050770961560548]]]},"properties":{"PARCEL":"39393-000-09"}},{"type":"Feature","geometry":{"type":"Polygon","coordinates":[[[-81.988808014290626,29.045496530354441],[-81.98847312727429,29.045496513759101],[-81.988473098929362,29.045936283776861],[-81.988807952787425,29.046037873068261],[-81.988808014290626,29.045496530354441]]]},"properties":{"PARCEL":"4511-073-000"}},{"type":"Feature","geometry":{"type":"Polygon","coordinates":[[[-81.978941004376722,29.043571148372447],[-81.979186584778532,29.043646236770396],[-81.979199330751797,29.043648369035786],[-81.97921230299545,29.043648610149294],[-81.979225140084964,29.043646952836706],[-81.979237484692135,29.043643443961539],[-81.979248993853759,29.043638180015261],[-81.979259348212622,29.043631308020906],[-81.979268257152611,29.043623019217968],[-81.979275475228064,29.043613544553306],[-81.979280801138572,29.043603147462903],[-81.979284084917595,29.043592116654448],[-81.979285237174793,29.043580759792889],[-81.979285751868318,29.043373727368049],[-81.978941499455871,29.043373077423311],[-81.978941004376722,29.043571148372447]]]},"properties":{"PARCEL":"4505-015-025"}},{"type":"Feature","geometry":{"type":"Polygon","coordinates":[[[-81.990040148426118,29.048991650416149],[-81.989727158499051,29.048992147455511],[-81.989723668776847,29.049267146662089],[-81.990036659533928,29.049266650533355],[-81.990040148426118,29.048991650416149]]]},"properties":{"PARCEL":"3933-002-010"}},{"type":"Feature","geometry":{"type":"Polygon","coordinates":[[[-81.98804483100885,29.049813374022012],[-81.987732429832917,29.049807037088321],[-81.987732554181306,29.049875615075717],[-81.987732671706326,29.049941113571915],[-81.987732801870919,29.050012608637484],[-81.988045909010353,29.050019765807811],[-81.988042669374636,29.049948163094133],[-81.988042512708233,29.049882020365096],[-81.98804483100885,29.049813374022012]]]},"properties":{"PARCEL":"3934-002-035"}},{"type":"Feature","geometry":{"type":"Polygon","coordinates":[[[-81.986219409703409,29.044390476802675],[-81.98586183854043,29.044389787286793],[-81.985861648095593,29.044431039652618],[-81.985860632387357,29.044651050461617],[-81.986218753781174,29.044651744548798],[-81.986219409703409,29.044390476802675]]]},"properties":{"PARCEL":"4508-309-033"}},{"type":"Feature","geometry":{"type":"Polygon","coordinates":[[[-81.976617198025906,29.047108298863673],[-81.974523404093617,29.047103613190995],[-81.974520126654411,29.047717332643234],[-81.974787650688882,29.047720234347981],[-81.97478764065535,29.047689707416144],[-81.975351002699838,29.047688445944164],[-81.975353827686988,29.047160475728475],[-81.976595398390131,29.047164874511576],[-81.976617198025906,29.047108298863673]]]},"properties":{"PARCEL":"45110-010-00"}}]}